tf,name,monat,quelle,pruefung,xml,csv,diff,status,hinweis
TF07,Burri Heidi,2024-11,RETRO,AHV-Basis (AHV-AVS-BaseSalary),8000.0,8000.0,0.0,OK,
TF07,Burri Heidi,2024-11,RETRO,FAK-Basis (FAK-CAF-ContributorySalary),8000.0,8000.0,0.0,OK,
TF07,Burri Heidi,2024-11,RETRO,FAK Kinderzulagen wiederkehrend (3000),0.0,0.0,0.0,OK,
TF07,Burri Heidi,2024-11,RETRO,FAK Zulagen einmalig (3001+3034),0.0,0.0,0.0,OK,
TF07,Burri Heidi,2024-11,RETRO,UVG-Bruttolohn (UVG-LAA-GrossSalary),8000.0,8000.0,0.0,OK,
TF07,Burri Heidi,2024-11,RETRO,UVG-Basis (UVG-LAA-BaseSalary),8000.0,8000.0,0.0,OK,
TF07,Burri Heidi,2024-11,RETRO,UVGZ-Basis (UVGZ-LAAC-BaseSalary),8000.0,8000.0,0.0,OK,
TF07,Burri Heidi,2024-11,RETRO,KTG-Referenzlohn (Reference-AHV-AVS-Salary),8000.0,8000.0,0.0,OK,
TF07,Burri Heidi,2024-11,RETRO,"Lohnausweis Bruttolohn (GrossIncome, Ziff. 8)",8000.0,8000.0,0.0,OK,
TF07,Burri Heidi,2024-11,RETRO,Lohnausweis BVG ordentlich (Ziff. 10.1 = 5050+1972),640.0,640.0,0.0,OK,
TF14,Egli Anna,2024-11,RETRO,UVG-Bruttolohn (UVG-LAA-GrossSalary),2281.65,2281.65,0.0,OK,
TF14,Egli Anna,2024-11,RETRO,UVG-Basis (UVG-LAA-BaseSalary),2281.65,2281.65,0.0,OK,
TF14,Egli Anna,2024-11,RETRO,UVGZ-Basis (UVGZ-LAAC-BaseSalary),2281.65,2281.65,0.0,OK,
TF14,Egli Anna,2024-11,RETRO,KTG-Referenzlohn (Reference-AHV-AVS-Salary),2281.65,2281.65,0.0,OK,
TF14,Egli Anna,2024-11,RETRO,"Lohnausweis Bruttolohn (GrossIncome, Ziff. 8)",2281.65,2281.65,0.0,OK,
TF14,Egli Anna,2024-11,RETRO,Lohnausweis BVG ordentlich (Ziff. 10.1 = 5050+1972),0.0,0.0,0.0,OK,
TF16,Aebi Anna,2024-11,RETRO,AHV-Basis (AHV-AVS-BaseSalary),12958.35,12958.35,0.0,OK,
TF16,Aebi Anna,2024-11,RETRO,FAK-Basis (FAK-CAF-ContributorySalary),12958.35,12958.35,0.0,OK,
TF16,Aebi Anna,2024-11,RETRO,FAK Kinderzulagen wiederkehrend (3000),0.0,0.0,0.0,OK,
TF16,Aebi Anna,2024-11,RETRO,FAK Zulagen einmalig (3001+3034),0.0,0.0,0.0,OK,
TF16,Aebi Anna,2024-11,RETRO,UVG-Bruttolohn (UVG-LAA-GrossSalary),12958.35,12958.35,0.0,OK,
TF16,Aebi Anna,2024-11,RETRO,UVG-Basis (UVG-LAA-BaseSalary),12958.35,12958.35,0.0,OK,
TF16,Aebi Anna,2024-11,RETRO,UVGZ-Basis (UVGZ-LAAC-BaseSalary),12958.35,12958.35,0.0,OK,
TF16,Aebi Anna,2024-11,RETRO,KTG-Referenzlohn (Reference-AHV-AVS-Salary),12958.35,12958.35,0.0,OK,
TF16,Aebi Anna,2024-11,RETRO,"Lohnausweis Bruttolohn (GrossIncome, Ziff. 8)",12958.35,12958.35,0.0,OK,
TF16,Aebi Anna,2024-11,RETRO,Lohnausweis BVG ordentlich (Ziff. 10.1 = 5050+1972),758.35,758.33,0.02,OK,
TF37,Oberli Christine,2024-11,RETRO,AHV-Basis (AHV-AVS-BaseSalary),5000.0,5000.0,0.0,OK,
TF37,Oberli Christine,2024-11,RETRO,FAK-Basis (FAK-CAF-ContributorySalary),5000.0,5000.0,0.0,OK,
TF37,Oberli Christine,2024-11,RETRO,FAK Kinderzulagen wiederkehrend (3000),250.0,250.0,0.0,OK,
TF37,Oberli Christine,2024-11,RETRO,FAK Zulagen einmalig (3001+3034),0.0,0.0,0.0,OK,
TF37,Oberli Christine,2024-11,RETRO,UVG-Bruttolohn (UVG-LAA-GrossSalary),5250.0,5250.0,0.0,OK,
TF37,Oberli Christine,2024-11,RETRO,UVG-Basis (UVG-LAA-BaseSalary),5000.0,5000.0,0.0,OK,
TF37,Oberli Christine,2024-11,RETRO,UVGZ-Basis (UVGZ-LAAC-BaseSalary),5000.0,5000.0,0.0,OK,
TF37,Oberli Christine,2024-11,RETRO,KTG-Referenzlohn (Reference-AHV-AVS-Salary),5000.0,5000.0,0.0,OK,
TF37,Oberli Christine,2024-11,RETRO,"Lohnausweis Bruttolohn (GrossIncome, Ziff. 8)",5250.0,5250.0,0.0,OK,
TF37,Oberli Christine,2024-11,RETRO,Lohnausweis BVG ordentlich (Ziff. 10.1 = 5050+1972),800.0,800.0,0.0,OK,
TF44,Lusser Hans,2024-11,RETRO,AHV-Basis (AHV-AVS-BaseSalary),5500.0,5500.0,0.0,OK,
TF44,Lusser Hans,2024-11,RETRO,FAK-Basis (FAK-CAF-ContributorySalary),5500.0,5500.0,0.0,OK,
TF44,Lusser Hans,2024-11,RETRO,FAK Kinderzulagen wiederkehrend (3000),0.0,0.0,0.0,OK,
TF44,Lusser Hans,2024-11,RETRO,FAK Zulagen einmalig (3001+3034),0.0,0.0,0.0,OK,
TF44,Lusser Hans,2024-11,RETRO,UVG-Bruttolohn (UVG-LAA-GrossSalary),5500.0,5500.0,0.0,OK,
TF44,Lusser Hans,2024-11,RETRO,UVG-Basis (UVG-LAA-BaseSalary),5500.0,5500.0,0.0,OK,
TF44,Lusser Hans,2024-11,RETRO,UVGZ-Basis (UVGZ-LAAC-BaseSalary),5500.0,5500.0,0.0,OK,
TF44,Lusser Hans,2024-11,RETRO,KTG-Referenzlohn (Reference-AHV-AVS-Salary),5500.0,5500.0,0.0,OK,
TF44,Lusser Hans,2024-11,RETRO,"Lohnausweis Bruttolohn (GrossIncome, Ziff. 8)",5500.0,5500.0,0.0,OK,
TF44,Lusser Hans,2024-11,RETRO,Lohnausweis BVG ordentlich (Ziff. 10.1 = 5050+1972),385.0,385.0,0.0,OK,
TF07,Burri Heidi,2024-11,MONTHLY,Statistik Grundlohn (GrossBaseSalaryAndRegularAllowance),8000.0,8000.0,0.0,OK,
TF07,Burri Heidi,2024-11,MONTHLY,Statistik Zulagen (Allowances),0.0,0.0,0.0,OK,
TF07,Burri Heidi,2024-11,MONTHLY,Statistik Familienzulagen (FamilyIncomeSupplement),0.0,0.0,0.0,OK,
TF07,Burri Heidi,2024-11,MONTHLY,Statistik Leistungen Dritter (PaymentsByThird),0.0,0.0,0.0,OK,
TF07,Burri Heidi,2024-11,MONTHLY,Statistik BVG-Beitrag AN (BVG-LPP-RegularContribution),-640.0,-640.0,0.0,OK,
TF14,Egli Anna,2024-11,MONTHLY,Statistik Grundlohn (GrossBaseSalaryAndRegularAllowance),2106.2,2106.2,0.0,OK,
TF14,Egli Anna,2024-11,MONTHLY,Statistik Zulagen (Allowances),0.0,0.0,0.0,OK,
TF14,Egli Anna,2024-11,MONTHLY,Statistik Familienzulagen (FamilyIncomeSupplement),0.0,0.0,0.0,OK,
TF14,Egli Anna,2024-11,MONTHLY,Statistik Leistungen Dritter (PaymentsByThird),0.0,0.0,0.0,OK,
TF14,Egli Anna,2024-11,MONTHLY,Statistik BVG-Beitrag AN (BVG-LPP-RegularContribution),0.0,-0.0,0.0,OK,
TF14,Egli Anna,2024-11,MONTHLY,QST steuerbarer Lohn LU A0N (TaxableEarning),2281.65,2281.65,0.0,OK,"Satz-Lohn 2281.65, QST 34.00"
TF16,Aebi Anna,2024-11,MONTHLY,Statistik Grundlohn (GrossBaseSalaryAndRegularAllowance),9458.35,0.0,9458.35,DIFF,
TF16,Aebi Anna,2024-11,MONTHLY,Statistik Zulagen (Allowances),0.0,0.0,0.0,OK,
TF16,Aebi Anna,2024-11,MONTHLY,Statistik Familienzulagen (FamilyIncomeSupplement),0.0,0.0,0.0,OK,
TF16,Aebi Anna,2024-11,MONTHLY,Statistik Leistungen Dritter (PaymentsByThird),0.0,0.0,0.0,OK,
TF16,Aebi Anna,2024-11,MONTHLY,Statistik BVG-Beitrag AN (BVG-LPP-RegularContribution),-758.33,-758.33,0.0,OK,
TF37,Oberli Christine,2024-11,MONTHLY,Statistik Grundlohn (GrossBaseSalaryAndRegularAllowance),5000.0,10000.0,-5000.0,DIFF,
TF37,Oberli Christine,2024-11,MONTHLY,Statistik Zulagen (Allowances),0.0,0.0,0.0,OK,
TF37,Oberli Christine,2024-11,MONTHLY,Statistik Familienzulagen (FamilyIncomeSupplement),250.0,250.0,0.0,OK,
TF37,Oberli Christine,2024-11,MONTHLY,Statistik Leistungen Dritter (PaymentsByThird),0.0,0.0,0.0,OK,
TF37,Oberli Christine,2024-11,MONTHLY,Statistik BVG-Beitrag AN (BVG-LPP-RegularContribution),-800.0,-800.0,0.0,OK,
TF37,Oberli Christine,2024-11,MONTHLY,QST steuerbarer Lohn BE H1N (TaxableEarning),5250.0,5250.0,0.0,OK,"Satz-Lohn 10500.00, QST 616.35"
TF44,Lusser Hans,2024-11,MONTHLY,Statistik Grundlohn (GrossBaseSalaryAndRegularAllowance),5500.0,5500.0,0.0,OK,
TF44,Lusser Hans,2024-11,MONTHLY,Statistik Zulagen (Allowances),0.0,0.0,0.0,OK,
TF44,Lusser Hans,2024-11,MONTHLY,Statistik Familienzulagen (FamilyIncomeSupplement),0.0,0.0,0.0,OK,
TF44,Lusser Hans,2024-11,MONTHLY,Statistik Leistungen Dritter (PaymentsByThird),0.0,0.0,0.0,OK,
TF44,Lusser Hans,2024-11,MONTHLY,Statistik BVG-Beitrag AN (BVG-LPP-RegularContribution),-385.0,-385.0,0.0,OK,
TF07,Burri Heidi,2024-12,RETRO,AHV-Basis (AHV-AVS-BaseSalary),16000.0,16000.0,0.0,OK,
TF07,Burri Heidi,2024-12,RETRO,FAK-Basis (FAK-CAF-ContributorySalary),16000.0,16000.0,0.0,OK,
TF07,Burri Heidi,2024-12,RETRO,FAK Kinderzulagen wiederkehrend (3000),0.0,0.0,0.0,OK,
TF07,Burri Heidi,2024-12,RETRO,FAK Zulagen einmalig (3001+3034),0.0,0.0,0.0,OK,
TF07,Burri Heidi,2024-12,RETRO,UVG-Bruttolohn (UVG-LAA-GrossSalary),16000.0,16000.0,0.0,OK,
TF07,Burri Heidi,2024-12,RETRO,UVG-Basis (UVG-LAA-BaseSalary),16000.0,16000.0,0.0,OK,
TF07,Burri Heidi,2024-12,RETRO,UVGZ-Basis (UVGZ-LAAC-BaseSalary),16000.0,16000.0,0.0,OK,
TF07,Burri Heidi,2024-12,RETRO,KTG-Referenzlohn (Reference-AHV-AVS-Salary),16000.0,16000.0,0.0,OK,
TF07,Burri Heidi,2024-12,RETRO,"Lohnausweis Bruttolohn (GrossIncome, Ziff. 8)",16000.0,16000.0,0.0,OK,
TF07,Burri Heidi,2024-12,RETRO,Lohnausweis BVG ordentlich (Ziff. 10.1 = 5050+1972),1280.0,1280.0,0.0,OK,
TF14,Egli Anna,2024-12,RETRO,UVG-Bruttolohn (UVG-LAA-GrossSalary),6236.5,6236.5,0.0,OK,
TF14,Egli Anna,2024-12,RETRO,UVG-Basis (UVG-LAA-BaseSalary),6236.5,6236.5,0.0,OK,
TF14,Egli Anna,2024-12,RETRO,UVGZ-Basis (UVGZ-LAAC-BaseSalary),6236.5,6236.5,0.0,OK,
TF14,Egli Anna,2024-12,RETRO,KTG-Referenzlohn (Reference-AHV-AVS-Salary),6236.5,6236.5,0.0,OK,
TF14,Egli Anna,2024-12,RETRO,"Lohnausweis Bruttolohn (GrossIncome, Ziff. 8)",6236.5,6236.5,0.0,OK,
TF14,Egli Anna,2024-12,RETRO,Lohnausweis BVG ordentlich (Ziff. 10.1 = 5050+1972),0.0,0.0,0.0,OK,
TF16,Aebi Anna,2024-12,RETRO,AHV-Basis (AHV-AVS-BaseSalary),22353.35,22353.35,0.0,OK,
TF16,Aebi Anna,2024-12,RETRO,FAK-Basis (FAK-CAF-ContributorySalary),22353.35,22353.35,0.0,OK,
TF16,Aebi Anna,2024-12,RETRO,FAK Kinderzulagen wiederkehrend (3000),0.0,0.0,0.0,OK,
TF16,Aebi Anna,2024-12,RETRO,FAK Zulagen einmalig (3001+3034),0.0,0.0,0.0,OK,
TF16,Aebi Anna,2024-12,RETRO,UVG-Bruttolohn (UVG-LAA-GrossSalary),22603.35,22603.35,0.0,OK,
TF16,Aebi Anna,2024-12,RETRO,UVG-Basis (UVG-LAA-BaseSalary),22353.35,22353.35,0.0,OK,
TF16,Aebi Anna,2024-12,RETRO,UVGZ-Basis (UVGZ-LAAC-BaseSalary),22353.35,22353.35,0.0,OK,
TF16,Aebi Anna,2024-12,RETRO,KTG-Referenzlohn (Reference-AHV-AVS-Salary),22353.35,22353.35,0.0,OK,
TF16,Aebi Anna,2024-12,RETRO,"Lohnausweis Bruttolohn (GrossIncome, Ziff. 8)",22603.35,22603.35,0.0,OK,
TF16,Aebi Anna,2024-12,RETRO,Lohnausweis BVG ordentlich (Ziff. 10.1 = 5050+1972),1516.65,1516.66,-0.01,OK,
TF37,Oberli Christine,2024-12,RETRO,AHV-Basis (AHV-AVS-BaseSalary),15000.0,15000.0,0.0,OK,
TF37,Oberli Christine,2024-12,RETRO,FAK-Basis (FAK-CAF-ContributorySalary),15000.0,15000.0,0.0,OK,
TF37,Oberli Christine,2024-12,RETRO,FAK Kinderzulagen wiederkehrend (3000),500.0,500.0,0.0,OK,
TF37,Oberli Christine,2024-12,RETRO,FAK Zulagen einmalig (3001+3034),0.0,0.0,0.0,OK,
TF37,Oberli Christine,2024-12,RETRO,UVG-Bruttolohn (UVG-LAA-GrossSalary),15500.0,15500.0,0.0,OK,
TF37,Oberli Christine,2024-12,RETRO,UVG-Basis (UVG-LAA-BaseSalary),15000.0,15000.0,0.0,OK,
TF37,Oberli Christine,2024-12,RETRO,UVGZ-Basis (UVGZ-LAAC-BaseSalary),15000.0,15000.0,0.0,OK,
TF37,Oberli Christine,2024-12,RETRO,KTG-Referenzlohn (Reference-AHV-AVS-Salary),15000.0,15000.0,0.0,OK,
TF37,Oberli Christine,2024-12,RETRO,"Lohnausweis Bruttolohn (GrossIncome, Ziff. 8)",15500.0,15500.0,0.0,OK,
TF37,Oberli Christine,2024-12,RETRO,Lohnausweis BVG ordentlich (Ziff. 10.1 = 5050+1972),1600.0,1600.0,0.0,OK,
TF44,Lusser Hans,2024-12,RETRO,AHV-Basis (AHV-AVS-BaseSalary),41000.0,41000.0,0.0,OK,
TF44,Lusser Hans,2024-12,RETRO,FAK-Basis (FAK-CAF-ContributorySalary),41000.0,41000.0,0.0,OK,
TF44,Lusser Hans,2024-12,RETRO,FAK Kinderzulagen wiederkehrend (3000),0.0,0.0,0.0,OK,
TF44,Lusser Hans,2024-12,RETRO,FAK Zulagen einmalig (3001+3034),0.0,0.0,0.0,OK,
TF44,Lusser Hans,2024-12,RETRO,UVG-Bruttolohn (UVG-LAA-GrossSalary),41000.0,41000.0,0.0,OK,
TF44,Lusser Hans,2024-12,RETRO,UVG-Basis (UVG-LAA-BaseSalary),41000.0,41000.0,0.0,OK,
TF44,Lusser Hans,2024-12,RETRO,UVGZ-Basis (UVGZ-LAAC-BaseSalary),41000.0,41000.0,0.0,OK,
TF44,Lusser Hans,2024-12,RETRO,KTG-Referenzlohn (Reference-AHV-AVS-Salary),41000.0,41000.0,0.0,OK,
TF44,Lusser Hans,2024-12,RETRO,"Lohnausweis Bruttolohn (GrossIncome, Ziff. 8)",41000.0,41000.0,0.0,OK,
TF44,Lusser Hans,2024-12,RETRO,Lohnausweis BVG ordentlich (Ziff. 10.1 = 5050+1972),770.0,770.0,0.0,OK,
TF07,Burri Heidi,2024-12,MONTHLY,Statistik Grundlohn (GrossBaseSalaryAndRegularAllowance),8000.0,8000.0,0.0,OK,
TF07,Burri Heidi,2024-12,MONTHLY,Statistik Zulagen (Allowances),0.0,0.0,0.0,OK,
TF07,Burri Heidi,2024-12,MONTHLY,Statistik Familienzulagen (FamilyIncomeSupplement),0.0,0.0,0.0,OK,
TF07,Burri Heidi,2024-12,MONTHLY,Statistik Leistungen Dritter (PaymentsByThird),0.0,0.0,0.0,OK,
TF07,Burri Heidi,2024-12,MONTHLY,Statistik BVG-Beitrag AN (BVG-LPP-RegularContribution),-640.0,-640.0,0.0,OK,
TF14,Egli Anna,2024-12,MONTHLY,Statistik Grundlohn (GrossBaseSalaryAndRegularAllowance),3650.75,3650.75,0.0,OK,
TF14,Egli Anna,2024-12,MONTHLY,Statistik Zulagen (Allowances),0.0,0.0,0.0,OK,
TF14,Egli Anna,2024-12,MONTHLY,Statistik Familienzulagen (FamilyIncomeSupplement),0.0,0.0,0.0,OK,
TF14,Egli Anna,2024-12,MONTHLY,Statistik Leistungen Dritter (PaymentsByThird),0.0,0.0,0.0,OK,
TF14,Egli Anna,2024-12,MONTHLY,Statistik BVG-Beitrag AN (BVG-LPP-RegularContribution),0.0,-0.0,0.0,OK,
TF16,Aebi Anna,2024-12,MONTHLY,Statistik Grundlohn (GrossBaseSalaryAndRegularAllowance),8895.0,0.0,8895.0,DIFF,
TF16,Aebi Anna,2024-12,MONTHLY,Statistik Zulagen (Allowances),0.0,0.0,0.0,OK,
TF16,Aebi Anna,2024-12,MONTHLY,Statistik Familienzulagen (FamilyIncomeSupplement),0.0,0.0,0.0,OK,
TF16,Aebi Anna,2024-12,MONTHLY,Statistik Leistungen Dritter (PaymentsByThird),0.0,0.0,0.0,OK,
TF16,Aebi Anna,2024-12,MONTHLY,Statistik BVG-Beitrag AN (BVG-LPP-RegularContribution),-758.33,-758.33,0.0,OK,
TF37,Oberli Christine,2024-12,MONTHLY,Statistik Grundlohn (GrossBaseSalaryAndRegularAllowance),10000.0,10000.0,0.0,OK,
TF37,Oberli Christine,2024-12,MONTHLY,Statistik Zulagen (Allowances),0.0,0.0,0.0,OK,
TF37,Oberli Christine,2024-12,MONTHLY,Statistik Familienzulagen (FamilyIncomeSupplement),250.0,250.0,0.0,OK,
TF37,Oberli Christine,2024-12,MONTHLY,Statistik Leistungen Dritter (PaymentsByThird),0.0,0.0,0.0,OK,
TF37,Oberli Christine,2024-12,MONTHLY,Statistik BVG-Beitrag AN (BVG-LPP-RegularContribution),-800.0,-800.0,0.0,OK,
TF37,Oberli Christine,2024-12,MONTHLY,QST steuerbarer Lohn BE H1N (TaxableEarning),10250.0,10250.0,0.0,OK,"Satz-Lohn 10250.00, QST 1182.85"
TF44,Lusser Hans,2024-12,MONTHLY,Statistik Grundlohn (GrossBaseSalaryAndRegularAllowance),5500.0,5500.0,0.0,OK,
TF44,Lusser Hans,2024-12,MONTHLY,Statistik Zulagen (Allowances),0.0,0.0,0.0,OK,
TF44,Lusser Hans,2024-12,MONTHLY,Statistik Familienzulagen (FamilyIncomeSupplement),0.0,0.0,0.0,OK,
TF44,Lusser Hans,2024-12,MONTHLY,Statistik Leistungen Dritter (PaymentsByThird),0.0,0.0,0.0,OK,
TF44,Lusser Hans,2024-12,MONTHLY,Statistik BVG-Beitrag AN (BVG-LPP-RegularContribution),-385.0,-385.0,0.0,OK,
TF01,Herz Monica,2025-01,RETRO,AHV-Basis (AHV-AVS-BaseSalary),10416.95,10416.95,0.0,OK,
TF01,Herz Monica,2025-01,RETRO,FAK-Basis (FAK-CAF-ContributorySalary),10416.95,10416.95,0.0,OK,
TF01,Herz Monica,2025-01,RETRO,FAK Kinderzulagen wiederkehrend (3000),0.0,0.0,0.0,OK,
TF01,Herz Monica,2025-01,RETRO,FAK Zulagen einmalig (3001+3034),0.0,0.0,0.0,OK,
TF01,Herz Monica,2025-01,RETRO,UVG-Bruttolohn (UVG-LAA-GrossSalary),11916.95,11916.95,0.0,OK,
TF01,Herz Monica,2025-01,RETRO,UVG-Basis (UVG-LAA-BaseSalary),10416.95,10416.95,0.0,OK,
TF01,Herz Monica,2025-01,RETRO,UVGZ-Basis (UVGZ-LAAC-BaseSalary),10416.95,10416.95,0.0,OK,
TF01,Herz Monica,2025-01,RETRO,KTG-Referenzlohn (Reference-AHV-AVS-Salary),10416.95,10416.95,0.0,OK,
TF01,Herz Monica,2025-01,RETRO,"Lohnausweis Bruttolohn (GrossIncome, Ziff. 8)",11916.95,11916.95,0.0,OK,
TF01,Herz Monica,2025-01,RETRO,Lohnausweis BVG ordentlich (Ziff. 10.1 = 5050+1972),735.0,735.0,0.0,OK,
TF02,Paganini Maria,2025-01,RETRO,AHV-Basis (AHV-AVS-BaseSalary),6556.25,6556.25,0.0,OK,
TF02,Paganini Maria,2025-01,RETRO,FAK-Basis (FAK-CAF-ContributorySalary),6556.25,6556.25,0.0,OK,
TF02,Paganini Maria,2025-01,RETRO,FAK Kinderzulagen wiederkehrend (3000),215.0,215.0,0.0,OK,
TF02,Paganini Maria,2025-01,RETRO,FAK Zulagen einmalig (3001+3034),0.0,0.0,0.0,OK,
TF02,Paganini Maria,2025-01,RETRO,UVG-Bruttolohn (UVG-LAA-GrossSalary),6771.25,6771.25,0.0,OK,
TF02,Paganini Maria,2025-01,RETRO,UVG-Basis (UVG-LAA-BaseSalary),6556.25,6556.25,0.0,OK,
TF02,Paganini Maria,2025-01,RETRO,UVGZ-Basis (UVGZ-LAAC-BaseSalary),6556.25,6556.25,0.0,OK,
TF02,Paganini Maria,2025-01,RETRO,KTG-Referenzlohn (Reference-AHV-AVS-Salary),6556.25,6556.25,0.0,OK,
TF02,Paganini Maria,2025-01,RETRO,"Lohnausweis Bruttolohn (GrossIncome, Ziff. 8)",6771.25,6771.25,0.0,OK,
TF02,Paganini Maria,2025-01,RETRO,Lohnausweis BVG ordentlich (Ziff. 10.1 = 5050+1972),408.35,408.33,0.02,OK,
TF03,Lusser Pia,2025-01,RETRO,AHV-Basis (AHV-AVS-BaseSalary),5500.0,5500.0,0.0,OK,
TF03,Lusser Pia,2025-01,RETRO,FAK-Basis (FAK-CAF-ContributorySalary),5500.0,5500.0,0.0,OK,
TF03,Lusser Pia,2025-01,RETRO,FAK Kinderzulagen wiederkehrend (3000),0.0,0.0,0.0,OK,
TF03,Lusser Pia,2025-01,RETRO,FAK Zulagen einmalig (3001+3034),0.0,0.0,0.0,OK,
TF03,Lusser Pia,2025-01,RETRO,UVG-Bruttolohn (UVG-LAA-GrossSalary),5500.0,5500.0,0.0,OK,
TF03,Lusser Pia,2025-01,RETRO,UVG-Basis (UVG-LAA-BaseSalary),5500.0,5500.0,0.0,OK,
TF03,Lusser Pia,2025-01,RETRO,UVGZ-Basis (UVGZ-LAAC-BaseSalary),5500.0,5500.0,0.0,OK,
TF03,Lusser Pia,2025-01,RETRO,KTG-Referenzlohn (Reference-AHV-AVS-Salary),5500.0,5500.0,0.0,OK,
TF03,Lusser Pia,2025-01,RETRO,"Lohnausweis Bruttolohn (GrossIncome, Ziff. 8)",5500.0,5500.0,0.0,OK,
TF03,Lusser Pia,2025-01,RETRO,Lohnausweis BVG ordentlich (Ziff. 10.1 = 5050+1972),385.0,385.0,0.0,OK,
TF04,Fankhauser Markus,2025-01,RETRO,AHV-Basis (AHV-AVS-BaseSalary),30000.0,30000.0,0.0,OK,
TF04,Fankhauser Markus,2025-01,RETRO,FAK-Basis (FAK-CAF-ContributorySalary),30000.0,30000.0,0.0,OK,
TF04,Fankhauser Markus,2025-01,RETRO,FAK Kinderzulagen wiederkehrend (3000),0.0,0.0,0.0,OK,
TF04,Fankhauser Markus,2025-01,RETRO,FAK Zulagen einmalig (3001+3034),0.0,0.0,0.0,OK,
TF04,Fankhauser Markus,2025-01,RETRO,UVG-Bruttolohn (UVG-LAA-GrossSalary),30000.0,30000.0,0.0,OK,
TF04,Fankhauser Markus,2025-01,RETRO,UVG-Basis (UVG-LAA-BaseSalary),30000.0,30000.0,0.0,OK,
TF04,Fankhauser Markus,2025-01,RETRO,UVGZ-Basis (UVGZ-LAAC-BaseSalary),30000.0,30000.0,0.0,OK,
TF04,Fankhauser Markus,2025-01,RETRO,KTG-Referenzlohn (Reference-AHV-AVS-Salary),30000.0,30000.0,0.0,OK,
TF04,Fankhauser Markus,2025-01,RETRO,"Lohnausweis Bruttolohn (GrossIncome, Ziff. 8)",30000.0,30000.0,0.0,OK,
TF04,Fankhauser Markus,2025-01,RETRO,Lohnausweis BVG ordentlich (Ziff. 10.1 = 5050+1972),2800.0,2800.0,0.0,OK,
TF05,Moser Johann,2025-01,RETRO,AHV-Basis (AHV-AVS-BaseSalary),1350.0,1350.0,0.0,OK,
TF05,Moser Johann,2025-01,RETRO,FAK-Basis (FAK-CAF-ContributorySalary),1350.0,1350.0,0.0,OK,
TF05,Moser Johann,2025-01,RETRO,FAK Kinderzulagen wiederkehrend (3000),0.0,0.0,0.0,OK,
TF05,Moser Johann,2025-01,RETRO,FAK Zulagen einmalig (3001+3034),0.0,0.0,0.0,OK,
TF05,Moser Johann,2025-01,RETRO,UVG-Bruttolohn (UVG-LAA-GrossSalary),1350.0,1350.0,0.0,OK,
TF05,Moser Johann,2025-01,RETRO,UVG-Basis (UVG-LAA-BaseSalary),1350.0,1350.0,0.0,OK,
TF05,Moser Johann,2025-01,RETRO,UVGZ-Basis (UVGZ-LAAC-BaseSalary),1350.0,1350.0,0.0,OK,
TF05,Moser Johann,2025-01,RETRO,KTG-Referenzlohn (Reference-AHV-AVS-Salary),1350.0,1350.0,0.0,OK,
TF05,Moser Johann,2025-01,RETRO,"Lohnausweis Bruttolohn (GrossIncome, Ziff. 8)",1350.0,1350.0,0.0,OK,
TF05,Moser Johann,2025-01,RETRO,Lohnausweis BVG ordentlich (Ziff. 10.1 = 5050+1972),117.0,117.0,0.0,OK,
TF06,Zahnd Anita,2025-01,RETRO,AHV-Basis (AHV-AVS-BaseSalary),13500.0,13500.0,0.0,OK,
TF06,Zahnd Anita,2025-01,RETRO,FAK-Basis (FAK-CAF-ContributorySalary),13500.0,13500.0,0.0,OK,
TF06,Zahnd Anita,2025-01,RETRO,FAK Kinderzulagen wiederkehrend (3000),0.0,0.0,0.0,OK,
TF06,Zahnd Anita,2025-01,RETRO,FAK Zulagen einmalig (3001+3034),0.0,0.0,0.0,OK,
TF06,Zahnd Anita,2025-01,RETRO,UVG-Bruttolohn (UVG-LAA-GrossSalary),13500.0,13500.0,0.0,OK,
TF06,Zahnd Anita,2025-01,RETRO,UVG-Basis (UVG-LAA-BaseSalary),13500.0,13500.0,0.0,OK,
TF06,Zahnd Anita,2025-01,RETRO,UVGZ-Basis (UVGZ-LAAC-BaseSalary),13500.0,13500.0,0.0,OK,
TF06,Zahnd Anita,2025-01,RETRO,KTG-Referenzlohn (Reference-AHV-AVS-Salary),13500.0,13500.0,0.0,OK,
TF06,Zahnd Anita,2025-01,RETRO,"Lohnausweis Bruttolohn (GrossIncome, Ziff. 8)",13500.0,13500.0,0.0,OK,
TF06,Zahnd Anita,2025-01,RETRO,Lohnausweis BVG ordentlich (Ziff. 10.1 = 5050+1972),1080.0,1080.0,0.0,OK,
TF07,Burri Heidi,2025-01,RETRO,AHV-Basis (AHV-AVS-BaseSalary),15000.0,15000.0,0.0,OK,
TF07,Burri Heidi,2025-01,RETRO,FAK-Basis (FAK-CAF-ContributorySalary),15000.0,15000.0,0.0,OK,
TF07,Burri Heidi,2025-01,RETRO,FAK Kinderzulagen wiederkehrend (3000),0.0,0.0,0.0,OK,
TF07,Burri Heidi,2025-01,RETRO,FAK Zulagen einmalig (3001+3034),0.0,0.0,0.0,OK,
TF07,Burri Heidi,2025-01,RETRO,UVG-Bruttolohn (UVG-LAA-GrossSalary),15000.0,15000.0,0.0,OK,
TF07,Burri Heidi,2025-01,RETRO,UVG-Basis (UVG-LAA-BaseSalary),15000.0,15000.0,0.0,OK,
TF07,Burri Heidi,2025-01,RETRO,UVGZ-Basis (UVGZ-LAAC-BaseSalary),15000.0,15000.0,0.0,OK,
TF07,Burri Heidi,2025-01,RETRO,KTG-Referenzlohn (Reference-AHV-AVS-Salary),15000.0,15000.0,0.0,OK,
TF07,Burri Heidi,2025-01,RETRO,"Lohnausweis Bruttolohn (GrossIncome, Ziff. 8)",15000.0,15000.0,0.0,OK,
TF07,Burri Heidi,2025-01,RETRO,Lohnausweis BVG ordentlich (Ziff. 10.1 = 5050+1972),0.0,0.0,0.0,OK,
TF08,Lamon René,2025-01,RETRO,AHV-Basis (AHV-AVS-BaseSalary),10343.4,10343.4,0.0,OK,
TF08,Lamon René,2025-01,RETRO,FAK-Basis (FAK-CAF-ContributorySalary),10343.4,10343.4,0.0,OK,
TF08,Lamon René,2025-01,RETRO,FAK Kinderzulagen wiederkehrend (3000),250.0,250.0,0.0,OK,
TF08,Lamon René,2025-01,RETRO,FAK Zulagen einmalig (3001+3034),0.0,0.0,0.0,OK,
TF08,Lamon René,2025-01,RETRO,UVG-Bruttolohn (UVG-LAA-GrossSalary),10593.4,10593.4,0.0,OK,
TF08,Lamon René,2025-01,RETRO,UVG-Basis (UVG-LAA-BaseSalary),10343.4,10343.4,0.0,OK,
TF08,Lamon René,2025-01,RETRO,UVGZ-Basis (UVGZ-LAAC-BaseSalary),10343.4,10343.4,0.0,OK,
TF08,Lamon René,2025-01,RETRO,KTG-Referenzlohn (Reference-AHV-AVS-Salary),10343.4,10343.4,0.0,OK,
TF08,Lamon René,2025-01,RETRO,"Lohnausweis Bruttolohn (GrossIncome, Ziff. 8)",10593.4,10593.4,0.0,OK,
TF08,Lamon René,2025-01,RETRO,Lohnausweis BVG ordentlich (Ziff. 10.1 = 5050+1972),751.1,751.09,0.01,OK,
TF09,Estermann Michael,2025-01,RETRO,FAK-Basis (FAK-CAF-ContributorySalary),600.0,2000.0,-1400.0,DIFF,
TF09,Estermann Michael,2025-01,RETRO,FAK Kinderzulagen wiederkehrend (3000),0.0,0.0,0.0,OK,
TF09,Estermann Michael,2025-01,RETRO,FAK Zulagen einmalig (3001+3034),0.0,0.0,0.0,OK,
TF09,Estermann Michael,2025-01,RETRO,UVG-Bruttolohn (UVG-LAA-GrossSalary),2000.0,2000.0,0.0,OK,
TF09,Estermann Michael,2025-01,RETRO,UVG-Basis (UVG-LAA-BaseSalary),2000.0,2000.0,0.0,OK,
TF09,Estermann Michael,2025-01,RETRO,UVGZ-Basis (UVGZ-LAAC-BaseSalary),2000.0,2000.0,0.0,OK,
TF09,Estermann Michael,2025-01,RETRO,KTG-Referenzlohn (Reference-AHV-AVS-Salary),2000.0,2000.0,0.0,OK,
TF09,Estermann Michael,2025-01,RETRO,"Lohnausweis Bruttolohn (GrossIncome, Ziff. 8)",2000.0,2000.0,0.0,OK,
TF09,Estermann Michael,2025-01,RETRO,Lohnausweis BVG ordentlich (Ziff. 10.1 = 5050+1972),0.0,0.0,0.0,OK,
TF11,Bosshard Peter,2025-01,RETRO,AHV-Basis (AHV-AVS-BaseSalary),11550.0,11550.0,0.0,OK,
TF11,Bosshard Peter,2025-01,RETRO,FAK-Basis (FAK-CAF-ContributorySalary),11550.0,11550.0,0.0,OK,
TF11,Bosshard Peter,2025-01,RETRO,FAK Kinderzulagen wiederkehrend (3000),260.0,260.0,0.0,OK,
TF11,Bosshard Peter,2025-01,RETRO,FAK Zulagen einmalig (3001+3034),0.0,0.0,0.0,OK,
TF11,Bosshard Peter,2025-01,RETRO,UVG-Bruttolohn (UVG-LAA-GrossSalary),11810.0,11810.0,0.0,OK,
TF11,Bosshard Peter,2025-01,RETRO,UVG-Basis (UVG-LAA-BaseSalary),11550.0,11550.0,0.0,OK,
TF11,Bosshard Peter,2025-01,RETRO,UVGZ-Basis (UVGZ-LAAC-BaseSalary),23100.0,11550.0,11550.0,DIFF,
TF11,Bosshard Peter,2025-01,RETRO,KTG-Referenzlohn (Reference-AHV-AVS-Salary),23100.0,11550.0,11550.0,DIFF,
TF11,Bosshard Peter,2025-01,RETRO,"Lohnausweis Bruttolohn (GrossIncome, Ziff. 8)",11810.0,11810.0,0.0,OK,
TF11,Bosshard Peter,2025-01,RETRO,Lohnausweis BVG ordentlich (Ziff. 10.1 = 5050+1972),864.5,864.5,0.0,OK,
TF13,Combertaldi Renato,2025-01,RETRO,UVG-Bruttolohn (UVG-LAA-GrossSalary),2200.0,2200.0,0.0,OK,
TF13,Combertaldi Renato,2025-01,RETRO,UVG-Basis (UVG-LAA-BaseSalary),2200.0,2200.0,0.0,OK,
TF13,Combertaldi Renato,2025-01,RETRO,UVGZ-Basis (UVGZ-LAAC-BaseSalary),2200.0,2200.0,0.0,OK,
TF13,Combertaldi Renato,2025-01,RETRO,KTG-Referenzlohn (Reference-AHV-AVS-Salary),2200.0,2200.0,0.0,OK,
TF13,Combertaldi Renato,2025-01,RETRO,"Lohnausweis Bruttolohn (GrossIncome, Ziff. 8)",2200.0,2200.0,0.0,OK,
TF13,Combertaldi Renato,2025-01,RETRO,Lohnausweis BVG ordentlich (Ziff. 10.1 = 5050+1972),0.0,0.0,0.0,OK,
TF14,Egli Anna,2025-01,RETRO,UVG-Bruttolohn (UVG-LAA-GrossSalary),3650.6,3650.6,0.0,OK,
TF14,Egli Anna,2025-01,RETRO,UVG-Basis (UVG-LAA-BaseSalary),3650.6,3650.6,0.0,OK,
TF14,Egli Anna,2025-01,RETRO,UVGZ-Basis (UVGZ-LAAC-BaseSalary),3650.6,3650.6,0.0,OK,
TF14,Egli Anna,2025-01,RETRO,KTG-Referenzlohn (Reference-AHV-AVS-Salary),3650.6,3650.6,0.0,OK,
TF14,Egli Anna,2025-01,RETRO,"Lohnausweis Bruttolohn (GrossIncome, Ziff. 8)",3650.6,3650.6,0.0,OK,
TF14,Egli Anna,2025-01,RETRO,Lohnausweis BVG ordentlich (Ziff. 10.1 = 5050+1972),0.0,0.0,0.0,OK,
TF16,Aebi Anna,2025-01,RETRO,Person nur im XML,22603.35,0.0,22603.35,DIFF,"XML führt Person, CSV ohne Lohnarten im Jahr"
TF17,Binggeli Fritz,2025-01,RETRO,AHV-Basis (AHV-AVS-BaseSalary),4550.0,4550.0,0.0,OK,
TF17,Binggeli Fritz,2025-01,RETRO,FAK-Basis (FAK-CAF-ContributorySalary),4550.0,4550.0,0.0,OK,
TF17,Binggeli Fritz,2025-01,RETRO,FAK Kinderzulagen wiederkehrend (3000),0.0,0.0,0.0,OK,
TF17,Binggeli Fritz,2025-01,RETRO,FAK Zulagen einmalig (3001+3034),0.0,0.0,0.0,OK,
TF17,Binggeli Fritz,2025-01,RETRO,UVG-Bruttolohn (UVG-LAA-GrossSalary),4550.0,4550.0,0.0,OK,
TF17,Binggeli Fritz,2025-01,RETRO,UVG-Basis (UVG-LAA-BaseSalary),4550.0,4550.0,0.0,OK,
TF17,Binggeli Fritz,2025-01,RETRO,UVGZ-Basis (UVGZ-LAAC-BaseSalary),4550.0,4550.0,0.0,OK,
TF17,Binggeli Fritz,2025-01,RETRO,KTG-Referenzlohn (Reference-AHV-AVS-Salary),4550.0,4550.0,0.0,OK,
TF17,Binggeli Fritz,2025-01,RETRO,"Lohnausweis Bruttolohn (GrossIncome, Ziff. 8)",4550.0,4550.0,0.0,OK,
TF17,Binggeli Fritz,2025-01,RETRO,Lohnausweis BVG ordentlich (Ziff. 10.1 = 5050+1972),318.5,318.5,0.0,OK,
TF18,Blanc Pierre,2025-01,RETRO,AHV-Basis (AHV-AVS-BaseSalary),1179.45,1179.45,0.0,OK,
TF18,Blanc Pierre,2025-01,RETRO,FAK-Basis (FAK-CAF-ContributorySalary),1179.45,1179.45,0.0,OK,
TF18,Blanc Pierre,2025-01,RETRO,FAK Kinderzulagen wiederkehrend (3000),0.0,0.0,0.0,OK,
TF18,Blanc Pierre,2025-01,RETRO,FAK Zulagen einmalig (3001+3034),0.0,0.0,0.0,OK,
TF18,Blanc Pierre,2025-01,RETRO,UVG-Bruttolohn (UVG-LAA-GrossSalary),1179.45,1179.45,0.0,OK,
TF18,Blanc Pierre,2025-01,RETRO,UVG-Basis (UVG-LAA-BaseSalary),1179.45,1179.45,0.0,OK,
TF18,Blanc Pierre,2025-01,RETRO,UVGZ-Basis (UVGZ-LAAC-BaseSalary),1179.45,1179.45,0.0,OK,
TF18,Blanc Pierre,2025-01,RETRO,KTG-Referenzlohn (Reference-AHV-AVS-Salary),1179.45,1179.45,0.0,OK,
TF18,Blanc Pierre,2025-01,RETRO,"Lohnausweis Bruttolohn (GrossIncome, Ziff. 8)",1179.45,1179.45,0.0,OK,
TF18,Blanc Pierre,2025-01,RETRO,Lohnausweis BVG ordentlich (Ziff. 10.1 = 5050+1972),76.45,76.44,0.01,OK,
TF19,Andrey Melanie,2025-01,RETRO,AHV-Basis (AHV-AVS-BaseSalary),2600.0,2600.0,0.0,OK,
TF19,Andrey Melanie,2025-01,RETRO,FAK-Basis (FAK-CAF-ContributorySalary),2600.0,2600.0,0.0,OK,
TF19,Andrey Melanie,2025-01,RETRO,FAK Kinderzulagen wiederkehrend (3000),0.0,0.0,0.0,OK,
TF19,Andrey Melanie,2025-01,RETRO,FAK Zulagen einmalig (3001+3034),0.0,0.0,0.0,OK,
TF19,Andrey Melanie,2025-01,RETRO,UVG-Bruttolohn (UVG-LAA-GrossSalary),2600.0,2600.0,0.0,OK,
TF19,Andrey Melanie,2025-01,RETRO,UVG-Basis (UVG-LAA-BaseSalary),2600.0,2600.0,0.0,OK,
TF19,Andrey Melanie,2025-01,RETRO,UVGZ-Basis (UVGZ-LAAC-BaseSalary),2600.0,2600.0,0.0,OK,
TF19,Andrey Melanie,2025-01,RETRO,KTG-Referenzlohn (Reference-AHV-AVS-Salary),2600.0,2600.0,0.0,OK,
TF19,Andrey Melanie,2025-01,RETRO,"Lohnausweis Bruttolohn (GrossIncome, Ziff. 8)",2600.0,2600.0,0.0,OK,
TF19,Andrey Melanie,2025-01,RETRO,Lohnausweis BVG ordentlich (Ziff. 10.1 = 5050+1972),197.15,197.16,-0.01,OK,
TF20,Arnold Lukas,2025-01,RETRO,AHV-Basis (AHV-AVS-BaseSalary),2000.0,2000.0,0.0,OK,
TF20,Arnold Lukas,2025-01,RETRO,FAK-Basis (FAK-CAF-ContributorySalary),2000.0,2000.0,0.0,OK,
TF20,Arnold Lukas,2025-01,RETRO,FAK Kinderzulagen wiederkehrend (3000),0.0,0.0,0.0,OK,
TF20,Arnold Lukas,2025-01,RETRO,FAK Zulagen einmalig (3001+3034),0.0,0.0,0.0,OK,
TF20,Arnold Lukas,2025-01,RETRO,UVG-Bruttolohn (UVG-LAA-GrossSalary),2000.0,2000.0,0.0,OK,
TF20,Arnold Lukas,2025-01,RETRO,UVG-Basis (UVG-LAA-BaseSalary),2000.0,2000.0,0.0,OK,
TF20,Arnold Lukas,2025-01,RETRO,UVGZ-Basis (UVGZ-LAAC-BaseSalary),2000.0,2000.0,0.0,OK,
TF20,Arnold Lukas,2025-01,RETRO,KTG-Referenzlohn (Reference-AHV-AVS-Salary),2000.0,2000.0,0.0,OK,
TF20,Arnold Lukas,2025-01,RETRO,"Lohnausweis Bruttolohn (GrossIncome, Ziff. 8)",2000.0,2000.0,0.0,OK,
TF20,Arnold Lukas,2025-01,RETRO,Lohnausweis BVG ordentlich (Ziff. 10.1 = 5050+1972),173.35,173.33,0.02,OK,
TF21,Meier Christian,2025-01,RETRO,AHV-Basis (AHV-AVS-BaseSalary),2000.0,2000.0,0.0,OK,
TF21,Meier Christian,2025-01,RETRO,FAK-Basis (FAK-CAF-ContributorySalary),2000.0,2000.0,0.0,OK,
TF21,Meier Christian,2025-01,RETRO,FAK Kinderzulagen wiederkehrend (3000),0.0,0.0,0.0,OK,
TF21,Meier Christian,2025-01,RETRO,FAK Zulagen einmalig (3001+3034),0.0,0.0,0.0,OK,
TF21,Meier Christian,2025-01,RETRO,UVG-Bruttolohn (UVG-LAA-GrossSalary),2000.0,2000.0,0.0,OK,
TF21,Meier Christian,2025-01,RETRO,UVG-Basis (UVG-LAA-BaseSalary),2000.0,2000.0,0.0,OK,
TF21,Meier Christian,2025-01,RETRO,UVGZ-Basis (UVGZ-LAAC-BaseSalary),2000.0,2000.0,0.0,OK,
TF21,Meier Christian,2025-01,RETRO,KTG-Referenzlohn (Reference-AHV-AVS-Salary),2000.0,2000.0,0.0,OK,
TF21,Meier Christian,2025-01,RETRO,"Lohnausweis Bruttolohn (GrossIncome, Ziff. 8)",2000.0,2000.0,0.0,OK,
TF21,Meier Christian,2025-01,RETRO,Lohnausweis BVG ordentlich (Ziff. 10.1 = 5050+1972),151.65,151.67,-0.02,OK,
TF22,Bucher Elisabeth,2025-01,RETRO,AHV-Basis (AHV-AVS-BaseSalary),5111.0,5111.0,0.0,OK,
TF22,Bucher Elisabeth,2025-01,RETRO,FAK-Basis (FAK-CAF-ContributorySalary),5111.0,5111.0,0.0,OK,
TF22,Bucher Elisabeth,2025-01,RETRO,FAK Kinderzulagen wiederkehrend (3000),0.0,0.0,0.0,OK,
TF22,Bucher Elisabeth,2025-01,RETRO,FAK Zulagen einmalig (3001+3034),0.0,0.0,0.0,OK,
TF22,Bucher Elisabeth,2025-01,RETRO,UVG-Bruttolohn (UVG-LAA-GrossSalary),5111.0,5111.0,0.0,OK,
TF22,Bucher Elisabeth,2025-01,RETRO,UVG-Basis (UVG-LAA-BaseSalary),5111.0,5111.0,0.0,OK,
TF22,Bucher Elisabeth,2025-01,RETRO,UVGZ-Basis (UVGZ-LAAC-BaseSalary),5111.0,5111.0,0.0,OK,
TF22,Bucher Elisabeth,2025-01,RETRO,KTG-Referenzlohn (Reference-AHV-AVS-Salary),5111.0,5111.0,0.0,OK,
TF22,Bucher Elisabeth,2025-01,RETRO,"Lohnausweis Bruttolohn (GrossIncome, Ziff. 8)",5111.0,5111.0,0.0,OK,
TF22,Bucher Elisabeth,2025-01,RETRO,Lohnausweis BVG ordentlich (Ziff. 10.1 = 5050+1972),151.65,151.66,-0.01,OK,
TF23,Koller Ludwig,2025-01,RETRO,AHV-Basis (AHV-AVS-BaseSalary),5000.0,5000.0,0.0,OK,
TF23,Koller Ludwig,2025-01,RETRO,FAK-Basis (FAK-CAF-ContributorySalary),5000.0,5000.0,0.0,OK,
TF23,Koller Ludwig,2025-01,RETRO,FAK Kinderzulagen wiederkehrend (3000),0.0,0.0,0.0,OK,
TF23,Koller Ludwig,2025-01,RETRO,FAK Zulagen einmalig (3001+3034),0.0,0.0,0.0,OK,
TF23,Koller Ludwig,2025-01,RETRO,UVG-Bruttolohn (UVG-LAA-GrossSalary),5000.0,5000.0,0.0,OK,
TF23,Koller Ludwig,2025-01,RETRO,UVG-Basis (UVG-LAA-BaseSalary),5000.0,5000.0,0.0,OK,
TF23,Koller Ludwig,2025-01,RETRO,UVGZ-Basis (UVGZ-LAAC-BaseSalary),5000.0,5000.0,0.0,OK,
TF23,Koller Ludwig,2025-01,RETRO,KTG-Referenzlohn (Reference-AHV-AVS-Salary),5000.0,5000.0,0.0,OK,
TF23,Koller Ludwig,2025-01,RETRO,"Lohnausweis Bruttolohn (GrossIncome, Ziff. 8)",5000.0,5000.0,0.0,OK,
TF23,Koller Ludwig,2025-01,RETRO,Lohnausweis BVG ordentlich (Ziff. 10.1 = 5050+1972),379.15,379.16,-0.01,OK,
TF24,Utzinger Jan,2025-01,RETRO,AHV-Basis (AHV-AVS-BaseSalary),8000.0,8000.0,0.0,OK,
TF24,Utzinger Jan,2025-01,RETRO,FAK-Basis (FAK-CAF-ContributorySalary),8000.0,8000.0,0.0,OK,
TF24,Utzinger Jan,2025-01,RETRO,FAK Kinderzulagen wiederkehrend (3000),0.0,0.0,0.0,OK,
TF24,Utzinger Jan,2025-01,RETRO,FAK Zulagen einmalig (3001+3034),0.0,0.0,0.0,OK,
TF24,Utzinger Jan,2025-01,RETRO,UVG-Bruttolohn (UVG-LAA-GrossSalary),8000.0,8000.0,0.0,OK,
TF24,Utzinger Jan,2025-01,RETRO,UVG-Basis (UVG-LAA-BaseSalary),8000.0,8000.0,0.0,OK,
TF24,Utzinger Jan,2025-01,RETRO,UVGZ-Basis (UVGZ-LAAC-BaseSalary),8000.0,8000.0,0.0,OK,
TF24,Utzinger Jan,2025-01,RETRO,KTG-Referenzlohn (Reference-AHV-AVS-Salary),8000.0,8000.0,0.0,OK,
TF24,Utzinger Jan,2025-01,RETRO,"Lohnausweis Bruttolohn (GrossIncome, Ziff. 8)",8000.0,8000.0,0.0,OK,
TF24,Utzinger Jan,2025-01,RETRO,Lohnausweis BVG ordentlich (Ziff. 10.1 = 5050+1972),606.65,606.67,-0.02,OK,
TF28,Arbenz Esther,2025-01,RETRO,AHV-Basis (AHV-AVS-BaseSalary),6000.0,6000.0,0.0,OK,
TF28,Arbenz Esther,2025-01,RETRO,FAK-Basis (FAK-CAF-ContributorySalary),6000.0,6000.0,0.0,OK,
TF28,Arbenz Esther,2025-01,RETRO,FAK Kinderzulagen wiederkehrend (3000),0.0,0.0,0.0,OK,
TF28,Arbenz Esther,2025-01,RETRO,FAK Zulagen einmalig (3001+3034),0.0,0.0,0.0,OK,
TF28,Arbenz Esther,2025-01,RETRO,UVG-Bruttolohn (UVG-LAA-GrossSalary),6000.0,6000.0,0.0,OK,
TF28,Arbenz Esther,2025-01,RETRO,UVG-Basis (UVG-LAA-BaseSalary),6000.0,6000.0,0.0,OK,
TF28,Arbenz Esther,2025-01,RETRO,UVGZ-Basis (UVGZ-LAAC-BaseSalary),6000.0,6000.0,0.0,OK,
TF28,Arbenz Esther,2025-01,RETRO,KTG-Referenzlohn (Reference-AHV-AVS-Salary),6000.0,6000.0,0.0,OK,
TF28,Arbenz Esther,2025-01,RETRO,"Lohnausweis Bruttolohn (GrossIncome, Ziff. 8)",6000.0,6000.0,0.0,OK,
TF28,Arbenz Esther,2025-01,RETRO,Lohnausweis BVG ordentlich (Ziff. 10.1 = 5050+1972),520.0,520.0,0.0,OK,
TF29,Forster Moreno,2025-01,RETRO,AHV-Basis (AHV-AVS-BaseSalary),6000.0,6000.0,0.0,OK,
TF29,Forster Moreno,2025-01,RETRO,FAK-Basis (FAK-CAF-ContributorySalary),6000.0,6000.0,0.0,OK,
TF29,Forster Moreno,2025-01,RETRO,FAK Kinderzulagen wiederkehrend (3000),0.0,0.0,0.0,OK,
TF29,Forster Moreno,2025-01,RETRO,FAK Zulagen einmalig (3001+3034),0.0,0.0,0.0,OK,
TF29,Forster Moreno,2025-01,RETRO,UVG-Bruttolohn (UVG-LAA-GrossSalary),6000.0,6000.0,0.0,OK,
TF29,Forster Moreno,2025-01,RETRO,UVG-Basis (UVG-LAA-BaseSalary),6000.0,6000.0,0.0,OK,
TF29,Forster Moreno,2025-01,RETRO,UVGZ-Basis (UVGZ-LAAC-BaseSalary),6000.0,6000.0,0.0,OK,
TF29,Forster Moreno,2025-01,RETRO,KTG-Referenzlohn (Reference-AHV-AVS-Salary),6000.0,6000.0,0.0,OK,
TF29,Forster Moreno,2025-01,RETRO,"Lohnausweis Bruttolohn (GrossIncome, Ziff. 8)",6000.0,6000.0,0.0,OK,
TF29,Forster Moreno,2025-01,RETRO,Lohnausweis BVG ordentlich (Ziff. 10.1 = 5050+1972),455.0,455.0,0.0,OK,
TF30,Müller Heinrich,2025-01,RETRO,AHV-Basis (AHV-AVS-BaseSalary),5500.0,5500.0,0.0,OK,
TF30,Müller Heinrich,2025-01,RETRO,FAK-Basis (FAK-CAF-ContributorySalary),5500.0,5500.0,0.0,OK,
TF30,Müller Heinrich,2025-01,RETRO,FAK Kinderzulagen wiederkehrend (3000),0.0,0.0,0.0,OK,
TF30,Müller Heinrich,2025-01,RETRO,FAK Zulagen einmalig (3001+3034),0.0,0.0,0.0,OK,
TF30,Müller Heinrich,2025-01,RETRO,UVG-Bruttolohn (UVG-LAA-GrossSalary),5500.0,5500.0,0.0,OK,
TF30,Müller Heinrich,2025-01,RETRO,UVG-Basis (UVG-LAA-BaseSalary),5500.0,5500.0,0.0,OK,
TF30,Müller Heinrich,2025-01,RETRO,UVGZ-Basis (UVGZ-LAAC-BaseSalary),5500.0,5500.0,0.0,OK,
TF30,Müller Heinrich,2025-01,RETRO,KTG-Referenzlohn (Reference-AHV-AVS-Salary),5500.0,5500.0,0.0,OK,
TF30,Müller Heinrich,2025-01,RETRO,"Lohnausweis Bruttolohn (GrossIncome, Ziff. 8)",5500.0,5500.0,0.0,OK,
TF30,Müller Heinrich,2025-01,RETRO,Lohnausweis BVG ordentlich (Ziff. 10.1 = 5050+1972),0.0,0.0,0.0,OK,
TF31,Bolletto Franca,2025-01,RETRO,AHV-Basis (AHV-AVS-BaseSalary),5000.0,5000.0,0.0,OK,
TF31,Bolletto Franca,2025-01,RETRO,FAK-Basis (FAK-CAF-ContributorySalary),5000.0,5000.0,0.0,OK,
TF31,Bolletto Franca,2025-01,RETRO,FAK Kinderzulagen wiederkehrend (3000),0.0,0.0,0.0,OK,
TF31,Bolletto Franca,2025-01,RETRO,FAK Zulagen einmalig (3001+3034),0.0,0.0,0.0,OK,
TF31,Bolletto Franca,2025-01,RETRO,UVG-Bruttolohn (UVG-LAA-GrossSalary),5000.0,5000.0,0.0,OK,
TF31,Bolletto Franca,2025-01,RETRO,UVG-Basis (UVG-LAA-BaseSalary),5000.0,5000.0,0.0,OK,
TF31,Bolletto Franca,2025-01,RETRO,UVGZ-Basis (UVGZ-LAAC-BaseSalary),5000.0,5000.0,0.0,OK,
TF31,Bolletto Franca,2025-01,RETRO,KTG-Referenzlohn (Reference-AHV-AVS-Salary),5000.0,5000.0,0.0,OK,
TF31,Bolletto Franca,2025-01,RETRO,"Lohnausweis Bruttolohn (GrossIncome, Ziff. 8)",5000.0,5000.0,0.0,OK,
TF31,Bolletto Franca,2025-01,RETRO,Lohnausweis BVG ordentlich (Ziff. 10.1 = 5050+1972),325.0,325.0,0.0,OK,
TF33,Châtelain Pierre,2025-01,RETRO,AHV-Basis (AHV-AVS-BaseSalary),5000.0,5000.0,0.0,OK,
TF33,Châtelain Pierre,2025-01,RETRO,FAK-Basis (FAK-CAF-ContributorySalary),5000.0,5000.0,0.0,OK,
TF33,Châtelain Pierre,2025-01,RETRO,FAK Kinderzulagen wiederkehrend (3000),0.0,0.0,0.0,OK,
TF33,Châtelain Pierre,2025-01,RETRO,FAK Zulagen einmalig (3001+3034),0.0,0.0,0.0,OK,
TF33,Châtelain Pierre,2025-01,RETRO,UVG-Bruttolohn (UVG-LAA-GrossSalary),5000.0,5000.0,0.0,OK,
TF33,Châtelain Pierre,2025-01,RETRO,UVG-Basis (UVG-LAA-BaseSalary),5000.0,5000.0,0.0,OK,
TF33,Châtelain Pierre,2025-01,RETRO,UVGZ-Basis (UVGZ-LAAC-BaseSalary),5000.0,5000.0,0.0,OK,
TF33,Châtelain Pierre,2025-01,RETRO,KTG-Referenzlohn (Reference-AHV-AVS-Salary),5000.0,5000.0,0.0,OK,
TF33,Châtelain Pierre,2025-01,RETRO,"Lohnausweis Bruttolohn (GrossIncome, Ziff. 8)",5000.0,5000.0,0.0,OK,
TF33,Châtelain Pierre,2025-01,RETRO,Lohnausweis BVG ordentlich (Ziff. 10.1 = 5050+1972),379.15,379.17,-0.02,OK,
TF34,Rinaldi Massimo,2025-01,RETRO,AHV-Basis (AHV-AVS-BaseSalary),5000.0,5000.0,0.0,OK,
TF34,Rinaldi Massimo,2025-01,RETRO,FAK-Basis (FAK-CAF-ContributorySalary),5000.0,5000.0,0.0,OK,
TF34,Rinaldi Massimo,2025-01,RETRO,FAK Kinderzulagen wiederkehrend (3000),0.0,0.0,0.0,OK,
TF34,Rinaldi Massimo,2025-01,RETRO,FAK Zulagen einmalig (3001+3034),0.0,0.0,0.0,OK,
TF34,Rinaldi Massimo,2025-01,RETRO,UVG-Bruttolohn (UVG-LAA-GrossSalary),5000.0,5000.0,0.0,OK,
TF34,Rinaldi Massimo,2025-01,RETRO,UVG-Basis (UVG-LAA-BaseSalary),5000.0,5000.0,0.0,OK,
TF34,Rinaldi Massimo,2025-01,RETRO,UVGZ-Basis (UVGZ-LAAC-BaseSalary),5000.0,5000.0,0.0,OK,
TF34,Rinaldi Massimo,2025-01,RETRO,KTG-Referenzlohn (Reference-AHV-AVS-Salary),5000.0,5000.0,0.0,OK,
TF34,Rinaldi Massimo,2025-01,RETRO,"Lohnausweis Bruttolohn (GrossIncome, Ziff. 8)",5000.0,5000.0,0.0,OK,
TF34,Rinaldi Massimo,2025-01,RETRO,Lohnausweis BVG ordentlich (Ziff. 10.1 = 5050+1972),0.0,0.0,0.0,OK,
TF35,Roos Roland,2025-01,RETRO,AHV-Basis (AHV-AVS-BaseSalary),5000.0,5000.0,0.0,OK,
TF35,Roos Roland,2025-01,RETRO,FAK-Basis (FAK-CAF-ContributorySalary),5000.0,5000.0,0.0,OK,
TF35,Roos Roland,2025-01,RETRO,FAK Kinderzulagen wiederkehrend (3000),0.0,0.0,0.0,OK,
TF35,Roos Roland,2025-01,RETRO,FAK Zulagen einmalig (3001+3034),0.0,0.0,0.0,OK,
TF35,Roos Roland,2025-01,RETRO,UVG-Bruttolohn (UVG-LAA-GrossSalary),5000.0,5000.0,0.0,OK,
TF35,Roos Roland,2025-01,RETRO,UVG-Basis (UVG-LAA-BaseSalary),5000.0,5000.0,0.0,OK,
TF35,Roos Roland,2025-01,RETRO,UVGZ-Basis (UVGZ-LAAC-BaseSalary),5000.0,5000.0,0.0,OK,
TF35,Roos Roland,2025-01,RETRO,KTG-Referenzlohn (Reference-AHV-AVS-Salary),5000.0,5000.0,0.0,OK,
TF35,Roos Roland,2025-01,RETRO,"Lohnausweis Bruttolohn (GrossIncome, Ziff. 8)",5000.0,5000.0,0.0,OK,
TF35,Roos Roland,2025-01,RETRO,Lohnausweis BVG ordentlich (Ziff. 10.1 = 5050+1972),379.15,379.17,-0.02,OK,
TF36,Maldini Fabio,2025-01,RETRO,AHV-Basis (AHV-AVS-BaseSalary),5000.0,5000.0,0.0,OK,
TF36,Maldini Fabio,2025-01,RETRO,FAK-Basis (FAK-CAF-ContributorySalary),5000.0,5000.0,0.0,OK,
TF36,Maldini Fabio,2025-01,RETRO,FAK Kinderzulagen wiederkehrend (3000),0.0,0.0,0.0,OK,
TF36,Maldini Fabio,2025-01,RETRO,FAK Zulagen einmalig (3001+3034),0.0,0.0,0.0,OK,
TF36,Maldini Fabio,2025-01,RETRO,UVG-Bruttolohn (UVG-LAA-GrossSalary),5000.0,5000.0,0.0,OK,
TF36,Maldini Fabio,2025-01,RETRO,UVG-Basis (UVG-LAA-BaseSalary),5000.0,5000.0,0.0,OK,
TF36,Maldini Fabio,2025-01,RETRO,UVGZ-Basis (UVGZ-LAAC-BaseSalary),5000.0,5000.0,0.0,OK,
TF36,Maldini Fabio,2025-01,RETRO,KTG-Referenzlohn (Reference-AHV-AVS-Salary),5000.0,5000.0,0.0,OK,
TF36,Maldini Fabio,2025-01,RETRO,"Lohnausweis Bruttolohn (GrossIncome, Ziff. 8)",5000.0,5000.0,0.0,OK,
TF36,Maldini Fabio,2025-01,RETRO,Lohnausweis BVG ordentlich (Ziff. 10.1 = 5050+1972),433.35,433.33,0.02,OK,
TF37,Oberli Christine,2025-01,RETRO,AHV-Basis (AHV-AVS-BaseSalary),5000.0,5000.0,0.0,OK,
TF37,Oberli Christine,2025-01,RETRO,FAK-Basis (FAK-CAF-ContributorySalary),5000.0,5000.0,0.0,OK,
TF37,Oberli Christine,2025-01,RETRO,FAK Kinderzulagen wiederkehrend (3000),250.0,250.0,0.0,OK,
TF37,Oberli Christine,2025-01,RETRO,FAK Zulagen einmalig (3001+3034),0.0,0.0,0.0,OK,
TF37,Oberli Christine,2025-01,RETRO,UVG-Bruttolohn (UVG-LAA-GrossSalary),5250.0,5250.0,0.0,OK,
TF37,Oberli Christine,2025-01,RETRO,UVG-Basis (UVG-LAA-BaseSalary),5000.0,5000.0,0.0,OK,
TF37,Oberli Christine,2025-01,RETRO,UVGZ-Basis (UVGZ-LAAC-BaseSalary),5000.0,5000.0,0.0,OK,
TF37,Oberli Christine,2025-01,RETRO,KTG-Referenzlohn (Reference-AHV-AVS-Salary),5000.0,5000.0,0.0,OK,
TF37,Oberli Christine,2025-01,RETRO,"Lohnausweis Bruttolohn (GrossIncome, Ziff. 8)",5250.0,5250.0,0.0,OK,
TF37,Oberli Christine,2025-01,RETRO,Lohnausweis BVG ordentlich (Ziff. 10.1 = 5050+1972),400.0,400.0,0.0,OK,
TF38,Jung Claude,2025-01,RETRO,AHV-Basis (AHV-AVS-BaseSalary),3000.0,3000.0,0.0,OK,
TF38,Jung Claude,2025-01,RETRO,FAK-Basis (FAK-CAF-ContributorySalary),3000.0,3000.0,0.0,OK,
TF38,Jung Claude,2025-01,RETRO,FAK Kinderzulagen wiederkehrend (3000),0.0,0.0,0.0,OK,
TF38,Jung Claude,2025-01,RETRO,FAK Zulagen einmalig (3001+3034),0.0,0.0,0.0,OK,
TF38,Jung Claude,2025-01,RETRO,UVG-Bruttolohn (UVG-LAA-GrossSalary),3000.0,3000.0,0.0,OK,
TF38,Jung Claude,2025-01,RETRO,UVG-Basis (UVG-LAA-BaseSalary),3000.0,3000.0,0.0,OK,
TF38,Jung Claude,2025-01,RETRO,UVGZ-Basis (UVGZ-LAAC-BaseSalary),3000.0,3000.0,0.0,OK,
TF38,Jung Claude,2025-01,RETRO,KTG-Referenzlohn (Reference-AHV-AVS-Salary),3000.0,3000.0,0.0,OK,
TF38,Jung Claude,2025-01,RETRO,"Lohnausweis Bruttolohn (GrossIncome, Ziff. 8)",3000.0,3000.0,0.0,OK,
TF38,Jung Claude,2025-01,RETRO,Lohnausweis BVG ordentlich (Ziff. 10.1 = 5050+1972),393.35,393.33,0.02,OK,
TF39,Hasler Harald,2025-01,RETRO,Person nur im XML,0.0,0.0,0.0,OK,"XML führt Person, CSV ohne Lohnarten im Jahr"
TF40,Farine Corinne,2025-01,RETRO,AHV-Basis (AHV-AVS-BaseSalary),4000.0,4000.0,0.0,OK,
TF40,Farine Corinne,2025-01,RETRO,FAK-Basis (FAK-CAF-ContributorySalary),4000.0,4000.0,0.0,OK,
TF40,Farine Corinne,2025-01,RETRO,FAK Kinderzulagen wiederkehrend (3000),250.0,250.0,0.0,OK,
TF40,Farine Corinne,2025-01,RETRO,FAK Zulagen einmalig (3001+3034),0.0,0.0,0.0,OK,
TF40,Farine Corinne,2025-01,RETRO,UVG-Bruttolohn (UVG-LAA-GrossSalary),4250.0,4250.0,0.0,OK,
TF40,Farine Corinne,2025-01,RETRO,UVG-Basis (UVG-LAA-BaseSalary),4000.0,4000.0,0.0,OK,
TF40,Farine Corinne,2025-01,RETRO,UVGZ-Basis (UVGZ-LAAC-BaseSalary),4000.0,4000.0,0.0,OK,
TF40,Farine Corinne,2025-01,RETRO,KTG-Referenzlohn (Reference-AHV-AVS-Salary),4000.0,4000.0,0.0,OK,
TF40,Farine Corinne,2025-01,RETRO,"Lohnausweis Bruttolohn (GrossIncome, Ziff. 8)",4250.0,4250.0,0.0,OK,
TF40,Farine Corinne,2025-01,RETRO,Lohnausweis BVG ordentlich (Ziff. 10.1 = 5050+1972),346.65,346.67,-0.02,OK,
TF41,Meier Max,2025-01,RETRO,AHV-Basis (AHV-AVS-BaseSalary),10000.0,10000.0,0.0,OK,
TF41,Meier Max,2025-01,RETRO,FAK-Basis (FAK-CAF-ContributorySalary),10000.0,10000.0,0.0,OK,
TF41,Meier Max,2025-01,RETRO,FAK Kinderzulagen wiederkehrend (3000),0.0,0.0,0.0,OK,
TF41,Meier Max,2025-01,RETRO,FAK Zulagen einmalig (3001+3034),0.0,0.0,0.0,OK,
TF41,Meier Max,2025-01,RETRO,UVG-Bruttolohn (UVG-LAA-GrossSalary),10000.0,10000.0,0.0,OK,
TF41,Meier Max,2025-01,RETRO,UVG-Basis (UVG-LAA-BaseSalary),10000.0,10000.0,0.0,OK,
TF41,Meier Max,2025-01,RETRO,UVGZ-Basis (UVGZ-LAAC-BaseSalary),10000.0,10000.0,0.0,OK,
TF41,Meier Max,2025-01,RETRO,KTG-Referenzlohn (Reference-AHV-AVS-Salary),10000.0,10000.0,0.0,OK,
TF41,Meier Max,2025-01,RETRO,"Lohnausweis Bruttolohn (GrossIncome, Ziff. 8)",10000.0,10000.0,0.0,OK,
TF41,Meier Max,2025-01,RETRO,Lohnausweis BVG ordentlich (Ziff. 10.1 = 5050+1972),0.0,0.0,0.0,OK,
TF44,Lusser Hans,2025-01,RETRO,AHV-Basis (AHV-AVS-BaseSalary),5500.0,5500.0,0.0,OK,
TF44,Lusser Hans,2025-01,RETRO,FAK-Basis (FAK-CAF-ContributorySalary),5500.0,5500.0,0.0,OK,
TF44,Lusser Hans,2025-01,RETRO,FAK Kinderzulagen wiederkehrend (3000),0.0,0.0,0.0,OK,
TF44,Lusser Hans,2025-01,RETRO,FAK Zulagen einmalig (3001+3034),0.0,0.0,0.0,OK,
TF44,Lusser Hans,2025-01,RETRO,UVG-Bruttolohn (UVG-LAA-GrossSalary),5500.0,5500.0,0.0,OK,
TF44,Lusser Hans,2025-01,RETRO,UVG-Basis (UVG-LAA-BaseSalary),5500.0,5500.0,0.0,OK,
TF44,Lusser Hans,2025-01,RETRO,UVGZ-Basis (UVGZ-LAAC-BaseSalary),5500.0,5500.0,0.0,OK,
TF44,Lusser Hans,2025-01,RETRO,KTG-Referenzlohn (Reference-AHV-AVS-Salary),5500.0,5500.0,0.0,OK,
TF44,Lusser Hans,2025-01,RETRO,"Lohnausweis Bruttolohn (GrossIncome, Ziff. 8)",5500.0,5500.0,0.0,OK,
TF44,Lusser Hans,2025-01,RETRO,Lohnausweis BVG ordentlich (Ziff. 10.1 = 5050+1972),385.0,385.0,0.0,OK,
TF01,Herz Monica,2025-01,MONTHLY,Statistik Grundlohn (GrossBaseSalaryAndRegularAllowance),8986.4,8986.4,0.0,OK,
TF01,Herz Monica,2025-01,MONTHLY,Statistik Zulagen (Allowances),0.0,0.0,0.0,OK,
TF01,Herz Monica,2025-01,MONTHLY,Statistik Familienzulagen (FamilyIncomeSupplement),0.0,0.0,0.0,OK,
TF01,Herz Monica,2025-01,MONTHLY,Statistik Leistungen Dritter (PaymentsByThird),1500.0,0.0,1500.0,DIFF,
TF01,Herz Monica,2025-01,MONTHLY,Statistik BVG-Beitrag AN (BVG-LPP-RegularContribution),-53.0,-53.0,0.0,OK,
TF02,Paganini Maria,2025-01,MONTHLY,Statistik Grundlohn (GrossBaseSalaryAndRegularAllowance),5969.05,5969.05,0.0,OK,
TF02,Paganini Maria,2025-01,MONTHLY,Statistik Zulagen (Allowances),90.0,0.0,90.0,DIFF,
TF02,Paganini Maria,2025-01,MONTHLY,Statistik Familienzulagen (FamilyIncomeSupplement),215.0,215.0,0.0,OK,
TF02,Paganini Maria,2025-01,MONTHLY,Statistik Leistungen Dritter (PaymentsByThird),0.0,0.0,0.0,OK,
TF02,Paganini Maria,2025-01,MONTHLY,Statistik BVG-Beitrag AN (BVG-LPP-RegularContribution),-408.33,-408.33,0.0,OK,
TF03,Lusser Pia,2025-01,MONTHLY,Statistik Grundlohn (GrossBaseSalaryAndRegularAllowance),5500.0,5500.0,0.0,OK,
TF03,Lusser Pia,2025-01,MONTHLY,Statistik Zulagen (Allowances),0.0,0.0,0.0,OK,
TF03,Lusser Pia,2025-01,MONTHLY,Statistik Familienzulagen (FamilyIncomeSupplement),0.0,0.0,0.0,OK,
TF03,Lusser Pia,2025-01,MONTHLY,Statistik Leistungen Dritter (PaymentsByThird),0.0,0.0,0.0,OK,
TF03,Lusser Pia,2025-01,MONTHLY,Statistik BVG-Beitrag AN (BVG-LPP-RegularContribution),-385.0,-385.0,0.0,OK,
TF04,Fankhauser Markus,2025-01,MONTHLY,Statistik Grundlohn (GrossBaseSalaryAndRegularAllowance),30000.0,30000.0,0.0,OK,
TF04,Fankhauser Markus,2025-01,MONTHLY,Statistik Zulagen (Allowances),0.0,0.0,0.0,OK,
TF04,Fankhauser Markus,2025-01,MONTHLY,Statistik Familienzulagen (FamilyIncomeSupplement),0.0,0.0,0.0,OK,
TF04,Fankhauser Markus,2025-01,MONTHLY,Statistik Leistungen Dritter (PaymentsByThird),0.0,0.0,0.0,OK,
TF04,Fankhauser Markus,2025-01,MONTHLY,Statistik BVG-Beitrag AN (BVG-LPP-RegularContribution),-2800.0,-2800.0,0.0,OK,
TF05,Moser Johann,2025-01,MONTHLY,Statistik Grundlohn (GrossBaseSalaryAndRegularAllowance),1350.0,1350.0,0.0,OK,
TF05,Moser Johann,2025-01,MONTHLY,Statistik Zulagen (Allowances),0.0,0.0,0.0,OK,
TF05,Moser Johann,2025-01,MONTHLY,Statistik Familienzulagen (FamilyIncomeSupplement),0.0,0.0,0.0,OK,
TF05,Moser Johann,2025-01,MONTHLY,Statistik Leistungen Dritter (PaymentsByThird),0.0,0.0,0.0,OK,
TF05,Moser Johann,2025-01,MONTHLY,Statistik BVG-Beitrag AN (BVG-LPP-RegularContribution),-117.0,-117.0,0.0,OK,
TF06,Zahnd Anita,2025-01,MONTHLY,Statistik Grundlohn (GrossBaseSalaryAndRegularAllowance),13500.0,13500.0,0.0,OK,
TF06,Zahnd Anita,2025-01,MONTHLY,Statistik Zulagen (Allowances),0.0,0.0,0.0,OK,
TF06,Zahnd Anita,2025-01,MONTHLY,Statistik Familienzulagen (FamilyIncomeSupplement),0.0,0.0,0.0,OK,
TF06,Zahnd Anita,2025-01,MONTHLY,Statistik Leistungen Dritter (PaymentsByThird),0.0,0.0,0.0,OK,
TF06,Zahnd Anita,2025-01,MONTHLY,Statistik BVG-Beitrag AN (BVG-LPP-RegularContribution),-1080.0,-1080.0,0.0,OK,
TF08,Lamon René,2025-01,MONTHLY,Statistik Grundlohn (GrossBaseSalaryAndRegularAllowance),9548.05,9548.05,0.0,OK,
TF08,Lamon René,2025-01,MONTHLY,Statistik Zulagen (Allowances),0.0,0.0,0.0,OK,
TF08,Lamon René,2025-01,MONTHLY,Statistik Familienzulagen (FamilyIncomeSupplement),250.0,250.0,0.0,OK,
TF08,Lamon René,2025-01,MONTHLY,Statistik Leistungen Dritter (PaymentsByThird),0.0,0.0,0.0,OK,
TF08,Lamon René,2025-01,MONTHLY,Statistik BVG-Beitrag AN (BVG-LPP-RegularContribution),-751.09,-751.09,0.0,OK,
TF09,Estermann Michael,2025-01,MONTHLY,Statistik Grundlohn (GrossBaseSalaryAndRegularAllowance),2000.0,2000.0,0.0,OK,
TF09,Estermann Michael,2025-01,MONTHLY,Statistik Zulagen (Allowances),0.0,0.0,0.0,OK,
TF09,Estermann Michael,2025-01,MONTHLY,Statistik Familienzulagen (FamilyIncomeSupplement),0.0,0.0,0.0,OK,
TF09,Estermann Michael,2025-01,MONTHLY,Statistik Leistungen Dritter (PaymentsByThird),0.0,0.0,0.0,OK,
TF09,Estermann Michael,2025-01,MONTHLY,Statistik BVG-Beitrag AN (BVG-LPP-RegularContribution),0.0,-0.0,0.0,OK,
TF11,Bosshard Peter,2025-01,MONTHLY,Statistik Grundlohn (GrossBaseSalaryAndRegularAllowance),10100.0,11550.0,-1450.0,DIFF,
TF11,Bosshard Peter,2025-01,MONTHLY,Statistik Zulagen (Allowances),0.0,0.0,0.0,OK,
TF11,Bosshard Peter,2025-01,MONTHLY,Statistik Familienzulagen (FamilyIncomeSupplement),260.0,260.0,0.0,OK,
TF11,Bosshard Peter,2025-01,MONTHLY,Statistik Leistungen Dritter (PaymentsByThird),0.0,0.0,0.0,OK,
TF11,Bosshard Peter,2025-01,MONTHLY,Statistik BVG-Beitrag AN (BVG-LPP-RegularContribution),-864.5,-864.5,0.0,OK,
TF13,Combertaldi Renato,2025-01,MONTHLY,Statistik Grundlohn (GrossBaseSalaryAndRegularAllowance),2200.0,2200.0,0.0,OK,
TF13,Combertaldi Renato,2025-01,MONTHLY,Statistik Zulagen (Allowances),0.0,0.0,0.0,OK,
TF13,Combertaldi Renato,2025-01,MONTHLY,Statistik Familienzulagen (FamilyIncomeSupplement),0.0,0.0,0.0,OK,
TF13,Combertaldi Renato,2025-01,MONTHLY,Statistik Leistungen Dritter (PaymentsByThird),0.0,0.0,0.0,OK,
TF13,Combertaldi Renato,2025-01,MONTHLY,Statistik BVG-Beitrag AN (BVG-LPP-RegularContribution),0.0,-0.0,0.0,OK,
TF14,Egli Anna,2025-01,MONTHLY,Statistik Grundlohn (GrossBaseSalaryAndRegularAllowance),3369.9,3369.9,0.0,OK,
TF14,Egli Anna,2025-01,MONTHLY,Statistik Zulagen (Allowances),0.0,0.0,0.0,OK,
TF14,Egli Anna,2025-01,MONTHLY,Statistik Familienzulagen (FamilyIncomeSupplement),0.0,0.0,0.0,OK,
TF14,Egli Anna,2025-01,MONTHLY,Statistik Leistungen Dritter (PaymentsByThird),0.0,0.0,0.0,OK,
TF14,Egli Anna,2025-01,MONTHLY,Statistik BVG-Beitrag AN (BVG-LPP-RegularContribution),0.0,-0.0,0.0,OK,
TF16,Aebi Anna,2025-01,MONTHLY,Statistik Grundlohn (GrossBaseSalaryAndRegularAllowance),0.0,0.0,0.0,OK,
TF16,Aebi Anna,2025-01,MONTHLY,Statistik Zulagen (Allowances),0.0,0.0,0.0,OK,
TF16,Aebi Anna,2025-01,MONTHLY,Statistik Familienzulagen (FamilyIncomeSupplement),0.0,0.0,0.0,OK,
TF16,Aebi Anna,2025-01,MONTHLY,Statistik Leistungen Dritter (PaymentsByThird),0.0,0.0,0.0,OK,
TF16,Aebi Anna,2025-01,MONTHLY,Statistik BVG-Beitrag AN (BVG-LPP-RegularContribution),0.0,-0.0,0.0,OK,
TF17,Binggeli Fritz,2025-01,MONTHLY,Statistik Grundlohn (GrossBaseSalaryAndRegularAllowance),4550.0,4550.0,0.0,OK,
TF17,Binggeli Fritz,2025-01,MONTHLY,Statistik Zulagen (Allowances),0.0,0.0,0.0,OK,
TF17,Binggeli Fritz,2025-01,MONTHLY,Statistik Familienzulagen (FamilyIncomeSupplement),0.0,0.0,0.0,OK,
TF17,Binggeli Fritz,2025-01,MONTHLY,Statistik Leistungen Dritter (PaymentsByThird),0.0,0.0,0.0,OK,
TF17,Binggeli Fritz,2025-01,MONTHLY,Statistik BVG-Beitrag AN (BVG-LPP-RegularContribution),-318.5,-318.5,0.0,OK,
TF17,Binggeli Fritz,2025-01,MONTHLY,QST steuerbarer Lohn TI A0N (TaxableEarning),4550.0,4550.0,0.0,OK,"Satz-Lohn 6500.00, QST 495.95"
TF18,Blanc Pierre,2025-01,MONTHLY,Statistik Grundlohn (GrossBaseSalaryAndRegularAllowance),1179.45,1179.45,0.0,OK,
TF18,Blanc Pierre,2025-01,MONTHLY,Statistik Zulagen (Allowances),0.0,0.0,0.0,OK,
TF18,Blanc Pierre,2025-01,MONTHLY,Statistik Familienzulagen (FamilyIncomeSupplement),0.0,0.0,0.0,OK,
TF18,Blanc Pierre,2025-01,MONTHLY,Statistik Leistungen Dritter (PaymentsByThird),0.0,0.0,0.0,OK,
TF18,Blanc Pierre,2025-01,MONTHLY,Statistik BVG-Beitrag AN (BVG-LPP-RegularContribution),-76.44,-76.44,0.0,OK,
TF18,Blanc Pierre,2025-01,MONTHLY,QST steuerbarer Lohn BE B0Y (TaxableEarning),1179.45,1179.45,0.0,OK,"Satz-Lohn 4859.35, QST 80.30"
TF19,Andrey Melanie,2025-01,MONTHLY,Statistik Grundlohn (GrossBaseSalaryAndRegularAllowance),2600.0,2600.0,0.0,OK,
TF19,Andrey Melanie,2025-01,MONTHLY,Statistik Zulagen (Allowances),0.0,0.0,0.0,OK,
TF19,Andrey Melanie,2025-01,MONTHLY,Statistik Familienzulagen (FamilyIncomeSupplement),0.0,0.0,0.0,OK,
TF19,Andrey Melanie,2025-01,MONTHLY,Statistik Leistungen Dritter (PaymentsByThird),0.0,0.0,0.0,OK,
TF19,Andrey Melanie,2025-01,MONTHLY,Statistik BVG-Beitrag AN (BVG-LPP-RegularContribution),-197.16,-197.16,0.0,OK,
TF19,Andrey Melanie,2025-01,MONTHLY,QST steuerbarer Lohn TI A0N (TaxableEarning),2600.0,2600.0,0.0,OK,"Satz-Lohn 4680.00, QST 205.40"
TF20,Arnold Lukas,2025-01,MONTHLY,Statistik Grundlohn (GrossBaseSalaryAndRegularAllowance),2000.0,2000.0,0.0,OK,
TF20,Arnold Lukas,2025-01,MONTHLY,Statistik Zulagen (Allowances),0.0,0.0,0.0,OK,
TF20,Arnold Lukas,2025-01,MONTHLY,Statistik Familienzulagen (FamilyIncomeSupplement),0.0,0.0,0.0,OK,
TF20,Arnold Lukas,2025-01,MONTHLY,Statistik Leistungen Dritter (PaymentsByThird),0.0,0.0,0.0,OK,
TF20,Arnold Lukas,2025-01,MONTHLY,Statistik BVG-Beitrag AN (BVG-LPP-RegularContribution),-173.33,-173.33,0.0,OK,
TF20,Arnold Lukas,2025-01,MONTHLY,QST steuerbarer Lohn BE A0Y (TaxableEarning),2000.0,2000.0,0.0,OK,"Satz-Lohn 5000.00, QST 219.00"
TF21,Meier Christian,2025-01,MONTHLY,Statistik Grundlohn (GrossBaseSalaryAndRegularAllowance),2000.0,2000.0,0.0,OK,
TF21,Meier Christian,2025-01,MONTHLY,Statistik Zulagen (Allowances),0.0,0.0,0.0,OK,
TF21,Meier Christian,2025-01,MONTHLY,Statistik Familienzulagen (FamilyIncomeSupplement),0.0,0.0,0.0,OK,
TF21,Meier Christian,2025-01,MONTHLY,Statistik Leistungen Dritter (PaymentsByThird),0.0,0.0,0.0,OK,
TF21,Meier Christian,2025-01,MONTHLY,Statistik BVG-Beitrag AN (BVG-LPP-RegularContribution),-151.67,-151.67,0.0,OK,
TF21,Meier Christian,2025-01,MONTHLY,QST steuerbarer Lohn TI A0N (TaxableEarning),2000.0,2000.0,0.0,OK,"Satz-Lohn 5000.00, QST 170.00"
TF22,Bucher Elisabeth,2025-01,MONTHLY,Statistik Grundlohn (GrossBaseSalaryAndRegularAllowance),5111.0,5111.0,0.0,OK,
TF22,Bucher Elisabeth,2025-01,MONTHLY,Statistik Zulagen (Allowances),0.0,0.0,0.0,OK,
TF22,Bucher Elisabeth,2025-01,MONTHLY,Statistik Familienzulagen (FamilyIncomeSupplement),0.0,0.0,0.0,OK,
TF22,Bucher Elisabeth,2025-01,MONTHLY,Statistik Leistungen Dritter (PaymentsByThird),0.0,0.0,0.0,OK,
TF22,Bucher Elisabeth,2025-01,MONTHLY,Statistik BVG-Beitrag AN (BVG-LPP-RegularContribution),-151.66,-151.66,0.0,OK,
TF22,Bucher Elisabeth,2025-01,MONTHLY,QST steuerbarer Lohn TI A0N (TaxableEarning),5111.0,5111.0,0.0,OK,"Satz-Lohn 5111.00, QST 444.65"
TF23,Koller Ludwig,2025-01,MONTHLY,Statistik Grundlohn (GrossBaseSalaryAndRegularAllowance),5000.0,5000.0,0.0,OK,
TF23,Koller Ludwig,2025-01,MONTHLY,Statistik Zulagen (Allowances),0.0,0.0,0.0,OK,
TF23,Koller Ludwig,2025-01,MONTHLY,Statistik Familienzulagen (FamilyIncomeSupplement),0.0,0.0,0.0,OK,
TF23,Koller Ludwig,2025-01,MONTHLY,Statistik Leistungen Dritter (PaymentsByThird),0.0,0.0,0.0,OK,
TF23,Koller Ludwig,2025-01,MONTHLY,Statistik BVG-Beitrag AN (BVG-LPP-RegularContribution),-379.16,-379.16,0.0,OK,
TF23,Koller Ludwig,2025-01,MONTHLY,QST steuerbarer Lohn TI A0N (TaxableEarning),5000.0,5000.0,0.0,OK,"Satz-Lohn 5000.00, QST 425.00"
TF24,Utzinger Jan,2025-01,MONTHLY,Statistik Grundlohn (GrossBaseSalaryAndRegularAllowance),8000.0,8000.0,0.0,OK,
TF24,Utzinger Jan,2025-01,MONTHLY,Statistik Zulagen (Allowances),0.0,0.0,0.0,OK,
TF24,Utzinger Jan,2025-01,MONTHLY,Statistik Familienzulagen (FamilyIncomeSupplement),0.0,0.0,0.0,OK,
TF24,Utzinger Jan,2025-01,MONTHLY,Statistik Leistungen Dritter (PaymentsByThird),0.0,0.0,0.0,OK,
TF24,Utzinger Jan,2025-01,MONTHLY,Statistik BVG-Beitrag AN (BVG-LPP-RegularContribution),-606.67,-606.67,0.0,OK,
TF24,Utzinger Jan,2025-01,MONTHLY,QST steuerbarer Lohn TI B0N (TaxableEarning),8000.0,8000.0,0.0,OK,"Satz-Lohn 8000.00, QST 648.00"
TF28,Arbenz Esther,2025-01,MONTHLY,Statistik Grundlohn (GrossBaseSalaryAndRegularAllowance),6000.0,6000.0,0.0,OK,
TF28,Arbenz Esther,2025-01,MONTHLY,Statistik Zulagen (Allowances),0.0,0.0,0.0,OK,
TF28,Arbenz Esther,2025-01,MONTHLY,Statistik Familienzulagen (FamilyIncomeSupplement),0.0,0.0,0.0,OK,
TF28,Arbenz Esther,2025-01,MONTHLY,Statistik Leistungen Dritter (PaymentsByThird),0.0,0.0,0.0,OK,
TF28,Arbenz Esther,2025-01,MONTHLY,Statistik BVG-Beitrag AN (BVG-LPP-RegularContribution),-520.0,-520.0,0.0,OK,
TF28,Arbenz Esther,2025-01,MONTHLY,QST steuerbarer Lohn BE A0Y (TaxableEarning),4500.0,6000.0,-1500.0,DIFF,"Satz-Lohn 8000.00, QST 659.70"
TF29,Forster Moreno,2025-01,MONTHLY,Statistik Grundlohn (GrossBaseSalaryAndRegularAllowance),6000.0,6000.0,0.0,OK,
TF29,Forster Moreno,2025-01,MONTHLY,Statistik Zulagen (Allowances),0.0,0.0,0.0,OK,
TF29,Forster Moreno,2025-01,MONTHLY,Statistik Familienzulagen (FamilyIncomeSupplement),0.0,0.0,0.0,OK,
TF29,Forster Moreno,2025-01,MONTHLY,Statistik Leistungen Dritter (PaymentsByThird),0.0,0.0,0.0,OK,
TF29,Forster Moreno,2025-01,MONTHLY,Statistik BVG-Beitrag AN (BVG-LPP-RegularContribution),-455.0,-455.0,0.0,OK,
TF29,Forster Moreno,2025-01,MONTHLY,QST steuerbarer Lohn TI A0N (TaxableEarning),4500.0,6000.0,-1500.0,DIFF,"Satz-Lohn 8000.00, QST 576.00"
TF30,Müller Heinrich,2025-01,MONTHLY,Statistik Grundlohn (GrossBaseSalaryAndRegularAllowance),0.0,0.0,0.0,OK,
TF30,Müller Heinrich,2025-01,MONTHLY,Statistik Zulagen (Allowances),0.0,0.0,0.0,OK,
TF30,Müller Heinrich,2025-01,MONTHLY,Statistik Familienzulagen (FamilyIncomeSupplement),0.0,0.0,0.0,OK,
TF30,Müller Heinrich,2025-01,MONTHLY,Statistik Leistungen Dritter (PaymentsByThird),0.0,0.0,0.0,OK,
TF30,Müller Heinrich,2025-01,MONTHLY,Statistik BVG-Beitrag AN (BVG-LPP-RegularContribution),0.0,-0.0,0.0,OK,
TF30,Müller Heinrich,2025-01,MONTHLY,QST steuerbarer Lohn BE None (TaxableEarning),5500.0,5500.0,0.0,OK,"Satz-Lohn 5500.00, QST 1622.50"
TF31,Bolletto Franca,2025-01,MONTHLY,Statistik Grundlohn (GrossBaseSalaryAndRegularAllowance),5000.0,5000.0,0.0,OK,
TF31,Bolletto Franca,2025-01,MONTHLY,Statistik Zulagen (Allowances),0.0,0.0,0.0,OK,
TF31,Bolletto Franca,2025-01,MONTHLY,Statistik Familienzulagen (FamilyIncomeSupplement),0.0,0.0,0.0,OK,
TF31,Bolletto Franca,2025-01,MONTHLY,Statistik Leistungen Dritter (PaymentsByThird),0.0,0.0,0.0,OK,
TF31,Bolletto Franca,2025-01,MONTHLY,Statistik BVG-Beitrag AN (BVG-LPP-RegularContribution),-325.0,-325.0,0.0,OK,
TF31,Bolletto Franca,2025-01,MONTHLY,QST steuerbarer Lohn VD A0N (TaxableEarning),5000.0,5000.0,0.0,OK,"Satz-Lohn 5000.00, QST 419.00"
TF33,Châtelain Pierre,2025-01,MONTHLY,Statistik Grundlohn (GrossBaseSalaryAndRegularAllowance),5000.0,5000.0,0.0,OK,
TF33,Châtelain Pierre,2025-01,MONTHLY,Statistik Zulagen (Allowances),0.0,0.0,0.0,OK,
TF33,Châtelain Pierre,2025-01,MONTHLY,Statistik Familienzulagen (FamilyIncomeSupplement),0.0,0.0,0.0,OK,
TF33,Châtelain Pierre,2025-01,MONTHLY,Statistik Leistungen Dritter (PaymentsByThird),0.0,0.0,0.0,OK,
TF33,Châtelain Pierre,2025-01,MONTHLY,Statistik BVG-Beitrag AN (BVG-LPP-RegularContribution),-379.17,-379.17,0.0,OK,
TF33,Châtelain Pierre,2025-01,MONTHLY,QST steuerbarer Lohn BE A0Y (TaxableEarning),5000.0,5000.0,0.0,OK,"Satz-Lohn 5000.00, QST 547.50"
TF34,Rinaldi Massimo,2025-01,MONTHLY,Statistik Grundlohn (GrossBaseSalaryAndRegularAllowance),5000.0,5000.0,0.0,OK,
TF34,Rinaldi Massimo,2025-01,MONTHLY,Statistik Zulagen (Allowances),0.0,0.0,0.0,OK,
TF34,Rinaldi Massimo,2025-01,MONTHLY,Statistik Familienzulagen (FamilyIncomeSupplement),0.0,0.0,0.0,OK,
TF34,Rinaldi Massimo,2025-01,MONTHLY,Statistik Leistungen Dritter (PaymentsByThird),0.0,0.0,0.0,OK,
TF34,Rinaldi Massimo,2025-01,MONTHLY,Statistik BVG-Beitrag AN (BVG-LPP-RegularContribution),0.0,-0.0,0.0,OK,
TF34,Rinaldi Massimo,2025-01,MONTHLY,QST steuerbarer Lohn TI A0N (TaxableEarning),5000.0,5000.0,0.0,OK,"Satz-Lohn 5000.00, QST 425.00"
TF35,Roos Roland,2025-01,MONTHLY,Statistik Grundlohn (GrossBaseSalaryAndRegularAllowance),5000.0,5000.0,0.0,OK,
TF35,Roos Roland,2025-01,MONTHLY,Statistik Zulagen (Allowances),0.0,0.0,0.0,OK,
TF35,Roos Roland,2025-01,MONTHLY,Statistik Familienzulagen (FamilyIncomeSupplement),0.0,0.0,0.0,OK,
TF35,Roos Roland,2025-01,MONTHLY,Statistik Leistungen Dritter (PaymentsByThird),0.0,0.0,0.0,OK,
TF35,Roos Roland,2025-01,MONTHLY,Statistik BVG-Beitrag AN (BVG-LPP-RegularContribution),-379.17,-379.17,0.0,OK,
TF35,Roos Roland,2025-01,MONTHLY,QST steuerbarer Lohn TI A0N (TaxableEarning),5000.0,5000.0,0.0,OK,"Satz-Lohn 5000.00, QST 425.00"
TF36,Maldini Fabio,2025-01,MONTHLY,Statistik Grundlohn (GrossBaseSalaryAndRegularAllowance),5000.0,5000.0,0.0,OK,
TF36,Maldini Fabio,2025-01,MONTHLY,Statistik Zulagen (Allowances),0.0,0.0,0.0,OK,
TF36,Maldini Fabio,2025-01,MONTHLY,Statistik Familienzulagen (FamilyIncomeSupplement),0.0,0.0,0.0,OK,
TF36,Maldini Fabio,2025-01,MONTHLY,Statistik Leistungen Dritter (PaymentsByThird),0.0,0.0,0.0,OK,
TF36,Maldini Fabio,2025-01,MONTHLY,Statistik BVG-Beitrag AN (BVG-LPP-RegularContribution),-433.33,-433.33,0.0,OK,
TF36,Maldini Fabio,2025-01,MONTHLY,QST steuerbarer Lohn BE A0Y (TaxableEarning),5000.0,5000.0,0.0,OK,"Satz-Lohn 5000.00, QST 547.50"
TF37,Oberli Christine,2025-01,MONTHLY,Statistik Grundlohn (GrossBaseSalaryAndRegularAllowance),3000.0,5000.0,-2000.0,DIFF,
TF37,Oberli Christine,2025-01,MONTHLY,Statistik Zulagen (Allowances),0.0,0.0,0.0,OK,
TF37,Oberli Christine,2025-01,MONTHLY,Statistik Familienzulagen (FamilyIncomeSupplement),250.0,250.0,0.0,OK,
TF37,Oberli Christine,2025-01,MONTHLY,Statistik Leistungen Dritter (PaymentsByThird),0.0,0.0,0.0,OK,
TF37,Oberli Christine,2025-01,MONTHLY,Statistik BVG-Beitrag AN (BVG-LPP-RegularContribution),-400.0,-400.0,0.0,OK,
TF37,Oberli Christine,2025-01,MONTHLY,QST steuerbarer Lohn BE H1N (TaxableEarning),5250.0,5250.0,0.0,OK,"Satz-Lohn 7416.65, QST 450.45"
TF38,Jung Claude,2025-01,MONTHLY,Statistik Grundlohn (GrossBaseSalaryAndRegularAllowance),3000.0,3000.0,0.0,OK,
TF38,Jung Claude,2025-01,MONTHLY,Statistik Zulagen (Allowances),0.0,0.0,0.0,OK,
TF38,Jung Claude,2025-01,MONTHLY,Statistik Familienzulagen (FamilyIncomeSupplement),0.0,0.0,0.0,OK,
TF38,Jung Claude,2025-01,MONTHLY,Statistik Leistungen Dritter (PaymentsByThird),0.0,0.0,0.0,OK,
TF38,Jung Claude,2025-01,MONTHLY,Statistik BVG-Beitrag AN (BVG-LPP-RegularContribution),-393.33,-393.33,0.0,OK,
TF38,Jung Claude,2025-01,MONTHLY,QST steuerbarer Lohn BE A0Y (TaxableEarning),3000.0,3000.0,0.0,OK,"Satz-Lohn 3000.00, QST 171.60"
TF39,Hasler Harald,2025-01,MONTHLY,Statistik Grundlohn (GrossBaseSalaryAndRegularAllowance),0.0,0.0,0.0,OK,
TF39,Hasler Harald,2025-01,MONTHLY,Statistik Zulagen (Allowances),0.0,0.0,0.0,OK,
TF39,Hasler Harald,2025-01,MONTHLY,Statistik Familienzulagen (FamilyIncomeSupplement),0.0,0.0,0.0,OK,
TF39,Hasler Harald,2025-01,MONTHLY,Statistik Leistungen Dritter (PaymentsByThird),0.0,0.0,0.0,OK,
TF39,Hasler Harald,2025-01,MONTHLY,Statistik BVG-Beitrag AN (BVG-LPP-RegularContribution),0.0,-0.0,0.0,OK,
TF39,Hasler Harald,2025-01,MONTHLY,QST steuerbarer Lohn BE None (TaxableEarning),0.0,0.0,0.0,OK,"Satz-Lohn 0.00, QST 0.00"
TF40,Farine Corinne,2025-01,MONTHLY,Statistik Grundlohn (GrossBaseSalaryAndRegularAllowance),4000.0,4000.0,0.0,OK,
TF40,Farine Corinne,2025-01,MONTHLY,Statistik Zulagen (Allowances),0.0,0.0,0.0,OK,
TF40,Farine Corinne,2025-01,MONTHLY,Statistik Familienzulagen (FamilyIncomeSupplement),250.0,250.0,0.0,OK,
TF40,Farine Corinne,2025-01,MONTHLY,Statistik Leistungen Dritter (PaymentsByThird),0.0,0.0,0.0,OK,
TF40,Farine Corinne,2025-01,MONTHLY,Statistik BVG-Beitrag AN (BVG-LPP-RegularContribution),-346.67,-346.67,0.0,OK,
TF40,Farine Corinne,2025-01,MONTHLY,QST steuerbarer Lohn BE A1Y (TaxableEarning),4250.0,4250.0,0.0,OK,"Satz-Lohn 4250.00, QST 229.95"
TF41,Meier Max,2025-01,MONTHLY,Statistik Grundlohn (GrossBaseSalaryAndRegularAllowance),10000.0,10000.0,0.0,OK,
TF41,Meier Max,2025-01,MONTHLY,Statistik Zulagen (Allowances),0.0,0.0,0.0,OK,
TF41,Meier Max,2025-01,MONTHLY,Statistik Familienzulagen (FamilyIncomeSupplement),0.0,0.0,0.0,OK,
TF41,Meier Max,2025-01,MONTHLY,Statistik Leistungen Dritter (PaymentsByThird),0.0,0.0,0.0,OK,
TF41,Meier Max,2025-01,MONTHLY,Statistik BVG-Beitrag AN (BVG-LPP-RegularContribution),0.0,-0.0,0.0,OK,
TF41,Meier Max,2025-01,MONTHLY,QST steuerbarer Lohn TI A0N (TaxableEarning),10000.0,10000.0,0.0,OK,"Satz-Lohn 10000.00, QST 1490.00"
TF44,Lusser Hans,2025-01,MONTHLY,Statistik Grundlohn (GrossBaseSalaryAndRegularAllowance),5500.0,5500.0,0.0,OK,
TF44,Lusser Hans,2025-01,MONTHLY,Statistik Zulagen (Allowances),0.0,0.0,0.0,OK,
TF44,Lusser Hans,2025-01,MONTHLY,Statistik Familienzulagen (FamilyIncomeSupplement),0.0,0.0,0.0,OK,
TF44,Lusser Hans,2025-01,MONTHLY,Statistik Leistungen Dritter (PaymentsByThird),0.0,0.0,0.0,OK,
TF44,Lusser Hans,2025-01,MONTHLY,Statistik BVG-Beitrag AN (BVG-LPP-RegularContribution),-385.0,-385.0,0.0,OK,
TF07,Burri Heidi,2025-01,MONTHLY,Person fehlt im XML,0.0,15000.0,-15000.0,DIFF,"CSV hat Lohn im Monat, MONTHLY ohne Person"
TF01,Herz Monica,2025-02,RETRO,AHV-Basis (AHV-AVS-BaseSalary),20833.9,20833.9,0.0,OK,
TF01,Herz Monica,2025-02,RETRO,FAK-Basis (FAK-CAF-ContributorySalary),20833.9,20833.9,0.0,OK,
TF01,Herz Monica,2025-02,RETRO,FAK Kinderzulagen wiederkehrend (3000),0.0,0.0,0.0,OK,
TF01,Herz Monica,2025-02,RETRO,FAK Zulagen einmalig (3001+3034),0.0,0.0,0.0,OK,
TF01,Herz Monica,2025-02,RETRO,UVG-Bruttolohn (UVG-LAA-GrossSalary),23833.9,23833.9,0.0,OK,
TF01,Herz Monica,2025-02,RETRO,UVG-Basis (UVG-LAA-BaseSalary),20833.9,20833.9,0.0,OK,
TF01,Herz Monica,2025-02,RETRO,UVGZ-Basis (UVGZ-LAAC-BaseSalary),20833.9,20833.9,0.0,OK,
TF01,Herz Monica,2025-02,RETRO,KTG-Referenzlohn (Reference-AHV-AVS-Salary),20833.9,20833.9,0.0,OK,
TF01,Herz Monica,2025-02,RETRO,"Lohnausweis Bruttolohn (GrossIncome, Ziff. 8)",23833.9,23833.9,0.0,OK,
TF01,Herz Monica,2025-02,RETRO,Lohnausweis BVG ordentlich (Ziff. 10.1 = 5050+1972),1470.0,1470.0,0.0,OK,
TF02,Paganini Maria,2025-02,RETRO,AHV-Basis (AHV-AVS-BaseSalary),12268.85,12268.85,0.0,OK,
TF02,Paganini Maria,2025-02,RETRO,FAK-Basis (FAK-CAF-ContributorySalary),12268.85,12268.85,0.0,OK,
TF02,Paganini Maria,2025-02,RETRO,FAK Kinderzulagen wiederkehrend (3000),430.0,430.0,0.0,OK,
TF02,Paganini Maria,2025-02,RETRO,FAK Zulagen einmalig (3001+3034),0.0,0.0,0.0,OK,
TF02,Paganini Maria,2025-02,RETRO,UVG-Bruttolohn (UVG-LAA-GrossSalary),12098.85,12098.85,0.0,OK,
TF02,Paganini Maria,2025-02,RETRO,UVG-Basis (UVG-LAA-BaseSalary),12268.85,12268.85,0.0,OK,
TF02,Paganini Maria,2025-02,RETRO,UVGZ-Basis (UVGZ-LAAC-BaseSalary),12268.85,12268.85,0.0,OK,
TF02,Paganini Maria,2025-02,RETRO,KTG-Referenzlohn (Reference-AHV-AVS-Salary),12268.85,12268.85,0.0,OK,
TF02,Paganini Maria,2025-02,RETRO,"Lohnausweis Bruttolohn (GrossIncome, Ziff. 8)",12098.85,12098.85,0.0,OK,
TF02,Paganini Maria,2025-02,RETRO,Lohnausweis BVG ordentlich (Ziff. 10.1 = 5050+1972),816.65,816.66,-0.01,OK,
TF03,Lusser Pia,2025-02,RETRO,AHV-Basis (AHV-AVS-BaseSalary),48200.0,48200.0,0.0,OK,
TF03,Lusser Pia,2025-02,RETRO,FAK-Basis (FAK-CAF-ContributorySalary),48200.0,48200.0,0.0,OK,
TF03,Lusser Pia,2025-02,RETRO,FAK Kinderzulagen wiederkehrend (3000),0.0,0.0,0.0,OK,
TF03,Lusser Pia,2025-02,RETRO,FAK Zulagen einmalig (3001+3034),0.0,0.0,0.0,OK,
TF03,Lusser Pia,2025-02,RETRO,UVG-Bruttolohn (UVG-LAA-GrossSalary),54200.0,54200.0,0.0,OK,
TF03,Lusser Pia,2025-02,RETRO,UVG-Basis (UVG-LAA-BaseSalary),48200.0,48200.0,0.0,OK,
TF03,Lusser Pia,2025-02,RETRO,UVGZ-Basis (UVGZ-LAAC-BaseSalary),48200.0,48200.0,0.0,OK,
TF03,Lusser Pia,2025-02,RETRO,KTG-Referenzlohn (Reference-AHV-AVS-Salary),48200.0,48200.0,0.0,OK,
TF03,Lusser Pia,2025-02,RETRO,"Lohnausweis Bruttolohn (GrossIncome, Ziff. 8)",54200.0,54200.0,0.0,OK,
TF03,Lusser Pia,2025-02,RETRO,Lohnausweis BVG ordentlich (Ziff. 10.1 = 5050+1972),770.0,770.0,0.0,OK,
TF04,Fankhauser Markus,2025-02,RETRO,AHV-Basis (AHV-AVS-BaseSalary),60000.0,60000.0,0.0,OK,
TF04,Fankhauser Markus,2025-02,RETRO,FAK-Basis (FAK-CAF-ContributorySalary),60000.0,60000.0,0.0,OK,
TF04,Fankhauser Markus,2025-02,RETRO,FAK Kinderzulagen wiederkehrend (3000),0.0,0.0,0.0,OK,
TF04,Fankhauser Markus,2025-02,RETRO,FAK Zulagen einmalig (3001+3034),0.0,0.0,0.0,OK,
TF04,Fankhauser Markus,2025-02,RETRO,UVG-Bruttolohn (UVG-LAA-GrossSalary),60000.0,60000.0,0.0,OK,
TF04,Fankhauser Markus,2025-02,RETRO,UVG-Basis (UVG-LAA-BaseSalary),60000.0,60000.0,0.0,OK,
TF04,Fankhauser Markus,2025-02,RETRO,UVGZ-Basis (UVGZ-LAAC-BaseSalary),60000.0,60000.0,0.0,OK,
TF04,Fankhauser Markus,2025-02,RETRO,KTG-Referenzlohn (Reference-AHV-AVS-Salary),60000.0,60000.0,0.0,OK,
TF04,Fankhauser Markus,2025-02,RETRO,"Lohnausweis Bruttolohn (GrossIncome, Ziff. 8)",60000.0,60000.0,0.0,OK,
TF04,Fankhauser Markus,2025-02,RETRO,Lohnausweis BVG ordentlich (Ziff. 10.1 = 5050+1972),5600.0,5600.0,0.0,OK,
TF05,Moser Johann,2025-02,RETRO,AHV-Basis (AHV-AVS-BaseSalary),2700.0,2700.0,0.0,OK,
TF05,Moser Johann,2025-02,RETRO,FAK-Basis (FAK-CAF-ContributorySalary),2700.0,2700.0,0.0,OK,
TF05,Moser Johann,2025-02,RETRO,FAK Kinderzulagen wiederkehrend (3000),0.0,0.0,0.0,OK,
TF05,Moser Johann,2025-02,RETRO,FAK Zulagen einmalig (3001+3034),0.0,0.0,0.0,OK,
TF05,Moser Johann,2025-02,RETRO,UVG-Bruttolohn (UVG-LAA-GrossSalary),2700.0,2700.0,0.0,OK,
TF05,Moser Johann,2025-02,RETRO,UVG-Basis (UVG-LAA-BaseSalary),2700.0,2700.0,0.0,OK,
TF05,Moser Johann,2025-02,RETRO,UVGZ-Basis (UVGZ-LAAC-BaseSalary),2700.0,2700.0,0.0,OK,
TF05,Moser Johann,2025-02,RETRO,KTG-Referenzlohn (Reference-AHV-AVS-Salary),2700.0,2700.0,0.0,OK,
TF05,Moser Johann,2025-02,RETRO,"Lohnausweis Bruttolohn (GrossIncome, Ziff. 8)",2700.0,2700.0,0.0,OK,
TF05,Moser Johann,2025-02,RETRO,Lohnausweis BVG ordentlich (Ziff. 10.1 = 5050+1972),234.0,234.0,0.0,OK,
TF06,Zahnd Anita,2025-02,RETRO,AHV-Basis (AHV-AVS-BaseSalary),27000.0,27000.0,0.0,OK,
TF06,Zahnd Anita,2025-02,RETRO,FAK-Basis (FAK-CAF-ContributorySalary),27000.0,27000.0,0.0,OK,
TF06,Zahnd Anita,2025-02,RETRO,FAK Kinderzulagen wiederkehrend (3000),0.0,0.0,0.0,OK,
TF06,Zahnd Anita,2025-02,RETRO,FAK Zulagen einmalig (3001+3034),0.0,0.0,0.0,OK,
TF06,Zahnd Anita,2025-02,RETRO,UVG-Bruttolohn (UVG-LAA-GrossSalary),27000.0,27000.0,0.0,OK,
TF06,Zahnd Anita,2025-02,RETRO,UVG-Basis (UVG-LAA-BaseSalary),27000.0,27000.0,0.0,OK,
TF06,Zahnd Anita,2025-02,RETRO,UVGZ-Basis (UVGZ-LAAC-BaseSalary),27000.0,27000.0,0.0,OK,
TF06,Zahnd Anita,2025-02,RETRO,KTG-Referenzlohn (Reference-AHV-AVS-Salary),27000.0,27000.0,0.0,OK,
TF06,Zahnd Anita,2025-02,RETRO,"Lohnausweis Bruttolohn (GrossIncome, Ziff. 8)",27000.0,27000.0,0.0,OK,
TF06,Zahnd Anita,2025-02,RETRO,Lohnausweis BVG ordentlich (Ziff. 10.1 = 5050+1972),2160.0,2160.0,0.0,OK,
TF07,Burri Heidi,2025-02,RETRO,AHV-Basis (AHV-AVS-BaseSalary),5500.0,5500.0,0.0,OK,
TF07,Burri Heidi,2025-02,RETRO,FAK-Basis (FAK-CAF-ContributorySalary),5500.0,5500.0,0.0,OK,
TF07,Burri Heidi,2025-02,RETRO,FAK Kinderzulagen wiederkehrend (3000),0.0,0.0,0.0,OK,
TF07,Burri Heidi,2025-02,RETRO,FAK Zulagen einmalig (3001+3034),0.0,0.0,0.0,OK,
TF07,Burri Heidi,2025-02,RETRO,UVG-Bruttolohn (UVG-LAA-GrossSalary),15000.0,15000.0,0.0,OK,
TF07,Burri Heidi,2025-02,RETRO,UVG-Basis (UVG-LAA-BaseSalary),5500.0,5500.0,0.0,OK,
TF07,Burri Heidi,2025-02,RETRO,UVGZ-Basis (UVGZ-LAAC-BaseSalary),5500.0,5500.0,0.0,OK,
TF07,Burri Heidi,2025-02,RETRO,KTG-Referenzlohn (Reference-AHV-AVS-Salary),5500.0,5500.0,0.0,OK,
TF07,Burri Heidi,2025-02,RETRO,"Lohnausweis Bruttolohn (GrossIncome, Ziff. 8)",15000.0,15000.0,0.0,OK,
TF07,Burri Heidi,2025-02,RETRO,Lohnausweis BVG ordentlich (Ziff. 10.1 = 5050+1972),0.0,0.0,0.0,OK,
TF08,Lamon René,2025-02,RETRO,AHV-Basis (AHV-AVS-BaseSalary),20686.8,20686.8,0.0,OK,
TF08,Lamon René,2025-02,RETRO,FAK-Basis (FAK-CAF-ContributorySalary),20686.8,20686.8,0.0,OK,
TF08,Lamon René,2025-02,RETRO,FAK Kinderzulagen wiederkehrend (3000),500.0,500.0,0.0,OK,
TF08,Lamon René,2025-02,RETRO,FAK Zulagen einmalig (3001+3034),0.0,0.0,0.0,OK,
TF08,Lamon René,2025-02,RETRO,UVG-Bruttolohn (UVG-LAA-GrossSalary),21186.8,21186.8,0.0,OK,
TF08,Lamon René,2025-02,RETRO,UVG-Basis (UVG-LAA-BaseSalary),20686.8,20686.8,0.0,OK,
TF08,Lamon René,2025-02,RETRO,UVGZ-Basis (UVGZ-LAAC-BaseSalary),20686.8,20686.8,0.0,OK,
TF08,Lamon René,2025-02,RETRO,KTG-Referenzlohn (Reference-AHV-AVS-Salary),20686.8,20686.8,0.0,OK,
TF08,Lamon René,2025-02,RETRO,"Lohnausweis Bruttolohn (GrossIncome, Ziff. 8)",21186.8,21186.8,0.0,OK,
TF08,Lamon René,2025-02,RETRO,Lohnausweis BVG ordentlich (Ziff. 10.1 = 5050+1972),1502.2,1502.18,0.02,OK,
TF09,Estermann Michael,2025-02,RETRO,FAK-Basis (FAK-CAF-ContributorySalary),1200.0,4000.0,-2800.0,DIFF,
TF09,Estermann Michael,2025-02,RETRO,FAK Kinderzulagen wiederkehrend (3000),0.0,0.0,0.0,OK,
TF09,Estermann Michael,2025-02,RETRO,FAK Zulagen einmalig (3001+3034),0.0,0.0,0.0,OK,
TF09,Estermann Michael,2025-02,RETRO,UVG-Bruttolohn (UVG-LAA-GrossSalary),4000.0,4000.0,0.0,OK,
TF09,Estermann Michael,2025-02,RETRO,UVG-Basis (UVG-LAA-BaseSalary),4000.0,4000.0,0.0,OK,
TF09,Estermann Michael,2025-02,RETRO,UVGZ-Basis (UVGZ-LAAC-BaseSalary),4000.0,4000.0,0.0,OK,
TF09,Estermann Michael,2025-02,RETRO,KTG-Referenzlohn (Reference-AHV-AVS-Salary),4000.0,4000.0,0.0,OK,
TF09,Estermann Michael,2025-02,RETRO,"Lohnausweis Bruttolohn (GrossIncome, Ziff. 8)",4000.0,4000.0,0.0,OK,
TF09,Estermann Michael,2025-02,RETRO,Lohnausweis BVG ordentlich (Ziff. 10.1 = 5050+1972),0.0,0.0,0.0,OK,
TF10,Ganz Heinz,2025-02,RETRO,AHV-Basis (AHV-AVS-BaseSalary),6400.0,6400.0,0.0,OK,
TF10,Ganz Heinz,2025-02,RETRO,FAK-Basis (FAK-CAF-ContributorySalary),6400.0,6400.0,0.0,OK,
TF10,Ganz Heinz,2025-02,RETRO,FAK Kinderzulagen wiederkehrend (3000),0.0,0.0,0.0,OK,
TF10,Ganz Heinz,2025-02,RETRO,FAK Zulagen einmalig (3001+3034),0.0,0.0,0.0,OK,
TF10,Ganz Heinz,2025-02,RETRO,UVG-Bruttolohn (UVG-LAA-GrossSalary),6400.0,6400.0,0.0,OK,
TF10,Ganz Heinz,2025-02,RETRO,UVG-Basis (UVG-LAA-BaseSalary),5400.0,5400.0,0.0,OK,
TF10,Ganz Heinz,2025-02,RETRO,UVGZ-Basis (UVGZ-LAAC-BaseSalary),5400.0,5400.0,0.0,OK,
TF10,Ganz Heinz,2025-02,RETRO,KTG-Referenzlohn (Reference-AHV-AVS-Salary),6400.0,6400.0,0.0,OK,
TF10,Ganz Heinz,2025-02,RETRO,"Lohnausweis Bruttolohn (GrossIncome, Ziff. 8)",6400.0,6400.0,0.0,OK,
TF10,Ganz Heinz,2025-02,RETRO,Lohnausweis BVG ordentlich (Ziff. 10.1 = 5050+1972),448.0,448.0,0.0,OK,
TF11,Bosshard Peter,2025-02,RETRO,AHV-Basis (AHV-AVS-BaseSalary),23100.0,23100.0,0.0,OK,
TF11,Bosshard Peter,2025-02,RETRO,FAK-Basis (FAK-CAF-ContributorySalary),23100.0,23100.0,0.0,OK,
TF11,Bosshard Peter,2025-02,RETRO,FAK Kinderzulagen wiederkehrend (3000),520.0,520.0,0.0,OK,
TF11,Bosshard Peter,2025-02,RETRO,FAK Zulagen einmalig (3001+3034),0.0,0.0,0.0,OK,
TF11,Bosshard Peter,2025-02,RETRO,UVG-Bruttolohn (UVG-LAA-GrossSalary),23620.0,23620.0,0.0,OK,
TF11,Bosshard Peter,2025-02,RETRO,UVG-Basis (UVG-LAA-BaseSalary),23100.0,23100.0,0.0,OK,
TF11,Bosshard Peter,2025-02,RETRO,UVGZ-Basis (UVGZ-LAAC-BaseSalary),46200.0,23100.0,23100.0,DIFF,
TF11,Bosshard Peter,2025-02,RETRO,KTG-Referenzlohn (Reference-AHV-AVS-Salary),46200.0,23100.0,23100.0,DIFF,
TF11,Bosshard Peter,2025-02,RETRO,"Lohnausweis Bruttolohn (GrossIncome, Ziff. 8)",23620.0,23620.0,0.0,OK,
TF11,Bosshard Peter,2025-02,RETRO,Lohnausweis BVG ordentlich (Ziff. 10.1 = 5050+1972),1729.0,1729.0,0.0,OK,
TF12,Casanova Renato,2025-02,RETRO,AHV-Basis (AHV-AVS-BaseSalary),2450.0,2450.0,0.0,OK,
TF12,Casanova Renato,2025-02,RETRO,FAK-Basis (FAK-CAF-ContributorySalary),2450.0,2450.0,0.0,OK,
TF12,Casanova Renato,2025-02,RETRO,FAK Kinderzulagen wiederkehrend (3000),0.0,0.0,0.0,OK,
TF12,Casanova Renato,2025-02,RETRO,FAK Zulagen einmalig (3001+3034),0.0,0.0,0.0,OK,
TF12,Casanova Renato,2025-02,RETRO,UVG-Bruttolohn (UVG-LAA-GrossSalary),2450.0,2450.0,0.0,OK,
TF12,Casanova Renato,2025-02,RETRO,UVG-Basis (UVG-LAA-BaseSalary),2450.0,2450.0,0.0,OK,
TF12,Casanova Renato,2025-02,RETRO,UVGZ-Basis (UVGZ-LAAC-BaseSalary),2450.0,2450.0,0.0,OK,
TF12,Casanova Renato,2025-02,RETRO,KTG-Referenzlohn (Reference-AHV-AVS-Salary),2450.0,2450.0,0.0,OK,
TF12,Casanova Renato,2025-02,RETRO,"Lohnausweis Bruttolohn (GrossIncome, Ziff. 8)",2450.0,2450.0,0.0,OK,
TF12,Casanova Renato,2025-02,RETRO,Lohnausweis BVG ordentlich (Ziff. 10.1 = 5050+1972),899.5,899.5,0.0,OK,
TF13,Combertaldi Renato,2025-02,RETRO,UVG-Bruttolohn (UVG-LAA-GrossSalary),4400.0,4400.0,0.0,OK,
TF13,Combertaldi Renato,2025-02,RETRO,UVG-Basis (UVG-LAA-BaseSalary),4400.0,4400.0,0.0,OK,
TF13,Combertaldi Renato,2025-02,RETRO,UVGZ-Basis (UVGZ-LAAC-BaseSalary),4400.0,4400.0,0.0,OK,
TF13,Combertaldi Renato,2025-02,RETRO,KTG-Referenzlohn (Reference-AHV-AVS-Salary),4400.0,4400.0,0.0,OK,
TF13,Combertaldi Renato,2025-02,RETRO,"Lohnausweis Bruttolohn (GrossIncome, Ziff. 8)",4400.0,4400.0,0.0,OK,
TF13,Combertaldi Renato,2025-02,RETRO,Lohnausweis BVG ordentlich (Ziff. 10.1 = 5050+1972),0.0,0.0,0.0,OK,
TF14,Egli Anna,2025-02,RETRO,UVG-Bruttolohn (UVG-LAA-GrossSalary),7149.1,7149.1,0.0,OK,
TF14,Egli Anna,2025-02,RETRO,UVG-Basis (UVG-LAA-BaseSalary),7149.1,7149.1,0.0,OK,
TF14,Egli Anna,2025-02,RETRO,UVGZ-Basis (UVGZ-LAAC-BaseSalary),7149.1,7149.1,0.0,OK,
TF14,Egli Anna,2025-02,RETRO,KTG-Referenzlohn (Reference-AHV-AVS-Salary),7149.1,7149.1,0.0,OK,
TF14,Egli Anna,2025-02,RETRO,"Lohnausweis Bruttolohn (GrossIncome, Ziff. 8)",7149.1,7149.1,0.0,OK,
TF14,Egli Anna,2025-02,RETRO,Lohnausweis BVG ordentlich (Ziff. 10.1 = 5050+1972),0.0,0.0,0.0,OK,
TF15,Degelo Lorenz,2025-02,RETRO,Person nur im XML,0.0,0.0,0.0,OK,"XML führt Person, CSV ohne Lohnarten im Jahr"
TF16,Aebi Anna,2025-02,RETRO,FAK-Basis (FAK-CAF-ContributorySalary),17050.6,19850.6,-2800.0,DIFF,
TF16,Aebi Anna,2025-02,RETRO,FAK Kinderzulagen wiederkehrend (3000),0.0,0.0,0.0,OK,
TF16,Aebi Anna,2025-02,RETRO,FAK Zulagen einmalig (3001+3034),0.0,0.0,0.0,OK,
TF16,Aebi Anna,2025-02,RETRO,UVG-Bruttolohn (UVG-LAA-GrossSalary),19850.6,19850.6,0.0,OK,
TF16,Aebi Anna,2025-02,RETRO,UVG-Basis (UVG-LAA-BaseSalary),19850.6,19850.6,0.0,OK,
TF16,Aebi Anna,2025-02,RETRO,UVGZ-Basis (UVGZ-LAAC-BaseSalary),19850.6,19850.6,0.0,OK,
TF16,Aebi Anna,2025-02,RETRO,KTG-Referenzlohn (Reference-AHV-AVS-Salary),19850.6,19850.6,0.0,OK,
TF16,Aebi Anna,2025-02,RETRO,"Lohnausweis Bruttolohn (GrossIncome, Ziff. 8)",19850.6,19850.6,0.0,OK,
TF16,Aebi Anna,2025-02,RETRO,Lohnausweis BVG ordentlich (Ziff. 10.1 = 5050+1972),0.0,0.0,0.0,OK,
TF17,Binggeli Fritz,2025-02,RETRO,AHV-Basis (AHV-AVS-BaseSalary),9100.0,9100.0,0.0,OK,
TF17,Binggeli Fritz,2025-02,RETRO,FAK-Basis (FAK-CAF-ContributorySalary),9100.0,9100.0,0.0,OK,
TF17,Binggeli Fritz,2025-02,RETRO,FAK Kinderzulagen wiederkehrend (3000),0.0,0.0,0.0,OK,
TF17,Binggeli Fritz,2025-02,RETRO,FAK Zulagen einmalig (3001+3034),0.0,0.0,0.0,OK,
TF17,Binggeli Fritz,2025-02,RETRO,UVG-Bruttolohn (UVG-LAA-GrossSalary),9100.0,9100.0,0.0,OK,
TF17,Binggeli Fritz,2025-02,RETRO,UVG-Basis (UVG-LAA-BaseSalary),9100.0,9100.0,0.0,OK,
TF17,Binggeli Fritz,2025-02,RETRO,UVGZ-Basis (UVGZ-LAAC-BaseSalary),9100.0,9100.0,0.0,OK,
TF17,Binggeli Fritz,2025-02,RETRO,KTG-Referenzlohn (Reference-AHV-AVS-Salary),9100.0,9100.0,0.0,OK,
TF17,Binggeli Fritz,2025-02,RETRO,"Lohnausweis Bruttolohn (GrossIncome, Ziff. 8)",9100.0,9100.0,0.0,OK,
TF17,Binggeli Fritz,2025-02,RETRO,Lohnausweis BVG ordentlich (Ziff. 10.1 = 5050+1972),637.0,637.0,0.0,OK,
TF18,Blanc Pierre,2025-02,RETRO,AHV-Basis (AHV-AVS-BaseSalary),2358.9,2358.9,0.0,OK,
TF18,Blanc Pierre,2025-02,RETRO,FAK-Basis (FAK-CAF-ContributorySalary),2358.9,2358.9,0.0,OK,
TF18,Blanc Pierre,2025-02,RETRO,FAK Kinderzulagen wiederkehrend (3000),0.0,0.0,0.0,OK,
TF18,Blanc Pierre,2025-02,RETRO,FAK Zulagen einmalig (3001+3034),0.0,0.0,0.0,OK,
TF18,Blanc Pierre,2025-02,RETRO,UVG-Bruttolohn (UVG-LAA-GrossSalary),2358.9,2358.9,0.0,OK,
TF18,Blanc Pierre,2025-02,RETRO,UVG-Basis (UVG-LAA-BaseSalary),2358.9,2358.9,0.0,OK,
TF18,Blanc Pierre,2025-02,RETRO,UVGZ-Basis (UVGZ-LAAC-BaseSalary),2358.9,2358.9,0.0,OK,
TF18,Blanc Pierre,2025-02,RETRO,KTG-Referenzlohn (Reference-AHV-AVS-Salary),2358.9,2358.9,0.0,OK,
TF18,Blanc Pierre,2025-02,RETRO,"Lohnausweis Bruttolohn (GrossIncome, Ziff. 8)",2358.9,2358.9,0.0,OK,
TF18,Blanc Pierre,2025-02,RETRO,Lohnausweis BVG ordentlich (Ziff. 10.1 = 5050+1972),152.9,152.88,0.02,OK,
TF19,Andrey Melanie,2025-02,RETRO,AHV-Basis (AHV-AVS-BaseSalary),5200.0,5200.0,0.0,OK,
TF19,Andrey Melanie,2025-02,RETRO,FAK-Basis (FAK-CAF-ContributorySalary),5200.0,5200.0,0.0,OK,
TF19,Andrey Melanie,2025-02,RETRO,FAK Kinderzulagen wiederkehrend (3000),0.0,0.0,0.0,OK,
TF19,Andrey Melanie,2025-02,RETRO,FAK Zulagen einmalig (3001+3034),0.0,0.0,0.0,OK,
TF19,Andrey Melanie,2025-02,RETRO,UVG-Bruttolohn (UVG-LAA-GrossSalary),5200.0,5200.0,0.0,OK,
TF19,Andrey Melanie,2025-02,RETRO,UVG-Basis (UVG-LAA-BaseSalary),5200.0,5200.0,0.0,OK,
TF19,Andrey Melanie,2025-02,RETRO,UVGZ-Basis (UVGZ-LAAC-BaseSalary),5200.0,5200.0,0.0,OK,
TF19,Andrey Melanie,2025-02,RETRO,KTG-Referenzlohn (Reference-AHV-AVS-Salary),5200.0,5200.0,0.0,OK,
TF19,Andrey Melanie,2025-02,RETRO,"Lohnausweis Bruttolohn (GrossIncome, Ziff. 8)",5200.0,5200.0,0.0,OK,
TF19,Andrey Melanie,2025-02,RETRO,Lohnausweis BVG ordentlich (Ziff. 10.1 = 5050+1972),394.3,394.32,-0.02,OK,
TF20,Arnold Lukas,2025-02,RETRO,AHV-Basis (AHV-AVS-BaseSalary),8500.0,8500.0,0.0,OK,
TF20,Arnold Lukas,2025-02,RETRO,FAK-Basis (FAK-CAF-ContributorySalary),8500.0,8500.0,0.0,OK,
TF20,Arnold Lukas,2025-02,RETRO,FAK Kinderzulagen wiederkehrend (3000),0.0,0.0,0.0,OK,
TF20,Arnold Lukas,2025-02,RETRO,FAK Zulagen einmalig (3001+3034),0.0,0.0,0.0,OK,
TF20,Arnold Lukas,2025-02,RETRO,UVG-Bruttolohn (UVG-LAA-GrossSalary),8500.0,8500.0,0.0,OK,
TF20,Arnold Lukas,2025-02,RETRO,UVG-Basis (UVG-LAA-BaseSalary),8500.0,8500.0,0.0,OK,
TF20,Arnold Lukas,2025-02,RETRO,UVGZ-Basis (UVGZ-LAAC-BaseSalary),8500.0,8500.0,0.0,OK,
TF20,Arnold Lukas,2025-02,RETRO,KTG-Referenzlohn (Reference-AHV-AVS-Salary),8500.0,8500.0,0.0,OK,
TF20,Arnold Lukas,2025-02,RETRO,"Lohnausweis Bruttolohn (GrossIncome, Ziff. 8)",8500.0,8500.0,0.0,OK,
TF20,Arnold Lukas,2025-02,RETRO,Lohnausweis BVG ordentlich (Ziff. 10.1 = 5050+1972),346.65,346.66,-0.01,OK,
TF21,Meier Christian,2025-02,RETRO,AHV-Basis (AHV-AVS-BaseSalary),8500.0,8500.0,0.0,OK,
TF21,Meier Christian,2025-02,RETRO,FAK-Basis (FAK-CAF-ContributorySalary),8500.0,8500.0,0.0,OK,
TF21,Meier Christian,2025-02,RETRO,FAK Kinderzulagen wiederkehrend (3000),0.0,0.0,0.0,OK,
TF21,Meier Christian,2025-02,RETRO,FAK Zulagen einmalig (3001+3034),0.0,0.0,0.0,OK,
TF21,Meier Christian,2025-02,RETRO,UVG-Bruttolohn (UVG-LAA-GrossSalary),8500.0,8500.0,0.0,OK,
TF21,Meier Christian,2025-02,RETRO,UVG-Basis (UVG-LAA-BaseSalary),8500.0,8500.0,0.0,OK,
TF21,Meier Christian,2025-02,RETRO,UVGZ-Basis (UVGZ-LAAC-BaseSalary),8500.0,8500.0,0.0,OK,
TF21,Meier Christian,2025-02,RETRO,KTG-Referenzlohn (Reference-AHV-AVS-Salary),8500.0,8500.0,0.0,OK,
TF21,Meier Christian,2025-02,RETRO,"Lohnausweis Bruttolohn (GrossIncome, Ziff. 8)",8500.0,8500.0,0.0,OK,
TF21,Meier Christian,2025-02,RETRO,Lohnausweis BVG ordentlich (Ziff. 10.1 = 5050+1972),303.35,303.34,0.01,OK,
TF22,Bucher Elisabeth,2025-02,RETRO,AHV-Basis (AHV-AVS-BaseSalary),9828.85,9828.85,0.0,OK,
TF22,Bucher Elisabeth,2025-02,RETRO,FAK-Basis (FAK-CAF-ContributorySalary),9828.85,9828.85,0.0,OK,
TF22,Bucher Elisabeth,2025-02,RETRO,FAK Kinderzulagen wiederkehrend (3000),0.0,0.0,0.0,OK,
TF22,Bucher Elisabeth,2025-02,RETRO,FAK Zulagen einmalig (3001+3034),0.0,0.0,0.0,OK,
TF22,Bucher Elisabeth,2025-02,RETRO,UVG-Bruttolohn (UVG-LAA-GrossSalary),9828.85,9828.85,0.0,OK,
TF22,Bucher Elisabeth,2025-02,RETRO,UVG-Basis (UVG-LAA-BaseSalary),9828.85,9828.85,0.0,OK,
TF22,Bucher Elisabeth,2025-02,RETRO,UVGZ-Basis (UVGZ-LAAC-BaseSalary),9828.85,9828.85,0.0,OK,
TF22,Bucher Elisabeth,2025-02,RETRO,KTG-Referenzlohn (Reference-AHV-AVS-Salary),9828.85,9828.85,0.0,OK,
TF22,Bucher Elisabeth,2025-02,RETRO,"Lohnausweis Bruttolohn (GrossIncome, Ziff. 8)",9828.85,9828.85,0.0,OK,
TF22,Bucher Elisabeth,2025-02,RETRO,Lohnausweis BVG ordentlich (Ziff. 10.1 = 5050+1972),472.5,472.49,0.01,OK,
TF23,Koller Ludwig,2025-02,RETRO,AHV-Basis (AHV-AVS-BaseSalary),40000.0,40000.0,0.0,OK,
TF23,Koller Ludwig,2025-02,RETRO,FAK-Basis (FAK-CAF-ContributorySalary),40000.0,40000.0,0.0,OK,
TF23,Koller Ludwig,2025-02,RETRO,FAK Kinderzulagen wiederkehrend (3000),0.0,0.0,0.0,OK,
TF23,Koller Ludwig,2025-02,RETRO,FAK Zulagen einmalig (3001+3034),0.0,0.0,0.0,OK,
TF23,Koller Ludwig,2025-02,RETRO,UVG-Bruttolohn (UVG-LAA-GrossSalary),40000.0,40000.0,0.0,OK,
TF23,Koller Ludwig,2025-02,RETRO,UVG-Basis (UVG-LAA-BaseSalary),40000.0,40000.0,0.0,OK,
TF23,Koller Ludwig,2025-02,RETRO,UVGZ-Basis (UVGZ-LAAC-BaseSalary),40000.0,40000.0,0.0,OK,
TF23,Koller Ludwig,2025-02,RETRO,KTG-Referenzlohn (Reference-AHV-AVS-Salary),40000.0,40000.0,0.0,OK,
TF23,Koller Ludwig,2025-02,RETRO,"Lohnausweis Bruttolohn (GrossIncome, Ziff. 8)",40000.0,40000.0,0.0,OK,
TF23,Koller Ludwig,2025-02,RETRO,Lohnausweis BVG ordentlich (Ziff. 10.1 = 5050+1972),758.3,758.32,-0.02,OK,
TF24,Utzinger Jan,2025-02,RETRO,AHV-Basis (AHV-AVS-BaseSalary),16000.0,16000.0,0.0,OK,
TF24,Utzinger Jan,2025-02,RETRO,FAK-Basis (FAK-CAF-ContributorySalary),16000.0,16000.0,0.0,OK,
TF24,Utzinger Jan,2025-02,RETRO,FAK Kinderzulagen wiederkehrend (3000),0.0,0.0,0.0,OK,
TF24,Utzinger Jan,2025-02,RETRO,FAK Zulagen einmalig (3001+3034),0.0,0.0,0.0,OK,
TF24,Utzinger Jan,2025-02,RETRO,UVG-Bruttolohn (UVG-LAA-GrossSalary),16000.0,16000.0,0.0,OK,
TF24,Utzinger Jan,2025-02,RETRO,UVG-Basis (UVG-LAA-BaseSalary),16000.0,16000.0,0.0,OK,
TF24,Utzinger Jan,2025-02,RETRO,UVGZ-Basis (UVGZ-LAAC-BaseSalary),16000.0,16000.0,0.0,OK,
TF24,Utzinger Jan,2025-02,RETRO,KTG-Referenzlohn (Reference-AHV-AVS-Salary),16000.0,16000.0,0.0,OK,
TF24,Utzinger Jan,2025-02,RETRO,"Lohnausweis Bruttolohn (GrossIncome, Ziff. 8)",16000.0,16000.0,0.0,OK,
TF24,Utzinger Jan,2025-02,RETRO,Lohnausweis BVG ordentlich (Ziff. 10.1 = 5050+1972),1213.35,1213.34,0.01,OK,
TF25,Lehmann Nadine,2025-02,RETRO,AHV-Basis (AHV-AVS-BaseSalary),8000.0,8000.0,0.0,OK,
TF25,Lehmann Nadine,2025-02,RETRO,FAK-Basis (FAK-CAF-ContributorySalary),8000.0,8000.0,0.0,OK,
TF25,Lehmann Nadine,2025-02,RETRO,FAK Kinderzulagen wiederkehrend (3000),0.0,0.0,0.0,OK,
TF25,Lehmann Nadine,2025-02,RETRO,FAK Zulagen einmalig (3001+3034),0.0,0.0,0.0,OK,
TF25,Lehmann Nadine,2025-02,RETRO,UVG-Bruttolohn (UVG-LAA-GrossSalary),8000.0,8000.0,0.0,OK,
TF25,Lehmann Nadine,2025-02,RETRO,UVG-Basis (UVG-LAA-BaseSalary),8000.0,8000.0,0.0,OK,
TF25,Lehmann Nadine,2025-02,RETRO,UVGZ-Basis (UVGZ-LAAC-BaseSalary),8000.0,8000.0,0.0,OK,
TF25,Lehmann Nadine,2025-02,RETRO,KTG-Referenzlohn (Reference-AHV-AVS-Salary),8000.0,8000.0,0.0,OK,
TF25,Lehmann Nadine,2025-02,RETRO,"Lohnausweis Bruttolohn (GrossIncome, Ziff. 8)",8000.0,8000.0,0.0,OK,
TF25,Lehmann Nadine,2025-02,RETRO,Lohnausweis BVG ordentlich (Ziff. 10.1 = 5050+1972),910.0,910.0,0.0,OK,
TF26,Jenzer Marcel,2025-02,RETRO,AHV-Basis (AHV-AVS-BaseSalary),8000.0,8000.0,0.0,OK,
TF26,Jenzer Marcel,2025-02,RETRO,FAK-Basis (FAK-CAF-ContributorySalary),8000.0,8000.0,0.0,OK,
TF26,Jenzer Marcel,2025-02,RETRO,FAK Kinderzulagen wiederkehrend (3000),0.0,0.0,0.0,OK,
TF26,Jenzer Marcel,2025-02,RETRO,FAK Zulagen einmalig (3001+3034),0.0,0.0,0.0,OK,
TF26,Jenzer Marcel,2025-02,RETRO,UVG-Bruttolohn (UVG-LAA-GrossSalary),8000.0,8000.0,0.0,OK,
TF26,Jenzer Marcel,2025-02,RETRO,UVG-Basis (UVG-LAA-BaseSalary),8000.0,8000.0,0.0,OK,
TF26,Jenzer Marcel,2025-02,RETRO,UVGZ-Basis (UVGZ-LAAC-BaseSalary),8000.0,8000.0,0.0,OK,
TF26,Jenzer Marcel,2025-02,RETRO,KTG-Referenzlohn (Reference-AHV-AVS-Salary),8000.0,8000.0,0.0,OK,
TF26,Jenzer Marcel,2025-02,RETRO,"Lohnausweis Bruttolohn (GrossIncome, Ziff. 8)",8000.0,8000.0,0.0,OK,
TF26,Jenzer Marcel,2025-02,RETRO,Lohnausweis BVG ordentlich (Ziff. 10.1 = 5050+1972),910.0,910.0,0.0,OK,
TF28,Arbenz Esther,2025-02,RETRO,AHV-Basis (AHV-AVS-BaseSalary),32000.0,32000.0,0.0,OK,
TF28,Arbenz Esther,2025-02,RETRO,FAK-Basis (FAK-CAF-ContributorySalary),32000.0,32000.0,0.0,OK,
TF28,Arbenz Esther,2025-02,RETRO,FAK Kinderzulagen wiederkehrend (3000),0.0,0.0,0.0,OK,
TF28,Arbenz Esther,2025-02,RETRO,FAK Zulagen einmalig (3001+3034),0.0,0.0,0.0,OK,
TF28,Arbenz Esther,2025-02,RETRO,UVG-Bruttolohn (UVG-LAA-GrossSalary),32000.0,32000.0,0.0,OK,
TF28,Arbenz Esther,2025-02,RETRO,UVG-Basis (UVG-LAA-BaseSalary),32000.0,32000.0,0.0,OK,
TF28,Arbenz Esther,2025-02,RETRO,UVGZ-Basis (UVGZ-LAAC-BaseSalary),32000.0,32000.0,0.0,OK,
TF28,Arbenz Esther,2025-02,RETRO,KTG-Referenzlohn (Reference-AHV-AVS-Salary),32000.0,32000.0,0.0,OK,
TF28,Arbenz Esther,2025-02,RETRO,"Lohnausweis Bruttolohn (GrossIncome, Ziff. 8)",32000.0,32000.0,0.0,OK,
TF28,Arbenz Esther,2025-02,RETRO,Lohnausweis BVG ordentlich (Ziff. 10.1 = 5050+1972),1040.0,1040.0,0.0,OK,
TF29,Forster Moreno,2025-02,RETRO,AHV-Basis (AHV-AVS-BaseSalary),32000.0,32000.0,0.0,OK,
TF29,Forster Moreno,2025-02,RETRO,FAK-Basis (FAK-CAF-ContributorySalary),32000.0,32000.0,0.0,OK,
TF29,Forster Moreno,2025-02,RETRO,FAK Kinderzulagen wiederkehrend (3000),0.0,0.0,0.0,OK,
TF29,Forster Moreno,2025-02,RETRO,FAK Zulagen einmalig (3001+3034),0.0,0.0,0.0,OK,
TF29,Forster Moreno,2025-02,RETRO,UVG-Bruttolohn (UVG-LAA-GrossSalary),32000.0,32000.0,0.0,OK,
TF29,Forster Moreno,2025-02,RETRO,UVG-Basis (UVG-LAA-BaseSalary),32000.0,32000.0,0.0,OK,
TF29,Forster Moreno,2025-02,RETRO,UVGZ-Basis (UVGZ-LAAC-BaseSalary),32000.0,32000.0,0.0,OK,
TF29,Forster Moreno,2025-02,RETRO,KTG-Referenzlohn (Reference-AHV-AVS-Salary),32000.0,32000.0,0.0,OK,
TF29,Forster Moreno,2025-02,RETRO,"Lohnausweis Bruttolohn (GrossIncome, Ziff. 8)",32000.0,32000.0,0.0,OK,
TF29,Forster Moreno,2025-02,RETRO,Lohnausweis BVG ordentlich (Ziff. 10.1 = 5050+1972),910.0,910.0,0.0,OK,
TF30,Müller Heinrich,2025-02,RETRO,AHV-Basis (AHV-AVS-BaseSalary),11000.0,11000.0,0.0,OK,
TF30,Müller Heinrich,2025-02,RETRO,FAK-Basis (FAK-CAF-ContributorySalary),11000.0,11000.0,0.0,OK,
TF30,Müller Heinrich,2025-02,RETRO,FAK Kinderzulagen wiederkehrend (3000),0.0,0.0,0.0,OK,
TF30,Müller Heinrich,2025-02,RETRO,FAK Zulagen einmalig (3001+3034),0.0,0.0,0.0,OK,
TF30,Müller Heinrich,2025-02,RETRO,UVG-Bruttolohn (UVG-LAA-GrossSalary),11000.0,11000.0,0.0,OK,
TF30,Müller Heinrich,2025-02,RETRO,UVG-Basis (UVG-LAA-BaseSalary),11000.0,11000.0,0.0,OK,
TF30,Müller Heinrich,2025-02,RETRO,UVGZ-Basis (UVGZ-LAAC-BaseSalary),11000.0,11000.0,0.0,OK,
TF30,Müller Heinrich,2025-02,RETRO,KTG-Referenzlohn (Reference-AHV-AVS-Salary),11000.0,11000.0,0.0,OK,
TF30,Müller Heinrich,2025-02,RETRO,"Lohnausweis Bruttolohn (GrossIncome, Ziff. 8)",11000.0,11000.0,0.0,OK,
TF30,Müller Heinrich,2025-02,RETRO,Lohnausweis BVG ordentlich (Ziff. 10.1 = 5050+1972),0.0,0.0,0.0,OK,
TF31,Bolletto Franca,2025-02,RETRO,AHV-Basis (AHV-AVS-BaseSalary),10000.0,10000.0,0.0,OK,
TF31,Bolletto Franca,2025-02,RETRO,FAK-Basis (FAK-CAF-ContributorySalary),10000.0,10000.0,0.0,OK,
TF31,Bolletto Franca,2025-02,RETRO,FAK Kinderzulagen wiederkehrend (3000),0.0,0.0,0.0,OK,
TF31,Bolletto Franca,2025-02,RETRO,FAK Zulagen einmalig (3001+3034),0.0,0.0,0.0,OK,
TF31,Bolletto Franca,2025-02,RETRO,UVG-Bruttolohn (UVG-LAA-GrossSalary),10000.0,10000.0,0.0,OK,
TF31,Bolletto Franca,2025-02,RETRO,UVG-Basis (UVG-LAA-BaseSalary),10000.0,10000.0,0.0,OK,
TF31,Bolletto Franca,2025-02,RETRO,UVGZ-Basis (UVGZ-LAAC-BaseSalary),10000.0,10000.0,0.0,OK,
TF31,Bolletto Franca,2025-02,RETRO,KTG-Referenzlohn (Reference-AHV-AVS-Salary),10000.0,10000.0,0.0,OK,
TF31,Bolletto Franca,2025-02,RETRO,"Lohnausweis Bruttolohn (GrossIncome, Ziff. 8)",10000.0,10000.0,0.0,OK,
TF31,Bolletto Franca,2025-02,RETRO,Lohnausweis BVG ordentlich (Ziff. 10.1 = 5050+1972),650.0,650.0,0.0,OK,
TF33,Châtelain Pierre,2025-02,RETRO,AHV-Basis (AHV-AVS-BaseSalary),10000.0,10000.0,0.0,OK,
TF33,Châtelain Pierre,2025-02,RETRO,FAK-Basis (FAK-CAF-ContributorySalary),10000.0,10000.0,0.0,OK,
TF33,Châtelain Pierre,2025-02,RETRO,FAK Kinderzulagen wiederkehrend (3000),0.0,0.0,0.0,OK,
TF33,Châtelain Pierre,2025-02,RETRO,FAK Zulagen einmalig (3001+3034),0.0,0.0,0.0,OK,
TF33,Châtelain Pierre,2025-02,RETRO,UVG-Bruttolohn (UVG-LAA-GrossSalary),10000.0,10000.0,0.0,OK,
TF33,Châtelain Pierre,2025-02,RETRO,UVG-Basis (UVG-LAA-BaseSalary),10000.0,10000.0,0.0,OK,
TF33,Châtelain Pierre,2025-02,RETRO,UVGZ-Basis (UVGZ-LAAC-BaseSalary),10000.0,10000.0,0.0,OK,
TF33,Châtelain Pierre,2025-02,RETRO,KTG-Referenzlohn (Reference-AHV-AVS-Salary),10000.0,10000.0,0.0,OK,
TF33,Châtelain Pierre,2025-02,RETRO,"Lohnausweis Bruttolohn (GrossIncome, Ziff. 8)",10000.0,10000.0,0.0,OK,
TF33,Châtelain Pierre,2025-02,RETRO,Lohnausweis BVG ordentlich (Ziff. 10.1 = 5050+1972),758.35,758.34,0.01,OK,
TF34,Rinaldi Massimo,2025-02,RETRO,AHV-Basis (AHV-AVS-BaseSalary),10000.0,10000.0,0.0,OK,
TF34,Rinaldi Massimo,2025-02,RETRO,FAK-Basis (FAK-CAF-ContributorySalary),10000.0,10000.0,0.0,OK,
TF34,Rinaldi Massimo,2025-02,RETRO,FAK Kinderzulagen wiederkehrend (3000),0.0,0.0,0.0,OK,
TF34,Rinaldi Massimo,2025-02,RETRO,FAK Zulagen einmalig (3001+3034),0.0,0.0,0.0,OK,
TF34,Rinaldi Massimo,2025-02,RETRO,UVG-Bruttolohn (UVG-LAA-GrossSalary),10000.0,10000.0,0.0,OK,
TF34,Rinaldi Massimo,2025-02,RETRO,UVG-Basis (UVG-LAA-BaseSalary),10000.0,10000.0,0.0,OK,
TF34,Rinaldi Massimo,2025-02,RETRO,UVGZ-Basis (UVGZ-LAAC-BaseSalary),10000.0,10000.0,0.0,OK,
TF34,Rinaldi Massimo,2025-02,RETRO,KTG-Referenzlohn (Reference-AHV-AVS-Salary),10000.0,10000.0,0.0,OK,
TF34,Rinaldi Massimo,2025-02,RETRO,"Lohnausweis Bruttolohn (GrossIncome, Ziff. 8)",10000.0,10000.0,0.0,OK,
TF34,Rinaldi Massimo,2025-02,RETRO,Lohnausweis BVG ordentlich (Ziff. 10.1 = 5050+1972),0.0,0.0,0.0,OK,
TF35,Roos Roland,2025-02,RETRO,AHV-Basis (AHV-AVS-BaseSalary),40000.0,40000.0,0.0,OK,
TF35,Roos Roland,2025-02,RETRO,FAK-Basis (FAK-CAF-ContributorySalary),40000.0,40000.0,0.0,OK,
TF35,Roos Roland,2025-02,RETRO,FAK Kinderzulagen wiederkehrend (3000),0.0,0.0,0.0,OK,
TF35,Roos Roland,2025-02,RETRO,FAK Zulagen einmalig (3001+3034),0.0,0.0,0.0,OK,
TF35,Roos Roland,2025-02,RETRO,UVG-Bruttolohn (UVG-LAA-GrossSalary),40000.0,40000.0,0.0,OK,
TF35,Roos Roland,2025-02,RETRO,UVG-Basis (UVG-LAA-BaseSalary),40000.0,40000.0,0.0,OK,
TF35,Roos Roland,2025-02,RETRO,UVGZ-Basis (UVGZ-LAAC-BaseSalary),40000.0,40000.0,0.0,OK,
TF35,Roos Roland,2025-02,RETRO,KTG-Referenzlohn (Reference-AHV-AVS-Salary),40000.0,40000.0,0.0,OK,
TF35,Roos Roland,2025-02,RETRO,"Lohnausweis Bruttolohn (GrossIncome, Ziff. 8)",40000.0,40000.0,0.0,OK,
TF35,Roos Roland,2025-02,RETRO,Lohnausweis BVG ordentlich (Ziff. 10.1 = 5050+1972),758.35,758.34,0.01,OK,
TF36,Maldini Fabio,2025-02,RETRO,AHV-Basis (AHV-AVS-BaseSalary),40000.0,40000.0,0.0,OK,
TF36,Maldini Fabio,2025-02,RETRO,FAK-Basis (FAK-CAF-ContributorySalary),40000.0,40000.0,0.0,OK,
TF36,Maldini Fabio,2025-02,RETRO,FAK Kinderzulagen wiederkehrend (3000),0.0,0.0,0.0,OK,
TF36,Maldini Fabio,2025-02,RETRO,FAK Zulagen einmalig (3001+3034),0.0,0.0,0.0,OK,
TF36,Maldini Fabio,2025-02,RETRO,UVG-Bruttolohn (UVG-LAA-GrossSalary),40000.0,40000.0,0.0,OK,
TF36,Maldini Fabio,2025-02,RETRO,UVG-Basis (UVG-LAA-BaseSalary),40000.0,40000.0,0.0,OK,
TF36,Maldini Fabio,2025-02,RETRO,UVGZ-Basis (UVGZ-LAAC-BaseSalary),40000.0,40000.0,0.0,OK,
TF36,Maldini Fabio,2025-02,RETRO,KTG-Referenzlohn (Reference-AHV-AVS-Salary),40000.0,40000.0,0.0,OK,
TF36,Maldini Fabio,2025-02,RETRO,"Lohnausweis Bruttolohn (GrossIncome, Ziff. 8)",40000.0,40000.0,0.0,OK,
TF36,Maldini Fabio,2025-02,RETRO,Lohnausweis BVG ordentlich (Ziff. 10.1 = 5050+1972),866.65,866.66,-0.01,OK,
TF37,Oberli Christine,2025-02,RETRO,AHV-Basis (AHV-AVS-BaseSalary),5000.0,5000.0,0.0,OK,
TF37,Oberli Christine,2025-02,RETRO,FAK-Basis (FAK-CAF-ContributorySalary),5000.0,5000.0,0.0,OK,
TF37,Oberli Christine,2025-02,RETRO,FAK Kinderzulagen wiederkehrend (3000),250.0,250.0,0.0,OK,
TF37,Oberli Christine,2025-02,RETRO,FAK Zulagen einmalig (3001+3034),0.0,0.0,0.0,OK,
TF37,Oberli Christine,2025-02,RETRO,UVG-Bruttolohn (UVG-LAA-GrossSalary),5250.0,5250.0,0.0,OK,
TF37,Oberli Christine,2025-02,RETRO,UVG-Basis (UVG-LAA-BaseSalary),5000.0,5000.0,0.0,OK,
TF37,Oberli Christine,2025-02,RETRO,UVGZ-Basis (UVGZ-LAAC-BaseSalary),5000.0,5000.0,0.0,OK,
TF37,Oberli Christine,2025-02,RETRO,KTG-Referenzlohn (Reference-AHV-AVS-Salary),5000.0,5000.0,0.0,OK,
TF37,Oberli Christine,2025-02,RETRO,"Lohnausweis Bruttolohn (GrossIncome, Ziff. 8)",5250.0,5250.0,0.0,OK,
TF37,Oberli Christine,2025-02,RETRO,Lohnausweis BVG ordentlich (Ziff. 10.1 = 5050+1972),400.0,400.0,0.0,OK,
TF38,Jung Claude,2025-02,RETRO,AHV-Basis (AHV-AVS-BaseSalary),6000.0,6000.0,0.0,OK,
TF38,Jung Claude,2025-02,RETRO,FAK-Basis (FAK-CAF-ContributorySalary),6000.0,6000.0,0.0,OK,
TF38,Jung Claude,2025-02,RETRO,FAK Kinderzulagen wiederkehrend (3000),0.0,0.0,0.0,OK,
TF38,Jung Claude,2025-02,RETRO,FAK Zulagen einmalig (3001+3034),0.0,0.0,0.0,OK,
TF38,Jung Claude,2025-02,RETRO,UVG-Bruttolohn (UVG-LAA-GrossSalary),6000.0,6000.0,0.0,OK,
TF38,Jung Claude,2025-02,RETRO,UVG-Basis (UVG-LAA-BaseSalary),6000.0,6000.0,0.0,OK,
TF38,Jung Claude,2025-02,RETRO,UVGZ-Basis (UVGZ-LAAC-BaseSalary),6000.0,6000.0,0.0,OK,
TF38,Jung Claude,2025-02,RETRO,KTG-Referenzlohn (Reference-AHV-AVS-Salary),6000.0,6000.0,0.0,OK,
TF38,Jung Claude,2025-02,RETRO,"Lohnausweis Bruttolohn (GrossIncome, Ziff. 8)",6000.0,6000.0,0.0,OK,
TF38,Jung Claude,2025-02,RETRO,Lohnausweis BVG ordentlich (Ziff. 10.1 = 5050+1972),786.65,786.66,-0.01,OK,
TF39,Hasler Harald,2025-02,RETRO,Person nur im XML,0.0,0.0,0.0,OK,"XML führt Person, CSV ohne Lohnarten im Jahr"
TF40,Farine Corinne,2025-02,RETRO,AHV-Basis (AHV-AVS-BaseSalary),28300.0,28300.0,0.0,OK,
TF40,Farine Corinne,2025-02,RETRO,FAK-Basis (FAK-CAF-ContributorySalary),28300.0,28300.0,0.0,OK,
TF40,Farine Corinne,2025-02,RETRO,FAK Kinderzulagen wiederkehrend (3000),500.0,500.0,0.0,OK,
TF40,Farine Corinne,2025-02,RETRO,FAK Zulagen einmalig (3001+3034),0.0,0.0,0.0,OK,
TF40,Farine Corinne,2025-02,RETRO,UVG-Bruttolohn (UVG-LAA-GrossSalary),28800.0,28800.0,0.0,OK,
TF40,Farine Corinne,2025-02,RETRO,UVG-Basis (UVG-LAA-BaseSalary),28300.0,28300.0,0.0,OK,
TF40,Farine Corinne,2025-02,RETRO,UVGZ-Basis (UVGZ-LAAC-BaseSalary),28300.0,28300.0,0.0,OK,
TF40,Farine Corinne,2025-02,RETRO,KTG-Referenzlohn (Reference-AHV-AVS-Salary),28300.0,28300.0,0.0,OK,
TF40,Farine Corinne,2025-02,RETRO,"Lohnausweis Bruttolohn (GrossIncome, Ziff. 8)",28800.0,28800.0,0.0,OK,
TF40,Farine Corinne,2025-02,RETRO,Lohnausweis BVG ordentlich (Ziff. 10.1 = 5050+1972),693.35,693.34,0.01,OK,
TF41,Meier Max,2025-02,RETRO,AHV-Basis (AHV-AVS-BaseSalary),40000.0,40000.0,0.0,OK,
TF41,Meier Max,2025-02,RETRO,FAK-Basis (FAK-CAF-ContributorySalary),40000.0,40000.0,0.0,OK,
TF41,Meier Max,2025-02,RETRO,FAK Kinderzulagen wiederkehrend (3000),0.0,0.0,0.0,OK,
TF41,Meier Max,2025-02,RETRO,FAK Zulagen einmalig (3001+3034),0.0,0.0,0.0,OK,
TF41,Meier Max,2025-02,RETRO,UVG-Bruttolohn (UVG-LAA-GrossSalary),40000.0,40000.0,0.0,OK,
TF41,Meier Max,2025-02,RETRO,UVG-Basis (UVG-LAA-BaseSalary),40000.0,40000.0,0.0,OK,
TF41,Meier Max,2025-02,RETRO,UVGZ-Basis (UVGZ-LAAC-BaseSalary),40000.0,40000.0,0.0,OK,
TF41,Meier Max,2025-02,RETRO,KTG-Referenzlohn (Reference-AHV-AVS-Salary),40000.0,40000.0,0.0,OK,
TF41,Meier Max,2025-02,RETRO,"Lohnausweis Bruttolohn (GrossIncome, Ziff. 8)",40000.0,40000.0,0.0,OK,
TF41,Meier Max,2025-02,RETRO,Lohnausweis BVG ordentlich (Ziff. 10.1 = 5050+1972),0.0,0.0,0.0,OK,
TF44,Lusser Hans,2025-02,RETRO,AHV-Basis (AHV-AVS-BaseSalary),11000.0,11000.0,0.0,OK,
TF44,Lusser Hans,2025-02,RETRO,FAK-Basis (FAK-CAF-ContributorySalary),11000.0,11000.0,0.0,OK,
TF44,Lusser Hans,2025-02,RETRO,FAK Kinderzulagen wiederkehrend (3000),0.0,0.0,0.0,OK,
TF44,Lusser Hans,2025-02,RETRO,FAK Zulagen einmalig (3001+3034),0.0,0.0,0.0,OK,
TF44,Lusser Hans,2025-02,RETRO,UVG-Bruttolohn (UVG-LAA-GrossSalary),11000.0,11000.0,0.0,OK,
TF44,Lusser Hans,2025-02,RETRO,UVG-Basis (UVG-LAA-BaseSalary),11000.0,11000.0,0.0,OK,
TF44,Lusser Hans,2025-02,RETRO,UVGZ-Basis (UVGZ-LAAC-BaseSalary),11000.0,11000.0,0.0,OK,
TF44,Lusser Hans,2025-02,RETRO,KTG-Referenzlohn (Reference-AHV-AVS-Salary),11000.0,11000.0,0.0,OK,
TF44,Lusser Hans,2025-02,RETRO,"Lohnausweis Bruttolohn (GrossIncome, Ziff. 8)",11000.0,11000.0,0.0,OK,
TF44,Lusser Hans,2025-02,RETRO,Lohnausweis BVG ordentlich (Ziff. 10.1 = 5050+1972),770.0,770.0,0.0,OK,
TF01,Herz Monica,2025-02,MONTHLY,Statistik Grundlohn (GrossBaseSalaryAndRegularAllowance),8986.4,8986.4,0.0,OK,
TF01,Herz Monica,2025-02,MONTHLY,Statistik Zulagen (Allowances),0.0,0.0,0.0,OK,
TF01,Herz Monica,2025-02,MONTHLY,Statistik Familienzulagen (FamilyIncomeSupplement),0.0,0.0,0.0,OK,
TF01,Herz Monica,2025-02,MONTHLY,Statistik Leistungen Dritter (PaymentsByThird),1500.0,0.0,1500.0,DIFF,
TF01,Herz Monica,2025-02,MONTHLY,Statistik BVG-Beitrag AN (BVG-LPP-RegularContribution),-53.0,-53.0,0.0,OK,
TF02,Paganini Maria,2025-02,MONTHLY,Statistik Grundlohn (GrossBaseSalaryAndRegularAllowance),2457.85,2457.85,0.0,OK,
TF02,Paganini Maria,2025-02,MONTHLY,Statistik Zulagen (Allowances),50.0,0.0,50.0,DIFF,
TF02,Paganini Maria,2025-02,MONTHLY,Statistik Familienzulagen (FamilyIncomeSupplement),215.0,215.0,0.0,OK,
TF02,Paganini Maria,2025-02,MONTHLY,Statistik Leistungen Dritter (PaymentsByThird),0.0,0.0,0.0,OK,
TF02,Paganini Maria,2025-02,MONTHLY,Statistik BVG-Beitrag AN (BVG-LPP-RegularContribution),-408.33,-408.33,0.0,OK,
TF03,Lusser Pia,2025-02,MONTHLY,Statistik Grundlohn (GrossBaseSalaryAndRegularAllowance),5500.0,5500.0,0.0,OK,
TF03,Lusser Pia,2025-02,MONTHLY,Statistik Zulagen (Allowances),0.0,0.0,0.0,OK,
TF03,Lusser Pia,2025-02,MONTHLY,Statistik Familienzulagen (FamilyIncomeSupplement),0.0,0.0,0.0,OK,
TF03,Lusser Pia,2025-02,MONTHLY,Statistik Leistungen Dritter (PaymentsByThird),0.0,0.0,0.0,OK,
TF03,Lusser Pia,2025-02,MONTHLY,Statistik BVG-Beitrag AN (BVG-LPP-RegularContribution),-385.0,-385.0,0.0,OK,
TF04,Fankhauser Markus,2025-02,MONTHLY,Statistik Grundlohn (GrossBaseSalaryAndRegularAllowance),30000.0,30000.0,0.0,OK,
TF04,Fankhauser Markus,2025-02,MONTHLY,Statistik Zulagen (Allowances),0.0,0.0,0.0,OK,
TF04,Fankhauser Markus,2025-02,MONTHLY,Statistik Familienzulagen (FamilyIncomeSupplement),0.0,0.0,0.0,OK,
TF04,Fankhauser Markus,2025-02,MONTHLY,Statistik Leistungen Dritter (PaymentsByThird),0.0,0.0,0.0,OK,
TF04,Fankhauser Markus,2025-02,MONTHLY,Statistik BVG-Beitrag AN (BVG-LPP-RegularContribution),-2800.0,-2800.0,0.0,OK,
TF05,Moser Johann,2025-02,MONTHLY,Statistik Grundlohn (GrossBaseSalaryAndRegularAllowance),1350.0,1350.0,0.0,OK,
TF05,Moser Johann,2025-02,MONTHLY,Statistik Zulagen (Allowances),0.0,0.0,0.0,OK,
TF05,Moser Johann,2025-02,MONTHLY,Statistik Familienzulagen (FamilyIncomeSupplement),0.0,0.0,0.0,OK,
TF05,Moser Johann,2025-02,MONTHLY,Statistik Leistungen Dritter (PaymentsByThird),0.0,0.0,0.0,OK,
TF05,Moser Johann,2025-02,MONTHLY,Statistik BVG-Beitrag AN (BVG-LPP-RegularContribution),-117.0,-117.0,0.0,OK,
TF06,Zahnd Anita,2025-02,MONTHLY,Statistik Grundlohn (GrossBaseSalaryAndRegularAllowance),13500.0,13500.0,0.0,OK,
TF06,Zahnd Anita,2025-02,MONTHLY,Statistik Zulagen (Allowances),0.0,0.0,0.0,OK,
TF06,Zahnd Anita,2025-02,MONTHLY,Statistik Familienzulagen (FamilyIncomeSupplement),0.0,0.0,0.0,OK,
TF06,Zahnd Anita,2025-02,MONTHLY,Statistik Leistungen Dritter (PaymentsByThird),0.0,0.0,0.0,OK,
TF06,Zahnd Anita,2025-02,MONTHLY,Statistik BVG-Beitrag AN (BVG-LPP-RegularContribution),-1080.0,-1080.0,0.0,OK,
TF08,Lamon René,2025-02,MONTHLY,Statistik Grundlohn (GrossBaseSalaryAndRegularAllowance),9548.05,9548.05,0.0,OK,
TF08,Lamon René,2025-02,MONTHLY,Statistik Zulagen (Allowances),0.0,0.0,0.0,OK,
TF08,Lamon René,2025-02,MONTHLY,Statistik Familienzulagen (FamilyIncomeSupplement),250.0,250.0,0.0,OK,
TF08,Lamon René,2025-02,MONTHLY,Statistik Leistungen Dritter (PaymentsByThird),0.0,0.0,0.0,OK,
TF08,Lamon René,2025-02,MONTHLY,Statistik BVG-Beitrag AN (BVG-LPP-RegularContribution),-751.09,-751.09,0.0,OK,
TF09,Estermann Michael,2025-02,MONTHLY,Statistik Grundlohn (GrossBaseSalaryAndRegularAllowance),2000.0,2000.0,0.0,OK,
TF09,Estermann Michael,2025-02,MONTHLY,Statistik Zulagen (Allowances),0.0,0.0,0.0,OK,
TF09,Estermann Michael,2025-02,MONTHLY,Statistik Familienzulagen (FamilyIncomeSupplement),0.0,0.0,0.0,OK,
TF09,Estermann Michael,2025-02,MONTHLY,Statistik Leistungen Dritter (PaymentsByThird),0.0,0.0,0.0,OK,
TF09,Estermann Michael,2025-02,MONTHLY,Statistik BVG-Beitrag AN (BVG-LPP-RegularContribution),0.0,-0.0,0.0,OK,
TF10,Ganz Heinz,2025-02,MONTHLY,Statistik Grundlohn (GrossBaseSalaryAndRegularAllowance),6400.0,6400.0,0.0,OK,
TF10,Ganz Heinz,2025-02,MONTHLY,Statistik Zulagen (Allowances),0.0,0.0,0.0,OK,
TF10,Ganz Heinz,2025-02,MONTHLY,Statistik Familienzulagen (FamilyIncomeSupplement),0.0,0.0,0.0,OK,
TF10,Ganz Heinz,2025-02,MONTHLY,Statistik Leistungen Dritter (PaymentsByThird),1800.0,0.0,1800.0,DIFF,
TF10,Ganz Heinz,2025-02,MONTHLY,Statistik BVG-Beitrag AN (BVG-LPP-RegularContribution),-448.0,-448.0,0.0,OK,
TF11,Bosshard Peter,2025-02,MONTHLY,Statistik Grundlohn (GrossBaseSalaryAndRegularAllowance),10100.0,11550.0,-1450.0,DIFF,
TF11,Bosshard Peter,2025-02,MONTHLY,Statistik Zulagen (Allowances),0.0,0.0,0.0,OK,
TF11,Bosshard Peter,2025-02,MONTHLY,Statistik Familienzulagen (FamilyIncomeSupplement),260.0,260.0,0.0,OK,
TF11,Bosshard Peter,2025-02,MONTHLY,Statistik Leistungen Dritter (PaymentsByThird),0.0,0.0,0.0,OK,
TF11,Bosshard Peter,2025-02,MONTHLY,Statistik BVG-Beitrag AN (BVG-LPP-RegularContribution),-864.5,-864.5,0.0,OK,
TF12,Casanova Renato,2025-02,MONTHLY,Statistik Grundlohn (GrossBaseSalaryAndRegularAllowance),1600.0,12850.0,-11250.0,DIFF,
TF12,Casanova Renato,2025-02,MONTHLY,Statistik Zulagen (Allowances),0.0,0.0,0.0,OK,
TF12,Casanova Renato,2025-02,MONTHLY,Statistik Familienzulagen (FamilyIncomeSupplement),0.0,0.0,0.0,OK,
TF12,Casanova Renato,2025-02,MONTHLY,Statistik Leistungen Dritter (PaymentsByThird),0.0,0.0,0.0,OK,
TF12,Casanova Renato,2025-02,MONTHLY,Statistik BVG-Beitrag AN (BVG-LPP-RegularContribution),-899.5,-899.5,0.0,OK,
TF13,Combertaldi Renato,2025-02,MONTHLY,Statistik Grundlohn (GrossBaseSalaryAndRegularAllowance),2200.0,2200.0,0.0,OK,
TF13,Combertaldi Renato,2025-02,MONTHLY,Statistik Zulagen (Allowances),0.0,0.0,0.0,OK,
TF13,Combertaldi Renato,2025-02,MONTHLY,Statistik Familienzulagen (FamilyIncomeSupplement),0.0,0.0,0.0,OK,
TF13,Combertaldi Renato,2025-02,MONTHLY,Statistik Leistungen Dritter (PaymentsByThird),0.0,0.0,0.0,OK,
TF13,Combertaldi Renato,2025-02,MONTHLY,Statistik BVG-Beitrag AN (BVG-LPP-RegularContribution),0.0,-0.0,0.0,OK,
TF14,Egli Anna,2025-02,MONTHLY,Statistik Grundlohn (GrossBaseSalaryAndRegularAllowance),3229.5,3229.5,0.0,OK,
TF14,Egli Anna,2025-02,MONTHLY,Statistik Zulagen (Allowances),0.0,0.0,0.0,OK,
TF14,Egli Anna,2025-02,MONTHLY,Statistik Familienzulagen (FamilyIncomeSupplement),0.0,0.0,0.0,OK,
TF14,Egli Anna,2025-02,MONTHLY,Statistik Leistungen Dritter (PaymentsByThird),0.0,0.0,0.0,OK,
TF14,Egli Anna,2025-02,MONTHLY,Statistik BVG-Beitrag AN (BVG-LPP-RegularContribution),0.0,-0.0,0.0,OK,
TF15,Degelo Lorenz,2025-02,MONTHLY,Statistik Grundlohn (GrossBaseSalaryAndRegularAllowance),0.0,0.0,0.0,OK,
TF15,Degelo Lorenz,2025-02,MONTHLY,Statistik Zulagen (Allowances),0.0,0.0,0.0,OK,
TF15,Degelo Lorenz,2025-02,MONTHLY,Statistik Familienzulagen (FamilyIncomeSupplement),0.0,0.0,0.0,OK,
TF15,Degelo Lorenz,2025-02,MONTHLY,Statistik Leistungen Dritter (PaymentsByThird),0.0,0.0,0.0,OK,
TF15,Degelo Lorenz,2025-02,MONTHLY,Statistik BVG-Beitrag AN (BVG-LPP-RegularContribution),0.0,-0.0,0.0,OK,
TF16,Aebi Anna,2025-02,MONTHLY,Statistik Grundlohn (GrossBaseSalaryAndRegularAllowance),14350.6,0.0,14350.6,DIFF,
TF16,Aebi Anna,2025-02,MONTHLY,Statistik Zulagen (Allowances),0.0,0.0,0.0,OK,
TF16,Aebi Anna,2025-02,MONTHLY,Statistik Familienzulagen (FamilyIncomeSupplement),0.0,0.0,0.0,OK,
TF16,Aebi Anna,2025-02,MONTHLY,Statistik Leistungen Dritter (PaymentsByThird),0.0,0.0,0.0,OK,
TF16,Aebi Anna,2025-02,MONTHLY,Statistik BVG-Beitrag AN (BVG-LPP-RegularContribution),0.0,-0.0,0.0,OK,
TF17,Binggeli Fritz,2025-02,MONTHLY,Statistik Grundlohn (GrossBaseSalaryAndRegularAllowance),4550.0,4550.0,0.0,OK,
TF17,Binggeli Fritz,2025-02,MONTHLY,Statistik Zulagen (Allowances),0.0,0.0,0.0,OK,
TF17,Binggeli Fritz,2025-02,MONTHLY,Statistik Familienzulagen (FamilyIncomeSupplement),0.0,0.0,0.0,OK,
TF17,Binggeli Fritz,2025-02,MONTHLY,Statistik Leistungen Dritter (PaymentsByThird),0.0,0.0,0.0,OK,
TF17,Binggeli Fritz,2025-02,MONTHLY,Statistik BVG-Beitrag AN (BVG-LPP-RegularContribution),-318.5,-318.5,0.0,OK,
TF17,Binggeli Fritz,2025-02,MONTHLY,QST steuerbarer Lohn TI A0N (TaxableEarning),4550.0,4550.0,0.0,OK,"Satz-Lohn 6500.00, QST 495.95"
TF18,Blanc Pierre,2025-02,MONTHLY,Statistik Grundlohn (GrossBaseSalaryAndRegularAllowance),1179.45,1179.45,0.0,OK,
TF18,Blanc Pierre,2025-02,MONTHLY,Statistik Zulagen (Allowances),0.0,0.0,0.0,OK,
TF18,Blanc Pierre,2025-02,MONTHLY,Statistik Familienzulagen (FamilyIncomeSupplement),0.0,0.0,0.0,OK,
TF18,Blanc Pierre,2025-02,MONTHLY,Statistik Leistungen Dritter (PaymentsByThird),0.0,0.0,0.0,OK,
TF18,Blanc Pierre,2025-02,MONTHLY,Statistik BVG-Beitrag AN (BVG-LPP-RegularContribution),-76.44,-76.44,0.0,OK,
TF18,Blanc Pierre,2025-02,MONTHLY,QST steuerbarer Lohn BE B0Y (TaxableEarning),1179.45,1179.45,0.0,OK,"Satz-Lohn 4859.35, QST 80.30"
TF19,Andrey Melanie,2025-02,MONTHLY,Statistik Grundlohn (GrossBaseSalaryAndRegularAllowance),2600.0,2600.0,0.0,OK,
TF19,Andrey Melanie,2025-02,MONTHLY,Statistik Zulagen (Allowances),0.0,0.0,0.0,OK,
TF19,Andrey Melanie,2025-02,MONTHLY,Statistik Familienzulagen (FamilyIncomeSupplement),0.0,0.0,0.0,OK,
TF19,Andrey Melanie,2025-02,MONTHLY,Statistik Leistungen Dritter (PaymentsByThird),0.0,0.0,0.0,OK,
TF19,Andrey Melanie,2025-02,MONTHLY,Statistik BVG-Beitrag AN (BVG-LPP-RegularContribution),-197.16,-197.16,0.0,OK,
TF19,Andrey Melanie,2025-02,MONTHLY,QST steuerbarer Lohn TI A0N (TaxableEarning),2600.0,2600.0,0.0,OK,"Satz-Lohn 4680.00, QST 205.40"
TF20,Arnold Lukas,2025-02,MONTHLY,Statistik Grundlohn (GrossBaseSalaryAndRegularAllowance),2000.0,2000.0,0.0,OK,
TF20,Arnold Lukas,2025-02,MONTHLY,Statistik Zulagen (Allowances),0.0,0.0,0.0,OK,
TF20,Arnold Lukas,2025-02,MONTHLY,Statistik Familienzulagen (FamilyIncomeSupplement),0.0,0.0,0.0,OK,
TF20,Arnold Lukas,2025-02,MONTHLY,Statistik Leistungen Dritter (PaymentsByThird),0.0,0.0,0.0,OK,
TF20,Arnold Lukas,2025-02,MONTHLY,Statistik BVG-Beitrag AN (BVG-LPP-RegularContribution),-173.33,-173.33,0.0,OK,
TF20,Arnold Lukas,2025-02,MONTHLY,QST steuerbarer Lohn BE A0Y (TaxableEarning),6500.0,6500.0,0.0,OK,"Satz-Lohn 9500.00, QST 1059.50"
TF21,Meier Christian,2025-02,MONTHLY,Statistik Grundlohn (GrossBaseSalaryAndRegularAllowance),2000.0,2000.0,0.0,OK,
TF21,Meier Christian,2025-02,MONTHLY,Statistik Zulagen (Allowances),0.0,0.0,0.0,OK,
TF21,Meier Christian,2025-02,MONTHLY,Statistik Familienzulagen (FamilyIncomeSupplement),0.0,0.0,0.0,OK,
TF21,Meier Christian,2025-02,MONTHLY,Statistik Leistungen Dritter (PaymentsByThird),0.0,0.0,0.0,OK,
TF21,Meier Christian,2025-02,MONTHLY,Statistik BVG-Beitrag AN (BVG-LPP-RegularContribution),-151.67,-151.67,0.0,OK,
TF21,Meier Christian,2025-02,MONTHLY,QST steuerbarer Lohn TI A0N (TaxableEarning),6500.0,6500.0,0.0,OK,"Satz-Lohn 5375.00, QST 612.00"
TF22,Bucher Elisabeth,2025-02,MONTHLY,Statistik Grundlohn (GrossBaseSalaryAndRegularAllowance),4717.85,4717.85,0.0,OK,
TF22,Bucher Elisabeth,2025-02,MONTHLY,Statistik Zulagen (Allowances),0.0,0.0,0.0,OK,
TF22,Bucher Elisabeth,2025-02,MONTHLY,Statistik Familienzulagen (FamilyIncomeSupplement),0.0,0.0,0.0,OK,
TF22,Bucher Elisabeth,2025-02,MONTHLY,Statistik Leistungen Dritter (PaymentsByThird),0.0,0.0,0.0,OK,
TF22,Bucher Elisabeth,2025-02,MONTHLY,Statistik BVG-Beitrag AN (BVG-LPP-RegularContribution),-320.83,-320.83,0.0,OK,
TF22,Bucher Elisabeth,2025-02,MONTHLY,QST steuerbarer Lohn TI A0N (TaxableEarning),4717.85,4717.85,0.0,OK,"Satz-Lohn 4914.45, QST 371.15"
TF23,Koller Ludwig,2025-02,MONTHLY,Statistik Grundlohn (GrossBaseSalaryAndRegularAllowance),5000.0,5000.0,0.0,OK,
TF23,Koller Ludwig,2025-02,MONTHLY,Statistik Zulagen (Allowances),0.0,0.0,0.0,OK,
TF23,Koller Ludwig,2025-02,MONTHLY,Statistik Familienzulagen (FamilyIncomeSupplement),0.0,0.0,0.0,OK,
TF23,Koller Ludwig,2025-02,MONTHLY,Statistik Leistungen Dritter (PaymentsByThird),0.0,0.0,0.0,OK,
TF23,Koller Ludwig,2025-02,MONTHLY,Statistik BVG-Beitrag AN (BVG-LPP-RegularContribution),-379.16,-379.16,0.0,OK,
TF23,Koller Ludwig,2025-02,MONTHLY,QST steuerbarer Lohn TI A0N (TaxableEarning),35000.0,35000.0,0.0,OK,"Satz-Lohn 7500.00, QST 4495.00"
TF24,Utzinger Jan,2025-02,MONTHLY,Statistik Grundlohn (GrossBaseSalaryAndRegularAllowance),8000.0,8000.0,0.0,OK,
TF24,Utzinger Jan,2025-02,MONTHLY,Statistik Zulagen (Allowances),0.0,0.0,0.0,OK,
TF24,Utzinger Jan,2025-02,MONTHLY,Statistik Familienzulagen (FamilyIncomeSupplement),0.0,0.0,0.0,OK,
TF24,Utzinger Jan,2025-02,MONTHLY,Statistik Leistungen Dritter (PaymentsByThird),0.0,0.0,0.0,OK,
TF24,Utzinger Jan,2025-02,MONTHLY,Statistik BVG-Beitrag AN (BVG-LPP-RegularContribution),-606.67,-606.67,0.0,OK,
TF24,Utzinger Jan,2025-02,MONTHLY,QST steuerbarer Lohn TI B0N (TaxableEarning),8000.0,8000.0,0.0,OK,"Satz-Lohn 8000.00, QST 648.00"
TF25,Lehmann Nadine,2025-02,MONTHLY,Statistik Grundlohn (GrossBaseSalaryAndRegularAllowance),8000.0,12000.0,-4000.0,DIFF,
TF25,Lehmann Nadine,2025-02,MONTHLY,Statistik Zulagen (Allowances),0.0,0.0,0.0,OK,
TF25,Lehmann Nadine,2025-02,MONTHLY,Statistik Familienzulagen (FamilyIncomeSupplement),0.0,0.0,0.0,OK,
TF25,Lehmann Nadine,2025-02,MONTHLY,Statistik Leistungen Dritter (PaymentsByThird),0.0,0.0,0.0,OK,
TF25,Lehmann Nadine,2025-02,MONTHLY,Statistik BVG-Beitrag AN (BVG-LPP-RegularContribution),-910.0,-910.0,0.0,OK,
TF25,Lehmann Nadine,2025-02,MONTHLY,QST steuerbarer Lohn TI A0N (TaxableEarning),5714.3,8000.0,-2285.7,DIFF,"Satz-Lohn 11428.55, QST 925.70"
TF26,Jenzer Marcel,2025-02,MONTHLY,Statistik Grundlohn (GrossBaseSalaryAndRegularAllowance),8000.0,12000.0,-4000.0,DIFF,
TF26,Jenzer Marcel,2025-02,MONTHLY,Statistik Zulagen (Allowances),0.0,0.0,0.0,OK,
TF26,Jenzer Marcel,2025-02,MONTHLY,Statistik Familienzulagen (FamilyIncomeSupplement),0.0,0.0,0.0,OK,
TF26,Jenzer Marcel,2025-02,MONTHLY,Statistik Leistungen Dritter (PaymentsByThird),0.0,0.0,0.0,OK,
TF26,Jenzer Marcel,2025-02,MONTHLY,Statistik BVG-Beitrag AN (BVG-LPP-RegularContribution),-910.0,-910.0,0.0,OK,
TF26,Jenzer Marcel,2025-02,MONTHLY,QST steuerbarer Lohn TI R0N (TaxableEarning),5714.3,8000.0,-2285.7,DIFF,"Satz-Lohn 11428.55, QST 737.15"
TF28,Arbenz Esther,2025-02,MONTHLY,Statistik Grundlohn (GrossBaseSalaryAndRegularAllowance),6000.0,6000.0,0.0,OK,
TF28,Arbenz Esther,2025-02,MONTHLY,Statistik Zulagen (Allowances),0.0,0.0,0.0,OK,
TF28,Arbenz Esther,2025-02,MONTHLY,Statistik Familienzulagen (FamilyIncomeSupplement),0.0,0.0,0.0,OK,
TF28,Arbenz Esther,2025-02,MONTHLY,Statistik Leistungen Dritter (PaymentsByThird),0.0,0.0,0.0,OK,
TF28,Arbenz Esther,2025-02,MONTHLY,Statistik BVG-Beitrag AN (BVG-LPP-RegularContribution),-520.0,-520.0,0.0,OK,
TF28,Arbenz Esther,2025-02,MONTHLY,QST steuerbarer Lohn BE A0Y (TaxableEarning),15500.0,26000.0,-10500.0,DIFF,"Satz-Lohn 28000.00, QST 4465.55"
TF29,Forster Moreno,2025-02,MONTHLY,Statistik Grundlohn (GrossBaseSalaryAndRegularAllowance),6000.0,6000.0,0.0,OK,
TF29,Forster Moreno,2025-02,MONTHLY,Statistik Zulagen (Allowances),0.0,0.0,0.0,OK,
TF29,Forster Moreno,2025-02,MONTHLY,Statistik Familienzulagen (FamilyIncomeSupplement),0.0,0.0,0.0,OK,
TF29,Forster Moreno,2025-02,MONTHLY,Statistik Leistungen Dritter (PaymentsByThird),0.0,0.0,0.0,OK,
TF29,Forster Moreno,2025-02,MONTHLY,Statistik BVG-Beitrag AN (BVG-LPP-RegularContribution),-455.0,-455.0,0.0,OK,
TF29,Forster Moreno,2025-02,MONTHLY,QST steuerbarer Lohn TI A0N (TaxableEarning),15500.0,26000.0,-10500.0,DIFF,"Satz-Lohn 9666.65, QST 2344.00"
TF30,Müller Heinrich,2025-02,MONTHLY,Statistik Grundlohn (GrossBaseSalaryAndRegularAllowance),0.0,0.0,0.0,OK,
TF30,Müller Heinrich,2025-02,MONTHLY,Statistik Zulagen (Allowances),0.0,0.0,0.0,OK,
TF30,Müller Heinrich,2025-02,MONTHLY,Statistik Familienzulagen (FamilyIncomeSupplement),0.0,0.0,0.0,OK,
TF30,Müller Heinrich,2025-02,MONTHLY,Statistik Leistungen Dritter (PaymentsByThird),0.0,0.0,0.0,OK,
TF30,Müller Heinrich,2025-02,MONTHLY,Statistik BVG-Beitrag AN (BVG-LPP-RegularContribution),0.0,-0.0,0.0,OK,
TF30,Müller Heinrich,2025-02,MONTHLY,QST steuerbarer Lohn BE None (TaxableEarning),5500.0,5500.0,0.0,OK,"Satz-Lohn 5500.00, QST 1622.50"
TF31,Bolletto Franca,2025-02,MONTHLY,Statistik Grundlohn (GrossBaseSalaryAndRegularAllowance),5000.0,5000.0,0.0,OK,
TF31,Bolletto Franca,2025-02,MONTHLY,Statistik Zulagen (Allowances),0.0,0.0,0.0,OK,
TF31,Bolletto Franca,2025-02,MONTHLY,Statistik Familienzulagen (FamilyIncomeSupplement),0.0,0.0,0.0,OK,
TF31,Bolletto Franca,2025-02,MONTHLY,Statistik Leistungen Dritter (PaymentsByThird),0.0,0.0,0.0,OK,
TF31,Bolletto Franca,2025-02,MONTHLY,Statistik BVG-Beitrag AN (BVG-LPP-RegularContribution),-325.0,-325.0,0.0,OK,
TF31,Bolletto Franca,2025-02,MONTHLY,QST steuerbarer Lohn VD A0N (TaxableEarning),5000.0,5000.0,0.0,OK,"Satz-Lohn 5000.00, QST 419.00"
TF33,Châtelain Pierre,2025-02,MONTHLY,Statistik Grundlohn (GrossBaseSalaryAndRegularAllowance),5000.0,5000.0,0.0,OK,
TF33,Châtelain Pierre,2025-02,MONTHLY,Statistik Zulagen (Allowances),0.0,0.0,0.0,OK,
TF33,Châtelain Pierre,2025-02,MONTHLY,Statistik Familienzulagen (FamilyIncomeSupplement),0.0,0.0,0.0,OK,
TF33,Châtelain Pierre,2025-02,MONTHLY,Statistik Leistungen Dritter (PaymentsByThird),0.0,0.0,0.0,OK,
TF33,Châtelain Pierre,2025-02,MONTHLY,Statistik BVG-Beitrag AN (BVG-LPP-RegularContribution),-379.17,-379.17,0.0,OK,
TF33,Châtelain Pierre,2025-02,MONTHLY,QST steuerbarer Lohn BE A0Y (TaxableEarning),5000.0,5000.0,0.0,OK,"Satz-Lohn 5000.00, QST 547.50"
TF34,Rinaldi Massimo,2025-02,MONTHLY,Statistik Grundlohn (GrossBaseSalaryAndRegularAllowance),5000.0,5000.0,0.0,OK,
TF34,Rinaldi Massimo,2025-02,MONTHLY,Statistik Zulagen (Allowances),0.0,0.0,0.0,OK,
TF34,Rinaldi Massimo,2025-02,MONTHLY,Statistik Familienzulagen (FamilyIncomeSupplement),0.0,0.0,0.0,OK,
TF34,Rinaldi Massimo,2025-02,MONTHLY,Statistik Leistungen Dritter (PaymentsByThird),0.0,0.0,0.0,OK,
TF34,Rinaldi Massimo,2025-02,MONTHLY,Statistik BVG-Beitrag AN (BVG-LPP-RegularContribution),0.0,-0.0,0.0,OK,
TF34,Rinaldi Massimo,2025-02,MONTHLY,QST steuerbarer Lohn TI A0N (TaxableEarning),5000.0,5000.0,0.0,OK,"Satz-Lohn 5000.00, QST 425.00"
TF35,Roos Roland,2025-02,MONTHLY,Statistik Grundlohn (GrossBaseSalaryAndRegularAllowance),5000.0,5000.0,0.0,OK,
TF35,Roos Roland,2025-02,MONTHLY,Statistik Zulagen (Allowances),0.0,0.0,0.0,OK,
TF35,Roos Roland,2025-02,MONTHLY,Statistik Familienzulagen (FamilyIncomeSupplement),0.0,0.0,0.0,OK,
TF35,Roos Roland,2025-02,MONTHLY,Statistik Leistungen Dritter (PaymentsByThird),0.0,0.0,0.0,OK,
TF35,Roos Roland,2025-02,MONTHLY,Statistik BVG-Beitrag AN (BVG-LPP-RegularContribution),-379.17,-379.17,0.0,OK,
TF35,Roos Roland,2025-02,MONTHLY,QST steuerbarer Lohn TI A0N (TaxableEarning),35000.0,35000.0,0.0,OK,"Satz-Lohn 7500.00, QST 4495.00"
TF36,Maldini Fabio,2025-02,MONTHLY,Statistik Grundlohn (GrossBaseSalaryAndRegularAllowance),5000.0,5000.0,0.0,OK,
TF36,Maldini Fabio,2025-02,MONTHLY,Statistik Zulagen (Allowances),0.0,0.0,0.0,OK,
TF36,Maldini Fabio,2025-02,MONTHLY,Statistik Familienzulagen (FamilyIncomeSupplement),0.0,0.0,0.0,OK,
TF36,Maldini Fabio,2025-02,MONTHLY,Statistik Leistungen Dritter (PaymentsByThird),0.0,0.0,0.0,OK,
TF36,Maldini Fabio,2025-02,MONTHLY,Statistik BVG-Beitrag AN (BVG-LPP-RegularContribution),-433.33,-433.33,0.0,OK,
TF36,Maldini Fabio,2025-02,MONTHLY,QST steuerbarer Lohn BE A0Y (TaxableEarning),35000.0,35000.0,0.0,OK,"Satz-Lohn 35000.00, QST 10773.00"
TF38,Jung Claude,2025-02,MONTHLY,Statistik Grundlohn (GrossBaseSalaryAndRegularAllowance),3000.0,3000.0,0.0,OK,
TF38,Jung Claude,2025-02,MONTHLY,Statistik Zulagen (Allowances),0.0,0.0,0.0,OK,
TF38,Jung Claude,2025-02,MONTHLY,Statistik Familienzulagen (FamilyIncomeSupplement),0.0,0.0,0.0,OK,
TF38,Jung Claude,2025-02,MONTHLY,Statistik Leistungen Dritter (PaymentsByThird),0.0,0.0,0.0,OK,
TF38,Jung Claude,2025-02,MONTHLY,Statistik BVG-Beitrag AN (BVG-LPP-RegularContribution),-393.33,-393.33,0.0,OK,
TF38,Jung Claude,2025-02,MONTHLY,QST steuerbarer Lohn BE A0Y (TaxableEarning),3000.0,3000.0,0.0,OK,"Satz-Lohn 3000.00, QST 171.60"
TF39,Hasler Harald,2025-02,MONTHLY,Statistik Grundlohn (GrossBaseSalaryAndRegularAllowance),0.0,0.0,0.0,OK,
TF39,Hasler Harald,2025-02,MONTHLY,Statistik Zulagen (Allowances),0.0,0.0,0.0,OK,
TF39,Hasler Harald,2025-02,MONTHLY,Statistik Familienzulagen (FamilyIncomeSupplement),0.0,0.0,0.0,OK,
TF39,Hasler Harald,2025-02,MONTHLY,Statistik Leistungen Dritter (PaymentsByThird),0.0,0.0,0.0,OK,
TF39,Hasler Harald,2025-02,MONTHLY,Statistik BVG-Beitrag AN (BVG-LPP-RegularContribution),0.0,-0.0,0.0,OK,
TF39,Hasler Harald,2025-02,MONTHLY,QST steuerbarer Lohn BE None (TaxableEarning),0.0,0.0,0.0,OK,"Satz-Lohn 0.00, QST 0.00"
TF40,Farine Corinne,2025-02,MONTHLY,Statistik Grundlohn (GrossBaseSalaryAndRegularAllowance),4000.0,4000.0,0.0,OK,
TF40,Farine Corinne,2025-02,MONTHLY,Statistik Zulagen (Allowances),0.0,0.0,0.0,OK,
TF40,Farine Corinne,2025-02,MONTHLY,Statistik Familienzulagen (FamilyIncomeSupplement),250.0,250.0,0.0,OK,
TF40,Farine Corinne,2025-02,MONTHLY,Statistik Leistungen Dritter (PaymentsByThird),0.0,0.0,0.0,OK,
TF40,Farine Corinne,2025-02,MONTHLY,Statistik BVG-Beitrag AN (BVG-LPP-RegularContribution),-346.67,-346.67,0.0,OK,
TF40,Farine Corinne,2025-02,MONTHLY,QST steuerbarer Lohn BE A1Y (TaxableEarning),24550.0,24550.0,0.0,OK,"Satz-Lohn 24550.00, QST 6427.20"
TF41,Meier Max,2025-02,MONTHLY,Statistik Grundlohn (GrossBaseSalaryAndRegularAllowance),10000.0,10000.0,0.0,OK,
TF41,Meier Max,2025-02,MONTHLY,Statistik Zulagen (Allowances),0.0,0.0,0.0,OK,
TF41,Meier Max,2025-02,MONTHLY,Statistik Familienzulagen (FamilyIncomeSupplement),0.0,0.0,0.0,OK,
TF41,Meier Max,2025-02,MONTHLY,Statistik Leistungen Dritter (PaymentsByThird),0.0,0.0,0.0,OK,
TF41,Meier Max,2025-02,MONTHLY,Statistik BVG-Beitrag AN (BVG-LPP-RegularContribution),0.0,-0.0,0.0,OK,
TF41,Meier Max,2025-02,MONTHLY,QST steuerbarer Lohn TI A0N (TaxableEarning),30000.0,30000.0,0.0,OK,"Satz-Lohn 11666.65, QST 5110.00"
TF44,Lusser Hans,2025-02,MONTHLY,Statistik Grundlohn (GrossBaseSalaryAndRegularAllowance),5500.0,5500.0,0.0,OK,
TF44,Lusser Hans,2025-02,MONTHLY,Statistik Zulagen (Allowances),0.0,0.0,0.0,OK,
TF44,Lusser Hans,2025-02,MONTHLY,Statistik Familienzulagen (FamilyIncomeSupplement),0.0,0.0,0.0,OK,
TF44,Lusser Hans,2025-02,MONTHLY,Statistik Leistungen Dritter (PaymentsByThird),0.0,0.0,0.0,OK,
TF44,Lusser Hans,2025-02,MONTHLY,Statistik BVG-Beitrag AN (BVG-LPP-RegularContribution),-385.0,-385.0,0.0,OK,
TF01,Herz Monica,2025-03,RETRO,AHV-Basis (AHV-AVS-BaseSalary),34059.3,34059.3,0.0,OK,
TF01,Herz Monica,2025-03,RETRO,FAK-Basis (FAK-CAF-ContributorySalary),34059.3,34059.3,0.0,OK,
TF01,Herz Monica,2025-03,RETRO,FAK Kinderzulagen wiederkehrend (3000),0.0,0.0,0.0,OK,
TF01,Herz Monica,2025-03,RETRO,FAK Zulagen einmalig (3001+3034),0.0,0.0,0.0,OK,
TF01,Herz Monica,2025-03,RETRO,UVG-Bruttolohn (UVG-LAA-GrossSalary),37059.3,37059.3,0.0,OK,
TF01,Herz Monica,2025-03,RETRO,UVG-Basis (UVG-LAA-BaseSalary),32859.3,32859.3,0.0,OK,
TF01,Herz Monica,2025-03,RETRO,UVGZ-Basis (UVGZ-LAAC-BaseSalary),32859.3,32859.3,0.0,OK,
TF01,Herz Monica,2025-03,RETRO,KTG-Referenzlohn (Reference-AHV-AVS-Salary),34059.3,34059.3,0.0,OK,
TF01,Herz Monica,2025-03,RETRO,"Lohnausweis Bruttolohn (GrossIncome, Ziff. 8)",37059.3,37059.3,0.0,OK,
TF01,Herz Monica,2025-03,RETRO,Lohnausweis BVG ordentlich (Ziff. 10.1 = 5050+1972),2205.0,2205.0,0.0,OK,
TF02,Paganini Maria,2025-03,RETRO,AHV-Basis (AHV-AVS-BaseSalary),17956.45,17956.45,0.0,OK,
TF02,Paganini Maria,2025-03,RETRO,FAK-Basis (FAK-CAF-ContributorySalary),17956.45,17956.45,0.0,OK,
TF02,Paganini Maria,2025-03,RETRO,FAK Kinderzulagen wiederkehrend (3000),645.0,645.0,0.0,OK,
TF02,Paganini Maria,2025-03,RETRO,FAK Zulagen einmalig (3001+3034),0.0,0.0,0.0,OK,
TF02,Paganini Maria,2025-03,RETRO,UVG-Bruttolohn (UVG-LAA-GrossSalary),17401.45,17401.45,0.0,OK,
TF02,Paganini Maria,2025-03,RETRO,UVG-Basis (UVG-LAA-BaseSalary),17956.45,17956.45,0.0,OK,
TF02,Paganini Maria,2025-03,RETRO,UVGZ-Basis (UVGZ-LAAC-BaseSalary),17956.45,17956.45,0.0,OK,
TF02,Paganini Maria,2025-03,RETRO,KTG-Referenzlohn (Reference-AHV-AVS-Salary),17956.45,17956.45,0.0,OK,
TF02,Paganini Maria,2025-03,RETRO,"Lohnausweis Bruttolohn (GrossIncome, Ziff. 8)",17401.45,17401.45,0.0,OK,
TF02,Paganini Maria,2025-03,RETRO,Lohnausweis BVG ordentlich (Ziff. 10.1 = 5050+1972),1225.0,1224.99,0.01,OK,
TF03,Lusser Pia,2025-03,RETRO,AHV-Basis (AHV-AVS-BaseSalary),53700.0,53700.0,0.0,OK,
TF03,Lusser Pia,2025-03,RETRO,FAK-Basis (FAK-CAF-ContributorySalary),53700.0,53700.0,0.0,OK,
TF03,Lusser Pia,2025-03,RETRO,FAK Kinderzulagen wiederkehrend (3000),0.0,0.0,0.0,OK,
TF03,Lusser Pia,2025-03,RETRO,FAK Zulagen einmalig (3001+3034),0.0,0.0,0.0,OK,
TF03,Lusser Pia,2025-03,RETRO,UVG-Bruttolohn (UVG-LAA-GrossSalary),59700.0,59700.0,0.0,OK,
TF03,Lusser Pia,2025-03,RETRO,UVG-Basis (UVG-LAA-BaseSalary),53700.0,53700.0,0.0,OK,
TF03,Lusser Pia,2025-03,RETRO,UVGZ-Basis (UVGZ-LAAC-BaseSalary),53700.0,53700.0,0.0,OK,
TF03,Lusser Pia,2025-03,RETRO,KTG-Referenzlohn (Reference-AHV-AVS-Salary),53700.0,53700.0,0.0,OK,
TF03,Lusser Pia,2025-03,RETRO,"Lohnausweis Bruttolohn (GrossIncome, Ziff. 8)",59700.0,59700.0,0.0,OK,
TF03,Lusser Pia,2025-03,RETRO,Lohnausweis BVG ordentlich (Ziff. 10.1 = 5050+1972),1155.0,1155.0,0.0,OK,
TF04,Fankhauser Markus,2025-03,RETRO,AHV-Basis (AHV-AVS-BaseSalary),90000.0,90000.0,0.0,OK,
TF04,Fankhauser Markus,2025-03,RETRO,FAK-Basis (FAK-CAF-ContributorySalary),90000.0,90000.0,0.0,OK,
TF04,Fankhauser Markus,2025-03,RETRO,FAK Kinderzulagen wiederkehrend (3000),0.0,0.0,0.0,OK,
TF04,Fankhauser Markus,2025-03,RETRO,FAK Zulagen einmalig (3001+3034),0.0,0.0,0.0,OK,
TF04,Fankhauser Markus,2025-03,RETRO,UVG-Bruttolohn (UVG-LAA-GrossSalary),90000.0,90000.0,0.0,OK,
TF04,Fankhauser Markus,2025-03,RETRO,UVG-Basis (UVG-LAA-BaseSalary),90000.0,90000.0,0.0,OK,
TF04,Fankhauser Markus,2025-03,RETRO,UVGZ-Basis (UVGZ-LAAC-BaseSalary),90000.0,90000.0,0.0,OK,
TF04,Fankhauser Markus,2025-03,RETRO,KTG-Referenzlohn (Reference-AHV-AVS-Salary),90000.0,90000.0,0.0,OK,
TF04,Fankhauser Markus,2025-03,RETRO,"Lohnausweis Bruttolohn (GrossIncome, Ziff. 8)",90000.0,90000.0,0.0,OK,
TF04,Fankhauser Markus,2025-03,RETRO,Lohnausweis BVG ordentlich (Ziff. 10.1 = 5050+1972),8400.0,8400.0,0.0,OK,
TF05,Moser Johann,2025-03,RETRO,AHV-Basis (AHV-AVS-BaseSalary),4050.0,4050.0,0.0,OK,
TF05,Moser Johann,2025-03,RETRO,FAK-Basis (FAK-CAF-ContributorySalary),4050.0,4050.0,0.0,OK,
TF05,Moser Johann,2025-03,RETRO,FAK Kinderzulagen wiederkehrend (3000),0.0,0.0,0.0,OK,
TF05,Moser Johann,2025-03,RETRO,FAK Zulagen einmalig (3001+3034),0.0,0.0,0.0,OK,
TF05,Moser Johann,2025-03,RETRO,UVG-Bruttolohn (UVG-LAA-GrossSalary),4050.0,4050.0,0.0,OK,
TF05,Moser Johann,2025-03,RETRO,UVG-Basis (UVG-LAA-BaseSalary),4050.0,4050.0,0.0,OK,
TF05,Moser Johann,2025-03,RETRO,UVGZ-Basis (UVGZ-LAAC-BaseSalary),4050.0,4050.0,0.0,OK,
TF05,Moser Johann,2025-03,RETRO,KTG-Referenzlohn (Reference-AHV-AVS-Salary),4050.0,4050.0,0.0,OK,
TF05,Moser Johann,2025-03,RETRO,"Lohnausweis Bruttolohn (GrossIncome, Ziff. 8)",4050.0,4050.0,0.0,OK,
TF05,Moser Johann,2025-03,RETRO,Lohnausweis BVG ordentlich (Ziff. 10.1 = 5050+1972),351.0,351.0,0.0,OK,
TF06,Zahnd Anita,2025-03,RETRO,AHV-Basis (AHV-AVS-BaseSalary),40500.0,40500.0,0.0,OK,
TF06,Zahnd Anita,2025-03,RETRO,FAK-Basis (FAK-CAF-ContributorySalary),40500.0,40500.0,0.0,OK,
TF06,Zahnd Anita,2025-03,RETRO,FAK Kinderzulagen wiederkehrend (3000),0.0,0.0,0.0,OK,
TF06,Zahnd Anita,2025-03,RETRO,FAK Zulagen einmalig (3001+3034),0.0,0.0,0.0,OK,
TF06,Zahnd Anita,2025-03,RETRO,UVG-Bruttolohn (UVG-LAA-GrossSalary),40500.0,40500.0,0.0,OK,
TF06,Zahnd Anita,2025-03,RETRO,UVG-Basis (UVG-LAA-BaseSalary),40500.0,40500.0,0.0,OK,
TF06,Zahnd Anita,2025-03,RETRO,UVGZ-Basis (UVGZ-LAAC-BaseSalary),40500.0,40500.0,0.0,OK,
TF06,Zahnd Anita,2025-03,RETRO,KTG-Referenzlohn (Reference-AHV-AVS-Salary),40500.0,40500.0,0.0,OK,
TF06,Zahnd Anita,2025-03,RETRO,"Lohnausweis Bruttolohn (GrossIncome, Ziff. 8)",40500.0,40500.0,0.0,OK,
TF06,Zahnd Anita,2025-03,RETRO,Lohnausweis BVG ordentlich (Ziff. 10.1 = 5050+1972),3240.0,3240.0,0.0,OK,
TF07,Burri Heidi,2025-03,RETRO,AHV-Basis (AHV-AVS-BaseSalary),5500.0,5500.0,0.0,OK,
TF07,Burri Heidi,2025-03,RETRO,FAK-Basis (FAK-CAF-ContributorySalary),5500.0,5500.0,0.0,OK,
TF07,Burri Heidi,2025-03,RETRO,FAK Kinderzulagen wiederkehrend (3000),0.0,0.0,0.0,OK,
TF07,Burri Heidi,2025-03,RETRO,FAK Zulagen einmalig (3001+3034),0.0,0.0,0.0,OK,
TF07,Burri Heidi,2025-03,RETRO,UVG-Bruttolohn (UVG-LAA-GrossSalary),15000.0,15000.0,0.0,OK,
TF07,Burri Heidi,2025-03,RETRO,UVG-Basis (UVG-LAA-BaseSalary),5500.0,5500.0,0.0,OK,
TF07,Burri Heidi,2025-03,RETRO,UVGZ-Basis (UVGZ-LAAC-BaseSalary),5500.0,5500.0,0.0,OK,
TF07,Burri Heidi,2025-03,RETRO,KTG-Referenzlohn (Reference-AHV-AVS-Salary),5500.0,5500.0,0.0,OK,
TF07,Burri Heidi,2025-03,RETRO,"Lohnausweis Bruttolohn (GrossIncome, Ziff. 8)",15000.0,15000.0,0.0,OK,
TF07,Burri Heidi,2025-03,RETRO,Lohnausweis BVG ordentlich (Ziff. 10.1 = 5050+1972),0.0,0.0,0.0,OK,
TF08,Lamon René,2025-03,RETRO,AHV-Basis (AHV-AVS-BaseSalary),31055.2,31055.2,0.0,OK,
TF08,Lamon René,2025-03,RETRO,FAK-Basis (FAK-CAF-ContributorySalary),31055.2,31055.2,0.0,OK,
TF08,Lamon René,2025-03,RETRO,FAK Kinderzulagen wiederkehrend (3000),750.0,750.0,0.0,OK,
TF08,Lamon René,2025-03,RETRO,FAK Zulagen einmalig (3001+3034),0.0,0.0,0.0,OK,
TF08,Lamon René,2025-03,RETRO,UVG-Bruttolohn (UVG-LAA-GrossSalary),31805.2,31805.2,0.0,OK,
TF08,Lamon René,2025-03,RETRO,UVG-Basis (UVG-LAA-BaseSalary),31055.2,31055.2,0.0,OK,
TF08,Lamon René,2025-03,RETRO,UVGZ-Basis (UVGZ-LAAC-BaseSalary),31055.2,31055.2,0.0,OK,
TF08,Lamon René,2025-03,RETRO,KTG-Referenzlohn (Reference-AHV-AVS-Salary),31055.2,31055.2,0.0,OK,
TF08,Lamon René,2025-03,RETRO,"Lohnausweis Bruttolohn (GrossIncome, Ziff. 8)",31805.2,31805.2,0.0,OK,
TF08,Lamon René,2025-03,RETRO,Lohnausweis BVG ordentlich (Ziff. 10.1 = 5050+1972),2253.25,2253.27,-0.02,OK,
TF09,Estermann Michael,2025-03,RETRO,FAK-Basis (FAK-CAF-ContributorySalary),36800.0,41000.0,-4200.0,DIFF,
TF09,Estermann Michael,2025-03,RETRO,FAK Kinderzulagen wiederkehrend (3000),0.0,0.0,0.0,OK,
TF09,Estermann Michael,2025-03,RETRO,FAK Zulagen einmalig (3001+3034),0.0,0.0,0.0,OK,
TF09,Estermann Michael,2025-03,RETRO,UVG-Bruttolohn (UVG-LAA-GrossSalary),41000.0,41000.0,0.0,OK,
TF09,Estermann Michael,2025-03,RETRO,UVG-Basis (UVG-LAA-BaseSalary),41000.0,41000.0,0.0,OK,
TF09,Estermann Michael,2025-03,RETRO,UVGZ-Basis (UVGZ-LAAC-BaseSalary),41000.0,41000.0,0.0,OK,
TF09,Estermann Michael,2025-03,RETRO,KTG-Referenzlohn (Reference-AHV-AVS-Salary),41000.0,41000.0,0.0,OK,
TF09,Estermann Michael,2025-03,RETRO,"Lohnausweis Bruttolohn (GrossIncome, Ziff. 8)",41000.0,41000.0,0.0,OK,
TF09,Estermann Michael,2025-03,RETRO,Lohnausweis BVG ordentlich (Ziff. 10.1 = 5050+1972),0.0,0.0,0.0,OK,
TF10,Ganz Heinz,2025-03,RETRO,AHV-Basis (AHV-AVS-BaseSalary),12800.0,12800.0,0.0,OK,
TF10,Ganz Heinz,2025-03,RETRO,FAK-Basis (FAK-CAF-ContributorySalary),12800.0,12800.0,0.0,OK,
TF10,Ganz Heinz,2025-03,RETRO,FAK Kinderzulagen wiederkehrend (3000),0.0,0.0,0.0,OK,
TF10,Ganz Heinz,2025-03,RETRO,FAK Zulagen einmalig (3001+3034),0.0,0.0,0.0,OK,
TF10,Ganz Heinz,2025-03,RETRO,UVG-Bruttolohn (UVG-LAA-GrossSalary),12200.0,12200.0,0.0,OK,
TF10,Ganz Heinz,2025-03,RETRO,UVG-Basis (UVG-LAA-BaseSalary),11800.0,11800.0,0.0,OK,
TF10,Ganz Heinz,2025-03,RETRO,UVGZ-Basis (UVGZ-LAAC-BaseSalary),11800.0,11800.0,0.0,OK,
TF10,Ganz Heinz,2025-03,RETRO,KTG-Referenzlohn (Reference-AHV-AVS-Salary),12800.0,12800.0,0.0,OK,
TF10,Ganz Heinz,2025-03,RETRO,"Lohnausweis Bruttolohn (GrossIncome, Ziff. 8)",12200.0,12200.0,0.0,OK,
TF10,Ganz Heinz,2025-03,RETRO,Lohnausweis BVG ordentlich (Ziff. 10.1 = 5050+1972),896.0,896.0,0.0,OK,
TF11,Bosshard Peter,2025-03,RETRO,AHV-Basis (AHV-AVS-BaseSalary),59650.0,39650.0,20000.0,DIFF,
TF11,Bosshard Peter,2025-03,RETRO,FAK-Basis (FAK-CAF-ContributorySalary),59650.0,39650.0,20000.0,DIFF,
TF11,Bosshard Peter,2025-03,RETRO,FAK Kinderzulagen wiederkehrend (3000),995.0,995.0,0.0,OK,
TF11,Bosshard Peter,2025-03,RETRO,FAK Zulagen einmalig (3001+3034),1000.0,1000.0,0.0,OK,
TF11,Bosshard Peter,2025-03,RETRO,UVG-Bruttolohn (UVG-LAA-GrossSalary),61645.0,41645.0,20000.0,DIFF,
TF11,Bosshard Peter,2025-03,RETRO,UVG-Basis (UVG-LAA-BaseSalary),59650.0,39650.0,20000.0,DIFF,
TF11,Bosshard Peter,2025-03,RETRO,UVGZ-Basis (UVGZ-LAAC-BaseSalary),119300.0,39650.0,79650.0,DIFF,
TF11,Bosshard Peter,2025-03,RETRO,KTG-Referenzlohn (Reference-AHV-AVS-Salary),119300.0,39650.0,79650.0,DIFF,
TF11,Bosshard Peter,2025-03,RETRO,"Lohnausweis Bruttolohn (GrossIncome, Ziff. 8)",61645.0,41645.0,20000.0,DIFF,
TF11,Bosshard Peter,2025-03,RETRO,Lohnausweis BVG ordentlich (Ziff. 10.1 = 5050+1972),2593.5,2593.5,0.0,OK,
TF11,Bosshard Peter,2025-03,RETRO,Lohnausweis BVG Einkauf (Ziff. 10.2 = 1973),5000.0,5000.0,0.0,OK,
TF12,Casanova Renato,2025-03,RETRO,AHV-Basis (AHV-AVS-BaseSalary),15300.0,15300.0,0.0,OK,
TF12,Casanova Renato,2025-03,RETRO,FAK-Basis (FAK-CAF-ContributorySalary),15300.0,15300.0,0.0,OK,
TF12,Casanova Renato,2025-03,RETRO,FAK Kinderzulagen wiederkehrend (3000),0.0,0.0,0.0,OK,
TF12,Casanova Renato,2025-03,RETRO,FAK Zulagen einmalig (3001+3034),0.0,0.0,0.0,OK,
TF12,Casanova Renato,2025-03,RETRO,UVG-Bruttolohn (UVG-LAA-GrossSalary),17300.0,17300.0,0.0,OK,
TF12,Casanova Renato,2025-03,RETRO,UVG-Basis (UVG-LAA-BaseSalary),15300.0,15300.0,0.0,OK,
TF12,Casanova Renato,2025-03,RETRO,UVGZ-Basis (UVGZ-LAAC-BaseSalary),15300.0,15300.0,0.0,OK,
TF12,Casanova Renato,2025-03,RETRO,KTG-Referenzlohn (Reference-AHV-AVS-Salary),15300.0,15300.0,0.0,OK,
TF12,Casanova Renato,2025-03,RETRO,"Lohnausweis Bruttolohn (GrossIncome, Ziff. 8)",15300.0,17300.0,-2000.0,DIFF,
TF12,Casanova Renato,2025-03,RETRO,Lohnausweis BVG ordentlich (Ziff. 10.1 = 5050+1972),1799.0,1799.0,0.0,OK,
TF13,Combertaldi Renato,2025-03,RETRO,UVG-Bruttolohn (UVG-LAA-GrossSalary),6600.0,6600.0,0.0,OK,
TF13,Combertaldi Renato,2025-03,RETRO,UVG-Basis (UVG-LAA-BaseSalary),6600.0,6600.0,0.0,OK,
TF13,Combertaldi Renato,2025-03,RETRO,UVGZ-Basis (UVGZ-LAAC-BaseSalary),6600.0,6600.0,0.0,OK,
TF13,Combertaldi Renato,2025-03,RETRO,KTG-Referenzlohn (Reference-AHV-AVS-Salary),6600.0,6600.0,0.0,OK,
TF13,Combertaldi Renato,2025-03,RETRO,"Lohnausweis Bruttolohn (GrossIncome, Ziff. 8)",6600.0,6600.0,0.0,OK,
TF13,Combertaldi Renato,2025-03,RETRO,Lohnausweis BVG ordentlich (Ziff. 10.1 = 5050+1972),0.0,0.0,0.0,OK,
TF14,Egli Anna,2025-03,RETRO,UVG-Bruttolohn (UVG-LAA-GrossSalary),12016.6,12016.6,0.0,OK,
TF14,Egli Anna,2025-03,RETRO,UVG-Basis (UVG-LAA-BaseSalary),12016.6,12016.6,0.0,OK,
TF14,Egli Anna,2025-03,RETRO,UVGZ-Basis (UVGZ-LAAC-BaseSalary),12016.6,12016.6,0.0,OK,
TF14,Egli Anna,2025-03,RETRO,KTG-Referenzlohn (Reference-AHV-AVS-Salary),12016.6,12016.6,0.0,OK,
TF14,Egli Anna,2025-03,RETRO,"Lohnausweis Bruttolohn (GrossIncome, Ziff. 8)",12016.6,12016.6,0.0,OK,
TF14,Egli Anna,2025-03,RETRO,Lohnausweis BVG ordentlich (Ziff. 10.1 = 5050+1972),0.0,0.0,0.0,OK,
TF15,Degelo Lorenz,2025-03,RETRO,AHV-Basis (AHV-AVS-BaseSalary),2800.35,2800.35,0.0,OK,
TF15,Degelo Lorenz,2025-03,RETRO,FAK-Basis (FAK-CAF-ContributorySalary),2800.35,2800.35,0.0,OK,
TF15,Degelo Lorenz,2025-03,RETRO,FAK Kinderzulagen wiederkehrend (3000),0.0,0.0,0.0,OK,
TF15,Degelo Lorenz,2025-03,RETRO,FAK Zulagen einmalig (3001+3034),0.0,0.0,0.0,OK,
TF15,Degelo Lorenz,2025-03,RETRO,UVG-Bruttolohn (UVG-LAA-GrossSalary),2800.35,2800.35,0.0,OK,
TF15,Degelo Lorenz,2025-03,RETRO,UVG-Basis (UVG-LAA-BaseSalary),2800.35,2800.35,0.0,OK,
TF15,Degelo Lorenz,2025-03,RETRO,UVGZ-Basis (UVGZ-LAAC-BaseSalary),2800.35,2800.35,0.0,OK,
TF15,Degelo Lorenz,2025-03,RETRO,KTG-Referenzlohn (Reference-AHV-AVS-Salary),2800.35,2800.35,0.0,OK,
TF15,Degelo Lorenz,2025-03,RETRO,"Lohnausweis Bruttolohn (GrossIncome, Ziff. 8)",2800.35,2800.35,0.0,OK,
TF15,Degelo Lorenz,2025-03,RETRO,Lohnausweis BVG ordentlich (Ziff. 10.1 = 5050+1972),0.0,0.0,0.0,OK,
TF16,Aebi Anna,2025-03,RETRO,FAK-Basis (FAK-CAF-ContributorySalary),30365.05,34565.05,-4200.0,DIFF,
TF16,Aebi Anna,2025-03,RETRO,FAK Kinderzulagen wiederkehrend (3000),0.0,0.0,0.0,OK,
TF16,Aebi Anna,2025-03,RETRO,FAK Zulagen einmalig (3001+3034),0.0,0.0,0.0,OK,
TF16,Aebi Anna,2025-03,RETRO,UVG-Bruttolohn (UVG-LAA-GrossSalary),34565.05,34565.05,0.0,OK,
TF16,Aebi Anna,2025-03,RETRO,UVG-Basis (UVG-LAA-BaseSalary),34565.05,34565.05,0.0,OK,
TF16,Aebi Anna,2025-03,RETRO,UVGZ-Basis (UVGZ-LAAC-BaseSalary),34565.05,34565.05,0.0,OK,
TF16,Aebi Anna,2025-03,RETRO,KTG-Referenzlohn (Reference-AHV-AVS-Salary),34565.05,34565.05,0.0,OK,
TF16,Aebi Anna,2025-03,RETRO,"Lohnausweis Bruttolohn (GrossIncome, Ziff. 8)",34565.05,34565.05,0.0,OK,
TF16,Aebi Anna,2025-03,RETRO,Lohnausweis BVG ordentlich (Ziff. 10.1 = 5050+1972),0.0,0.0,0.0,OK,
TF17,Binggeli Fritz,2025-03,RETRO,AHV-Basis (AHV-AVS-BaseSalary),13650.0,13650.0,0.0,OK,
TF17,Binggeli Fritz,2025-03,RETRO,FAK-Basis (FAK-CAF-ContributorySalary),13650.0,13650.0,0.0,OK,
TF17,Binggeli Fritz,2025-03,RETRO,FAK Kinderzulagen wiederkehrend (3000),0.0,0.0,0.0,OK,
TF17,Binggeli Fritz,2025-03,RETRO,FAK Zulagen einmalig (3001+3034),0.0,0.0,0.0,OK,
TF17,Binggeli Fritz,2025-03,RETRO,UVG-Bruttolohn (UVG-LAA-GrossSalary),13650.0,13650.0,0.0,OK,
TF17,Binggeli Fritz,2025-03,RETRO,UVG-Basis (UVG-LAA-BaseSalary),13650.0,13650.0,0.0,OK,
TF17,Binggeli Fritz,2025-03,RETRO,UVGZ-Basis (UVGZ-LAAC-BaseSalary),13650.0,13650.0,0.0,OK,
TF17,Binggeli Fritz,2025-03,RETRO,KTG-Referenzlohn (Reference-AHV-AVS-Salary),13650.0,13650.0,0.0,OK,
TF17,Binggeli Fritz,2025-03,RETRO,"Lohnausweis Bruttolohn (GrossIncome, Ziff. 8)",13650.0,13650.0,0.0,OK,
TF17,Binggeli Fritz,2025-03,RETRO,Lohnausweis BVG ordentlich (Ziff. 10.1 = 5050+1972),955.5,955.5,0.0,OK,
TF18,Blanc Pierre,2025-03,RETRO,AHV-Basis (AHV-AVS-BaseSalary),3538.35,3538.35,0.0,OK,
TF18,Blanc Pierre,2025-03,RETRO,FAK-Basis (FAK-CAF-ContributorySalary),3538.35,3538.35,0.0,OK,
TF18,Blanc Pierre,2025-03,RETRO,FAK Kinderzulagen wiederkehrend (3000),0.0,0.0,0.0,OK,
TF18,Blanc Pierre,2025-03,RETRO,FAK Zulagen einmalig (3001+3034),0.0,0.0,0.0,OK,
TF18,Blanc Pierre,2025-03,RETRO,UVG-Bruttolohn (UVG-LAA-GrossSalary),3538.35,3538.35,0.0,OK,
TF18,Blanc Pierre,2025-03,RETRO,UVG-Basis (UVG-LAA-BaseSalary),3538.35,3538.35,0.0,OK,
TF18,Blanc Pierre,2025-03,RETRO,UVGZ-Basis (UVGZ-LAAC-BaseSalary),3538.35,3538.35,0.0,OK,
TF18,Blanc Pierre,2025-03,RETRO,KTG-Referenzlohn (Reference-AHV-AVS-Salary),3538.35,3538.35,0.0,OK,
TF18,Blanc Pierre,2025-03,RETRO,"Lohnausweis Bruttolohn (GrossIncome, Ziff. 8)",3538.35,3538.35,0.0,OK,
TF18,Blanc Pierre,2025-03,RETRO,Lohnausweis BVG ordentlich (Ziff. 10.1 = 5050+1972),229.3,229.32,-0.02,OK,
TF19,Andrey Melanie,2025-03,RETRO,AHV-Basis (AHV-AVS-BaseSalary),7800.0,7800.0,0.0,OK,
TF19,Andrey Melanie,2025-03,RETRO,FAK-Basis (FAK-CAF-ContributorySalary),7800.0,7800.0,0.0,OK,
TF19,Andrey Melanie,2025-03,RETRO,FAK Kinderzulagen wiederkehrend (3000),0.0,0.0,0.0,OK,
TF19,Andrey Melanie,2025-03,RETRO,FAK Zulagen einmalig (3001+3034),0.0,0.0,0.0,OK,
TF19,Andrey Melanie,2025-03,RETRO,UVG-Bruttolohn (UVG-LAA-GrossSalary),7800.0,7800.0,0.0,OK,
TF19,Andrey Melanie,2025-03,RETRO,UVG-Basis (UVG-LAA-BaseSalary),7800.0,7800.0,0.0,OK,
TF19,Andrey Melanie,2025-03,RETRO,UVGZ-Basis (UVGZ-LAAC-BaseSalary),7800.0,7800.0,0.0,OK,
TF19,Andrey Melanie,2025-03,RETRO,KTG-Referenzlohn (Reference-AHV-AVS-Salary),7800.0,7800.0,0.0,OK,
TF19,Andrey Melanie,2025-03,RETRO,"Lohnausweis Bruttolohn (GrossIncome, Ziff. 8)",7800.0,7800.0,0.0,OK,
TF19,Andrey Melanie,2025-03,RETRO,Lohnausweis BVG ordentlich (Ziff. 10.1 = 5050+1972),591.5,591.48,0.02,OK,
TF20,Arnold Lukas,2025-03,RETRO,AHV-Basis (AHV-AVS-BaseSalary),10416.65,10416.65,0.0,OK,
TF20,Arnold Lukas,2025-03,RETRO,FAK-Basis (FAK-CAF-ContributorySalary),10416.65,10416.65,0.0,OK,
TF20,Arnold Lukas,2025-03,RETRO,FAK Kinderzulagen wiederkehrend (3000),0.0,0.0,0.0,OK,
TF20,Arnold Lukas,2025-03,RETRO,FAK Zulagen einmalig (3001+3034),0.0,0.0,0.0,OK,
TF20,Arnold Lukas,2025-03,RETRO,UVG-Bruttolohn (UVG-LAA-GrossSalary),10416.65,10416.65,0.0,OK,
TF20,Arnold Lukas,2025-03,RETRO,UVG-Basis (UVG-LAA-BaseSalary),9916.65,9916.65,0.0,OK,
TF20,Arnold Lukas,2025-03,RETRO,UVGZ-Basis (UVGZ-LAAC-BaseSalary),9916.65,9916.65,0.0,OK,
TF20,Arnold Lukas,2025-03,RETRO,KTG-Referenzlohn (Reference-AHV-AVS-Salary),10416.65,10416.65,0.0,OK,
TF20,Arnold Lukas,2025-03,RETRO,"Lohnausweis Bruttolohn (GrossIncome, Ziff. 8)",10416.65,10416.65,0.0,OK,
TF20,Arnold Lukas,2025-03,RETRO,Lohnausweis BVG ordentlich (Ziff. 10.1 = 5050+1972),520.0,519.99,0.01,OK,
TF21,Meier Christian,2025-03,RETRO,AHV-Basis (AHV-AVS-BaseSalary),10416.65,10416.65,0.0,OK,
TF21,Meier Christian,2025-03,RETRO,FAK-Basis (FAK-CAF-ContributorySalary),10416.65,10416.65,0.0,OK,
TF21,Meier Christian,2025-03,RETRO,FAK Kinderzulagen wiederkehrend (3000),0.0,0.0,0.0,OK,
TF21,Meier Christian,2025-03,RETRO,FAK Zulagen einmalig (3001+3034),0.0,0.0,0.0,OK,
TF21,Meier Christian,2025-03,RETRO,UVG-Bruttolohn (UVG-LAA-GrossSalary),10416.65,10416.65,0.0,OK,
TF21,Meier Christian,2025-03,RETRO,UVG-Basis (UVG-LAA-BaseSalary),9916.65,9916.65,0.0,OK,
TF21,Meier Christian,2025-03,RETRO,UVGZ-Basis (UVGZ-LAAC-BaseSalary),9916.65,9916.65,0.0,OK,
TF21,Meier Christian,2025-03,RETRO,KTG-Referenzlohn (Reference-AHV-AVS-Salary),10416.65,10416.65,0.0,OK,
TF21,Meier Christian,2025-03,RETRO,"Lohnausweis Bruttolohn (GrossIncome, Ziff. 8)",10416.65,10416.65,0.0,OK,
TF21,Meier Christian,2025-03,RETRO,Lohnausweis BVG ordentlich (Ziff. 10.1 = 5050+1972),455.0,455.01,-0.01,OK,
TF22,Bucher Elisabeth,2025-03,RETRO,AHV-Basis (AHV-AVS-BaseSalary),14743.3,14743.3,0.0,OK,
TF22,Bucher Elisabeth,2025-03,RETRO,FAK-Basis (FAK-CAF-ContributorySalary),14743.3,14743.3,0.0,OK,
TF22,Bucher Elisabeth,2025-03,RETRO,FAK Kinderzulagen wiederkehrend (3000),0.0,0.0,0.0,OK,
TF22,Bucher Elisabeth,2025-03,RETRO,FAK Zulagen einmalig (3001+3034),0.0,0.0,0.0,OK,
TF22,Bucher Elisabeth,2025-03,RETRO,UVG-Bruttolohn (UVG-LAA-GrossSalary),14743.3,14743.3,0.0,OK,
TF22,Bucher Elisabeth,2025-03,RETRO,UVG-Basis (UVG-LAA-BaseSalary),14743.3,14743.3,0.0,OK,
TF22,Bucher Elisabeth,2025-03,RETRO,UVGZ-Basis (UVGZ-LAAC-BaseSalary),14743.3,14743.3,0.0,OK,
TF22,Bucher Elisabeth,2025-03,RETRO,KTG-Referenzlohn (Reference-AHV-AVS-Salary),14743.3,14743.3,0.0,OK,
TF22,Bucher Elisabeth,2025-03,RETRO,"Lohnausweis Bruttolohn (GrossIncome, Ziff. 8)",14743.3,14743.3,0.0,OK,
TF22,Bucher Elisabeth,2025-03,RETRO,Lohnausweis BVG ordentlich (Ziff. 10.1 = 5050+1972),793.3,793.32,-0.02,OK,
TF23,Koller Ludwig,2025-03,RETRO,AHV-Basis (AHV-AVS-BaseSalary),45000.0,45000.0,0.0,OK,
TF23,Koller Ludwig,2025-03,RETRO,FAK-Basis (FAK-CAF-ContributorySalary),45000.0,45000.0,0.0,OK,
TF23,Koller Ludwig,2025-03,RETRO,FAK Kinderzulagen wiederkehrend (3000),0.0,0.0,0.0,OK,
TF23,Koller Ludwig,2025-03,RETRO,FAK Zulagen einmalig (3001+3034),0.0,0.0,0.0,OK,
TF23,Koller Ludwig,2025-03,RETRO,UVG-Bruttolohn (UVG-LAA-GrossSalary),45000.0,45000.0,0.0,OK,
TF23,Koller Ludwig,2025-03,RETRO,UVG-Basis (UVG-LAA-BaseSalary),45000.0,45000.0,0.0,OK,
TF23,Koller Ludwig,2025-03,RETRO,UVGZ-Basis (UVGZ-LAAC-BaseSalary),45000.0,45000.0,0.0,OK,
TF23,Koller Ludwig,2025-03,RETRO,KTG-Referenzlohn (Reference-AHV-AVS-Salary),45000.0,45000.0,0.0,OK,
TF23,Koller Ludwig,2025-03,RETRO,"Lohnausweis Bruttolohn (GrossIncome, Ziff. 8)",45000.0,45000.0,0.0,OK,
TF23,Koller Ludwig,2025-03,RETRO,Lohnausweis BVG ordentlich (Ziff. 10.1 = 5050+1972),1137.5,1137.48,0.02,OK,
TF24,Utzinger Jan,2025-03,RETRO,AHV-Basis (AHV-AVS-BaseSalary),24000.0,24000.0,0.0,OK,
TF24,Utzinger Jan,2025-03,RETRO,FAK-Basis (FAK-CAF-ContributorySalary),24000.0,24000.0,0.0,OK,
TF24,Utzinger Jan,2025-03,RETRO,FAK Kinderzulagen wiederkehrend (3000),0.0,0.0,0.0,OK,
TF24,Utzinger Jan,2025-03,RETRO,FAK Zulagen einmalig (3001+3034),0.0,0.0,0.0,OK,
TF24,Utzinger Jan,2025-03,RETRO,UVG-Bruttolohn (UVG-LAA-GrossSalary),24000.0,24000.0,0.0,OK,
TF24,Utzinger Jan,2025-03,RETRO,UVG-Basis (UVG-LAA-BaseSalary),24000.0,24000.0,0.0,OK,
TF24,Utzinger Jan,2025-03,RETRO,UVGZ-Basis (UVGZ-LAAC-BaseSalary),24000.0,24000.0,0.0,OK,
TF24,Utzinger Jan,2025-03,RETRO,KTG-Referenzlohn (Reference-AHV-AVS-Salary),24000.0,24000.0,0.0,OK,
TF24,Utzinger Jan,2025-03,RETRO,"Lohnausweis Bruttolohn (GrossIncome, Ziff. 8)",24000.0,24000.0,0.0,OK,
TF24,Utzinger Jan,2025-03,RETRO,Lohnausweis BVG ordentlich (Ziff. 10.1 = 5050+1972),1820.0,1820.01,-0.01,OK,
TF25,Lehmann Nadine,2025-03,RETRO,AHV-Basis (AHV-AVS-BaseSalary),20000.0,20000.0,0.0,OK,
TF25,Lehmann Nadine,2025-03,RETRO,FAK-Basis (FAK-CAF-ContributorySalary),20000.0,20000.0,0.0,OK,
TF25,Lehmann Nadine,2025-03,RETRO,FAK Kinderzulagen wiederkehrend (3000),0.0,0.0,0.0,OK,
TF25,Lehmann Nadine,2025-03,RETRO,FAK Zulagen einmalig (3001+3034),0.0,0.0,0.0,OK,
TF25,Lehmann Nadine,2025-03,RETRO,UVG-Bruttolohn (UVG-LAA-GrossSalary),20000.0,20000.0,0.0,OK,
TF25,Lehmann Nadine,2025-03,RETRO,UVG-Basis (UVG-LAA-BaseSalary),20000.0,20000.0,0.0,OK,
TF25,Lehmann Nadine,2025-03,RETRO,UVGZ-Basis (UVGZ-LAAC-BaseSalary),20000.0,20000.0,0.0,OK,
TF25,Lehmann Nadine,2025-03,RETRO,KTG-Referenzlohn (Reference-AHV-AVS-Salary),20000.0,20000.0,0.0,OK,
TF25,Lehmann Nadine,2025-03,RETRO,"Lohnausweis Bruttolohn (GrossIncome, Ziff. 8)",20000.0,20000.0,0.0,OK,
TF25,Lehmann Nadine,2025-03,RETRO,Lohnausweis BVG ordentlich (Ziff. 10.1 = 5050+1972),1820.0,1820.0,0.0,OK,
TF26,Jenzer Marcel,2025-03,RETRO,AHV-Basis (AHV-AVS-BaseSalary),20000.0,20000.0,0.0,OK,
TF26,Jenzer Marcel,2025-03,RETRO,FAK-Basis (FAK-CAF-ContributorySalary),20000.0,20000.0,0.0,OK,
TF26,Jenzer Marcel,2025-03,RETRO,FAK Kinderzulagen wiederkehrend (3000),0.0,0.0,0.0,OK,
TF26,Jenzer Marcel,2025-03,RETRO,FAK Zulagen einmalig (3001+3034),0.0,0.0,0.0,OK,
TF26,Jenzer Marcel,2025-03,RETRO,UVG-Bruttolohn (UVG-LAA-GrossSalary),20000.0,20000.0,0.0,OK,
TF26,Jenzer Marcel,2025-03,RETRO,UVG-Basis (UVG-LAA-BaseSalary),20000.0,20000.0,0.0,OK,
TF26,Jenzer Marcel,2025-03,RETRO,UVGZ-Basis (UVGZ-LAAC-BaseSalary),20000.0,20000.0,0.0,OK,
TF26,Jenzer Marcel,2025-03,RETRO,KTG-Referenzlohn (Reference-AHV-AVS-Salary),20000.0,20000.0,0.0,OK,
TF26,Jenzer Marcel,2025-03,RETRO,"Lohnausweis Bruttolohn (GrossIncome, Ziff. 8)",20000.0,20000.0,0.0,OK,
TF26,Jenzer Marcel,2025-03,RETRO,Lohnausweis BVG ordentlich (Ziff. 10.1 = 5050+1972),1820.0,1820.0,0.0,OK,
TF28,Arbenz Esther,2025-03,RETRO,AHV-Basis (AHV-AVS-BaseSalary),38000.0,38000.0,0.0,OK,
TF28,Arbenz Esther,2025-03,RETRO,FAK-Basis (FAK-CAF-ContributorySalary),38000.0,38000.0,0.0,OK,
TF28,Arbenz Esther,2025-03,RETRO,FAK Kinderzulagen wiederkehrend (3000),0.0,0.0,0.0,OK,
TF28,Arbenz Esther,2025-03,RETRO,FAK Zulagen einmalig (3001+3034),0.0,0.0,0.0,OK,
TF28,Arbenz Esther,2025-03,RETRO,UVG-Bruttolohn (UVG-LAA-GrossSalary),38000.0,38000.0,0.0,OK,
TF28,Arbenz Esther,2025-03,RETRO,UVG-Basis (UVG-LAA-BaseSalary),38000.0,38000.0,0.0,OK,
TF28,Arbenz Esther,2025-03,RETRO,UVGZ-Basis (UVGZ-LAAC-BaseSalary),38000.0,38000.0,0.0,OK,
TF28,Arbenz Esther,2025-03,RETRO,KTG-Referenzlohn (Reference-AHV-AVS-Salary),38000.0,38000.0,0.0,OK,
TF28,Arbenz Esther,2025-03,RETRO,"Lohnausweis Bruttolohn (GrossIncome, Ziff. 8)",38000.0,38000.0,0.0,OK,
TF28,Arbenz Esther,2025-03,RETRO,Lohnausweis BVG ordentlich (Ziff. 10.1 = 5050+1972),1560.0,1560.0,0.0,OK,
TF29,Forster Moreno,2025-03,RETRO,AHV-Basis (AHV-AVS-BaseSalary),38000.0,38000.0,0.0,OK,
TF29,Forster Moreno,2025-03,RETRO,FAK-Basis (FAK-CAF-ContributorySalary),38000.0,38000.0,0.0,OK,
TF29,Forster Moreno,2025-03,RETRO,FAK Kinderzulagen wiederkehrend (3000),0.0,0.0,0.0,OK,
TF29,Forster Moreno,2025-03,RETRO,FAK Zulagen einmalig (3001+3034),0.0,0.0,0.0,OK,
TF29,Forster Moreno,2025-03,RETRO,UVG-Bruttolohn (UVG-LAA-GrossSalary),38000.0,38000.0,0.0,OK,
TF29,Forster Moreno,2025-03,RETRO,UVG-Basis (UVG-LAA-BaseSalary),38000.0,38000.0,0.0,OK,
TF29,Forster Moreno,2025-03,RETRO,UVGZ-Basis (UVGZ-LAAC-BaseSalary),38000.0,38000.0,0.0,OK,
TF29,Forster Moreno,2025-03,RETRO,KTG-Referenzlohn (Reference-AHV-AVS-Salary),38000.0,38000.0,0.0,OK,
TF29,Forster Moreno,2025-03,RETRO,"Lohnausweis Bruttolohn (GrossIncome, Ziff. 8)",38000.0,38000.0,0.0,OK,
TF29,Forster Moreno,2025-03,RETRO,Lohnausweis BVG ordentlich (Ziff. 10.1 = 5050+1972),1365.0,1365.0,0.0,OK,
TF30,Müller Heinrich,2025-03,RETRO,AHV-Basis (AHV-AVS-BaseSalary),16500.0,16500.0,0.0,OK,
TF30,Müller Heinrich,2025-03,RETRO,FAK-Basis (FAK-CAF-ContributorySalary),16500.0,16500.0,0.0,OK,
TF30,Müller Heinrich,2025-03,RETRO,FAK Kinderzulagen wiederkehrend (3000),0.0,0.0,0.0,OK,
TF30,Müller Heinrich,2025-03,RETRO,FAK Zulagen einmalig (3001+3034),0.0,0.0,0.0,OK,
TF30,Müller Heinrich,2025-03,RETRO,UVG-Bruttolohn (UVG-LAA-GrossSalary),16500.0,16500.0,0.0,OK,
TF30,Müller Heinrich,2025-03,RETRO,UVG-Basis (UVG-LAA-BaseSalary),16500.0,16500.0,0.0,OK,
TF30,Müller Heinrich,2025-03,RETRO,UVGZ-Basis (UVGZ-LAAC-BaseSalary),16500.0,16500.0,0.0,OK,
TF30,Müller Heinrich,2025-03,RETRO,KTG-Referenzlohn (Reference-AHV-AVS-Salary),16500.0,16500.0,0.0,OK,
TF30,Müller Heinrich,2025-03,RETRO,"Lohnausweis Bruttolohn (GrossIncome, Ziff. 8)",16500.0,16500.0,0.0,OK,
TF30,Müller Heinrich,2025-03,RETRO,Lohnausweis BVG ordentlich (Ziff. 10.1 = 5050+1972),0.0,0.0,0.0,OK,
TF31,Bolletto Franca,2025-03,RETRO,AHV-Basis (AHV-AVS-BaseSalary),15000.0,15000.0,0.0,OK,
TF31,Bolletto Franca,2025-03,RETRO,FAK-Basis (FAK-CAF-ContributorySalary),15000.0,15000.0,0.0,OK,
TF31,Bolletto Franca,2025-03,RETRO,FAK Kinderzulagen wiederkehrend (3000),0.0,0.0,0.0,OK,
TF31,Bolletto Franca,2025-03,RETRO,FAK Zulagen einmalig (3001+3034),0.0,0.0,0.0,OK,
TF31,Bolletto Franca,2025-03,RETRO,UVG-Bruttolohn (UVG-LAA-GrossSalary),15000.0,15000.0,0.0,OK,
TF31,Bolletto Franca,2025-03,RETRO,UVG-Basis (UVG-LAA-BaseSalary),15000.0,15000.0,0.0,OK,
TF31,Bolletto Franca,2025-03,RETRO,UVGZ-Basis (UVGZ-LAAC-BaseSalary),15000.0,15000.0,0.0,OK,
TF31,Bolletto Franca,2025-03,RETRO,KTG-Referenzlohn (Reference-AHV-AVS-Salary),15000.0,15000.0,0.0,OK,
TF31,Bolletto Franca,2025-03,RETRO,"Lohnausweis Bruttolohn (GrossIncome, Ziff. 8)",15000.0,15000.0,0.0,OK,
TF31,Bolletto Franca,2025-03,RETRO,Lohnausweis BVG ordentlich (Ziff. 10.1 = 5050+1972),975.0,975.0,0.0,OK,
TF33,Châtelain Pierre,2025-03,RETRO,AHV-Basis (AHV-AVS-BaseSalary),15000.0,15000.0,0.0,OK,
TF33,Châtelain Pierre,2025-03,RETRO,FAK-Basis (FAK-CAF-ContributorySalary),15000.0,15000.0,0.0,OK,
TF33,Châtelain Pierre,2025-03,RETRO,FAK Kinderzulagen wiederkehrend (3000),0.0,0.0,0.0,OK,
TF33,Châtelain Pierre,2025-03,RETRO,FAK Zulagen einmalig (3001+3034),0.0,0.0,0.0,OK,
TF33,Châtelain Pierre,2025-03,RETRO,UVG-Bruttolohn (UVG-LAA-GrossSalary),15000.0,15000.0,0.0,OK,
TF33,Châtelain Pierre,2025-03,RETRO,UVG-Basis (UVG-LAA-BaseSalary),15000.0,15000.0,0.0,OK,
TF33,Châtelain Pierre,2025-03,RETRO,UVGZ-Basis (UVGZ-LAAC-BaseSalary),15000.0,15000.0,0.0,OK,
TF33,Châtelain Pierre,2025-03,RETRO,KTG-Referenzlohn (Reference-AHV-AVS-Salary),15000.0,15000.0,0.0,OK,
TF33,Châtelain Pierre,2025-03,RETRO,"Lohnausweis Bruttolohn (GrossIncome, Ziff. 8)",15000.0,15000.0,0.0,OK,
TF33,Châtelain Pierre,2025-03,RETRO,Lohnausweis BVG ordentlich (Ziff. 10.1 = 5050+1972),1137.5,1137.51,-0.01,OK,
TF34,Rinaldi Massimo,2025-03,RETRO,AHV-Basis (AHV-AVS-BaseSalary),15000.0,15000.0,0.0,OK,
TF34,Rinaldi Massimo,2025-03,RETRO,FAK-Basis (FAK-CAF-ContributorySalary),15000.0,15000.0,0.0,OK,
TF34,Rinaldi Massimo,2025-03,RETRO,FAK Kinderzulagen wiederkehrend (3000),0.0,0.0,0.0,OK,
TF34,Rinaldi Massimo,2025-03,RETRO,FAK Zulagen einmalig (3001+3034),0.0,0.0,0.0,OK,
TF34,Rinaldi Massimo,2025-03,RETRO,UVG-Bruttolohn (UVG-LAA-GrossSalary),15000.0,15000.0,0.0,OK,
TF34,Rinaldi Massimo,2025-03,RETRO,UVG-Basis (UVG-LAA-BaseSalary),15000.0,15000.0,0.0,OK,
TF34,Rinaldi Massimo,2025-03,RETRO,UVGZ-Basis (UVGZ-LAAC-BaseSalary),15000.0,15000.0,0.0,OK,
TF34,Rinaldi Massimo,2025-03,RETRO,KTG-Referenzlohn (Reference-AHV-AVS-Salary),15000.0,15000.0,0.0,OK,
TF34,Rinaldi Massimo,2025-03,RETRO,"Lohnausweis Bruttolohn (GrossIncome, Ziff. 8)",15000.0,15000.0,0.0,OK,
TF34,Rinaldi Massimo,2025-03,RETRO,Lohnausweis BVG ordentlich (Ziff. 10.1 = 5050+1972),0.0,0.0,0.0,OK,
TF35,Roos Roland,2025-03,RETRO,AHV-Basis (AHV-AVS-BaseSalary),45000.0,45000.0,0.0,OK,
TF35,Roos Roland,2025-03,RETRO,FAK-Basis (FAK-CAF-ContributorySalary),45000.0,45000.0,0.0,OK,
TF35,Roos Roland,2025-03,RETRO,FAK Kinderzulagen wiederkehrend (3000),0.0,0.0,0.0,OK,
TF35,Roos Roland,2025-03,RETRO,FAK Zulagen einmalig (3001+3034),0.0,0.0,0.0,OK,
TF35,Roos Roland,2025-03,RETRO,UVG-Bruttolohn (UVG-LAA-GrossSalary),45000.0,45000.0,0.0,OK,
TF35,Roos Roland,2025-03,RETRO,UVG-Basis (UVG-LAA-BaseSalary),45000.0,45000.0,0.0,OK,
TF35,Roos Roland,2025-03,RETRO,UVGZ-Basis (UVGZ-LAAC-BaseSalary),45000.0,45000.0,0.0,OK,
TF35,Roos Roland,2025-03,RETRO,KTG-Referenzlohn (Reference-AHV-AVS-Salary),45000.0,45000.0,0.0,OK,
TF35,Roos Roland,2025-03,RETRO,"Lohnausweis Bruttolohn (GrossIncome, Ziff. 8)",45000.0,45000.0,0.0,OK,
TF35,Roos Roland,2025-03,RETRO,Lohnausweis BVG ordentlich (Ziff. 10.1 = 5050+1972),1137.5,1137.51,-0.01,OK,
TF36,Maldini Fabio,2025-03,RETRO,AHV-Basis (AHV-AVS-BaseSalary),45000.0,45000.0,0.0,OK,
TF36,Maldini Fabio,2025-03,RETRO,FAK-Basis (FAK-CAF-ContributorySalary),45000.0,45000.0,0.0,OK,
TF36,Maldini Fabio,2025-03,RETRO,FAK Kinderzulagen wiederkehrend (3000),0.0,0.0,0.0,OK,
TF36,Maldini Fabio,2025-03,RETRO,FAK Zulagen einmalig (3001+3034),0.0,0.0,0.0,OK,
TF36,Maldini Fabio,2025-03,RETRO,UVG-Bruttolohn (UVG-LAA-GrossSalary),45000.0,45000.0,0.0,OK,
TF36,Maldini Fabio,2025-03,RETRO,UVG-Basis (UVG-LAA-BaseSalary),45000.0,45000.0,0.0,OK,
TF36,Maldini Fabio,2025-03,RETRO,UVGZ-Basis (UVGZ-LAAC-BaseSalary),45000.0,45000.0,0.0,OK,
TF36,Maldini Fabio,2025-03,RETRO,KTG-Referenzlohn (Reference-AHV-AVS-Salary),45000.0,45000.0,0.0,OK,
TF36,Maldini Fabio,2025-03,RETRO,"Lohnausweis Bruttolohn (GrossIncome, Ziff. 8)",45000.0,45000.0,0.0,OK,
TF36,Maldini Fabio,2025-03,RETRO,Lohnausweis BVG ordentlich (Ziff. 10.1 = 5050+1972),1300.0,1299.99,0.01,OK,
TF37,Oberli Christine,2025-03,RETRO,AHV-Basis (AHV-AVS-BaseSalary),5000.0,5000.0,0.0,OK,
TF37,Oberli Christine,2025-03,RETRO,FAK-Basis (FAK-CAF-ContributorySalary),5000.0,5000.0,0.0,OK,
TF37,Oberli Christine,2025-03,RETRO,FAK Kinderzulagen wiederkehrend (3000),250.0,250.0,0.0,OK,
TF37,Oberli Christine,2025-03,RETRO,FAK Zulagen einmalig (3001+3034),0.0,0.0,0.0,OK,
TF37,Oberli Christine,2025-03,RETRO,UVG-Bruttolohn (UVG-LAA-GrossSalary),5250.0,5250.0,0.0,OK,
TF37,Oberli Christine,2025-03,RETRO,UVG-Basis (UVG-LAA-BaseSalary),5000.0,5000.0,0.0,OK,
TF37,Oberli Christine,2025-03,RETRO,UVGZ-Basis (UVGZ-LAAC-BaseSalary),5000.0,5000.0,0.0,OK,
TF37,Oberli Christine,2025-03,RETRO,KTG-Referenzlohn (Reference-AHV-AVS-Salary),5000.0,5000.0,0.0,OK,
TF37,Oberli Christine,2025-03,RETRO,"Lohnausweis Bruttolohn (GrossIncome, Ziff. 8)",5250.0,5250.0,0.0,OK,
TF37,Oberli Christine,2025-03,RETRO,Lohnausweis BVG ordentlich (Ziff. 10.1 = 5050+1972),400.0,400.0,0.0,OK,
TF38,Jung Claude,2025-03,RETRO,AHV-Basis (AHV-AVS-BaseSalary),14000.0,14000.0,0.0,OK,
TF38,Jung Claude,2025-03,RETRO,FAK-Basis (FAK-CAF-ContributorySalary),14000.0,14000.0,0.0,OK,
TF38,Jung Claude,2025-03,RETRO,FAK Kinderzulagen wiederkehrend (3000),0.0,0.0,0.0,OK,
TF38,Jung Claude,2025-03,RETRO,FAK Zulagen einmalig (3001+3034),0.0,0.0,0.0,OK,
TF38,Jung Claude,2025-03,RETRO,UVG-Bruttolohn (UVG-LAA-GrossSalary),14000.0,14000.0,0.0,OK,
TF38,Jung Claude,2025-03,RETRO,UVG-Basis (UVG-LAA-BaseSalary),14000.0,14000.0,0.0,OK,
TF38,Jung Claude,2025-03,RETRO,UVGZ-Basis (UVGZ-LAAC-BaseSalary),14000.0,14000.0,0.0,OK,
TF38,Jung Claude,2025-03,RETRO,KTG-Referenzlohn (Reference-AHV-AVS-Salary),14000.0,14000.0,0.0,OK,
TF38,Jung Claude,2025-03,RETRO,"Lohnausweis Bruttolohn (GrossIncome, Ziff. 8)",14000.0,14000.0,0.0,OK,
TF38,Jung Claude,2025-03,RETRO,Lohnausweis BVG ordentlich (Ziff. 10.1 = 5050+1972),1180.0,1179.99,0.01,OK,
TF39,Hasler Harald,2025-03,RETRO,Person nur im XML,0.0,0.0,0.0,OK,"XML führt Person, CSV ohne Lohnarten im Jahr"
TF40,Farine Corinne,2025-03,RETRO,AHV-Basis (AHV-AVS-BaseSalary),32300.0,32300.0,0.0,OK,
TF40,Farine Corinne,2025-03,RETRO,FAK-Basis (FAK-CAF-ContributorySalary),32300.0,32300.0,0.0,OK,
TF40,Farine Corinne,2025-03,RETRO,FAK Kinderzulagen wiederkehrend (3000),750.0,750.0,0.0,OK,
TF40,Farine Corinne,2025-03,RETRO,FAK Zulagen einmalig (3001+3034),0.0,0.0,0.0,OK,
TF40,Farine Corinne,2025-03,RETRO,UVG-Bruttolohn (UVG-LAA-GrossSalary),33050.0,33050.0,0.0,OK,
TF40,Farine Corinne,2025-03,RETRO,UVG-Basis (UVG-LAA-BaseSalary),32300.0,32300.0,0.0,OK,
TF40,Farine Corinne,2025-03,RETRO,UVGZ-Basis (UVGZ-LAAC-BaseSalary),32300.0,32300.0,0.0,OK,
TF40,Farine Corinne,2025-03,RETRO,KTG-Referenzlohn (Reference-AHV-AVS-Salary),32300.0,32300.0,0.0,OK,
TF40,Farine Corinne,2025-03,RETRO,"Lohnausweis Bruttolohn (GrossIncome, Ziff. 8)",33050.0,33050.0,0.0,OK,
TF40,Farine Corinne,2025-03,RETRO,Lohnausweis BVG ordentlich (Ziff. 10.1 = 5050+1972),1013.35,1013.34,0.01,OK,
TF41,Meier Max,2025-03,RETRO,AHV-Basis (AHV-AVS-BaseSalary),50000.0,50000.0,0.0,OK,
TF41,Meier Max,2025-03,RETRO,FAK-Basis (FAK-CAF-ContributorySalary),50000.0,50000.0,0.0,OK,
TF41,Meier Max,2025-03,RETRO,FAK Kinderzulagen wiederkehrend (3000),0.0,0.0,0.0,OK,
TF41,Meier Max,2025-03,RETRO,FAK Zulagen einmalig (3001+3034),0.0,0.0,0.0,OK,
TF41,Meier Max,2025-03,RETRO,UVG-Bruttolohn (UVG-LAA-GrossSalary),50000.0,50000.0,0.0,OK,
TF41,Meier Max,2025-03,RETRO,UVG-Basis (UVG-LAA-BaseSalary),50000.0,50000.0,0.0,OK,
TF41,Meier Max,2025-03,RETRO,UVGZ-Basis (UVGZ-LAAC-BaseSalary),50000.0,50000.0,0.0,OK,
TF41,Meier Max,2025-03,RETRO,KTG-Referenzlohn (Reference-AHV-AVS-Salary),50000.0,50000.0,0.0,OK,
TF41,Meier Max,2025-03,RETRO,"Lohnausweis Bruttolohn (GrossIncome, Ziff. 8)",50000.0,50000.0,0.0,OK,
TF41,Meier Max,2025-03,RETRO,Lohnausweis BVG ordentlich (Ziff. 10.1 = 5050+1972),0.0,0.0,0.0,OK,
TF44,Lusser Hans,2025-03,RETRO,AHV-Basis (AHV-AVS-BaseSalary),12500.0,12500.0,0.0,OK,
TF44,Lusser Hans,2025-03,RETRO,FAK-Basis (FAK-CAF-ContributorySalary),12500.0,12500.0,0.0,OK,
TF44,Lusser Hans,2025-03,RETRO,FAK Kinderzulagen wiederkehrend (3000),0.0,0.0,0.0,OK,
TF44,Lusser Hans,2025-03,RETRO,FAK Zulagen einmalig (3001+3034),0.0,0.0,0.0,OK,
TF44,Lusser Hans,2025-03,RETRO,UVG-Bruttolohn (UVG-LAA-GrossSalary),12500.0,12500.0,0.0,OK,
TF44,Lusser Hans,2025-03,RETRO,UVG-Basis (UVG-LAA-BaseSalary),12500.0,12500.0,0.0,OK,
TF44,Lusser Hans,2025-03,RETRO,UVGZ-Basis (UVGZ-LAAC-BaseSalary),12500.0,12500.0,0.0,OK,
TF44,Lusser Hans,2025-03,RETRO,KTG-Referenzlohn (Reference-AHV-AVS-Salary),12500.0,12500.0,0.0,OK,
TF44,Lusser Hans,2025-03,RETRO,"Lohnausweis Bruttolohn (GrossIncome, Ziff. 8)",12500.0,12500.0,0.0,OK,
TF44,Lusser Hans,2025-03,RETRO,Lohnausweis BVG ordentlich (Ziff. 10.1 = 5050+1972),770.0,770.0,0.0,OK,
TF01,Herz Monica,2025-03,MONTHLY,Statistik Grundlohn (GrossBaseSalaryAndRegularAllowance),9548.05,9548.05,0.0,OK,
TF01,Herz Monica,2025-03,MONTHLY,Statistik Zulagen (Allowances),0.0,0.0,0.0,OK,
TF01,Herz Monica,2025-03,MONTHLY,Statistik Familienzulagen (FamilyIncomeSupplement),0.0,0.0,0.0,OK,
TF01,Herz Monica,2025-03,MONTHLY,Statistik Leistungen Dritter (PaymentsByThird),2200.0,0.0,2200.0,DIFF,
TF01,Herz Monica,2025-03,MONTHLY,Statistik BVG-Beitrag AN (BVG-LPP-RegularContribution),-53.0,-53.0,0.0,OK,
TF02,Paganini Maria,2025-03,MONTHLY,Statistik Grundlohn (GrossBaseSalaryAndRegularAllowance),2457.85,2457.85,0.0,OK,
TF02,Paganini Maria,2025-03,MONTHLY,Statistik Zulagen (Allowances),25.0,0.0,25.0,DIFF,
TF02,Paganini Maria,2025-03,MONTHLY,Statistik Familienzulagen (FamilyIncomeSupplement),215.0,215.0,0.0,OK,
TF02,Paganini Maria,2025-03,MONTHLY,Statistik Leistungen Dritter (PaymentsByThird),0.0,0.0,0.0,OK,
TF02,Paganini Maria,2025-03,MONTHLY,Statistik BVG-Beitrag AN (BVG-LPP-RegularContribution),-408.33,-408.33,0.0,OK,
TF03,Lusser Pia,2025-03,MONTHLY,Statistik Grundlohn (GrossBaseSalaryAndRegularAllowance),5500.0,5500.0,0.0,OK,
TF03,Lusser Pia,2025-03,MONTHLY,Statistik Zulagen (Allowances),0.0,0.0,0.0,OK,
TF03,Lusser Pia,2025-03,MONTHLY,Statistik Familienzulagen (FamilyIncomeSupplement),0.0,0.0,0.0,OK,
TF03,Lusser Pia,2025-03,MONTHLY,Statistik Leistungen Dritter (PaymentsByThird),0.0,0.0,0.0,OK,
TF03,Lusser Pia,2025-03,MONTHLY,Statistik BVG-Beitrag AN (BVG-LPP-RegularContribution),-385.0,-385.0,0.0,OK,
TF04,Fankhauser Markus,2025-03,MONTHLY,Statistik Grundlohn (GrossBaseSalaryAndRegularAllowance),30000.0,30000.0,0.0,OK,
TF04,Fankhauser Markus,2025-03,MONTHLY,Statistik Zulagen (Allowances),0.0,0.0,0.0,OK,
TF04,Fankhauser Markus,2025-03,MONTHLY,Statistik Familienzulagen (FamilyIncomeSupplement),0.0,0.0,0.0,OK,
TF04,Fankhauser Markus,2025-03,MONTHLY,Statistik Leistungen Dritter (PaymentsByThird),0.0,0.0,0.0,OK,
TF04,Fankhauser Markus,2025-03,MONTHLY,Statistik BVG-Beitrag AN (BVG-LPP-RegularContribution),-2800.0,-2800.0,0.0,OK,
TF05,Moser Johann,2025-03,MONTHLY,Statistik Grundlohn (GrossBaseSalaryAndRegularAllowance),1350.0,1350.0,0.0,OK,
TF05,Moser Johann,2025-03,MONTHLY,Statistik Zulagen (Allowances),0.0,0.0,0.0,OK,
TF05,Moser Johann,2025-03,MONTHLY,Statistik Familienzulagen (FamilyIncomeSupplement),0.0,0.0,0.0,OK,
TF05,Moser Johann,2025-03,MONTHLY,Statistik Leistungen Dritter (PaymentsByThird),0.0,0.0,0.0,OK,
TF05,Moser Johann,2025-03,MONTHLY,Statistik BVG-Beitrag AN (BVG-LPP-RegularContribution),-117.0,-117.0,0.0,OK,
TF06,Zahnd Anita,2025-03,MONTHLY,Statistik Grundlohn (GrossBaseSalaryAndRegularAllowance),13500.0,13500.0,0.0,OK,
TF06,Zahnd Anita,2025-03,MONTHLY,Statistik Zulagen (Allowances),0.0,0.0,0.0,OK,
TF06,Zahnd Anita,2025-03,MONTHLY,Statistik Familienzulagen (FamilyIncomeSupplement),0.0,0.0,0.0,OK,
TF06,Zahnd Anita,2025-03,MONTHLY,Statistik Leistungen Dritter (PaymentsByThird),0.0,0.0,0.0,OK,
TF06,Zahnd Anita,2025-03,MONTHLY,Statistik BVG-Beitrag AN (BVG-LPP-RegularContribution),-1080.0,-1080.0,0.0,OK,
TF08,Lamon René,2025-03,MONTHLY,Statistik Grundlohn (GrossBaseSalaryAndRegularAllowance),9548.05,9548.05,0.0,OK,
TF08,Lamon René,2025-03,MONTHLY,Statistik Zulagen (Allowances),25.0,0.0,25.0,DIFF,
TF08,Lamon René,2025-03,MONTHLY,Statistik Familienzulagen (FamilyIncomeSupplement),250.0,250.0,0.0,OK,
TF08,Lamon René,2025-03,MONTHLY,Statistik Leistungen Dritter (PaymentsByThird),0.0,0.0,0.0,OK,
TF08,Lamon René,2025-03,MONTHLY,Statistik BVG-Beitrag AN (BVG-LPP-RegularContribution),-751.09,-751.09,0.0,OK,
TF09,Estermann Michael,2025-03,MONTHLY,Statistik Grundlohn (GrossBaseSalaryAndRegularAllowance),2000.0,2000.0,0.0,OK,
TF09,Estermann Michael,2025-03,MONTHLY,Statistik Zulagen (Allowances),0.0,0.0,0.0,OK,
TF09,Estermann Michael,2025-03,MONTHLY,Statistik Familienzulagen (FamilyIncomeSupplement),0.0,0.0,0.0,OK,
TF09,Estermann Michael,2025-03,MONTHLY,Statistik Leistungen Dritter (PaymentsByThird),0.0,0.0,0.0,OK,
TF09,Estermann Michael,2025-03,MONTHLY,Statistik BVG-Beitrag AN (BVG-LPP-RegularContribution),0.0,-0.0,0.0,OK,
TF10,Ganz Heinz,2025-03,MONTHLY,Statistik Grundlohn (GrossBaseSalaryAndRegularAllowance),6400.0,6400.0,0.0,OK,
TF10,Ganz Heinz,2025-03,MONTHLY,Statistik Zulagen (Allowances),0.0,0.0,0.0,OK,
TF10,Ganz Heinz,2025-03,MONTHLY,Statistik Familienzulagen (FamilyIncomeSupplement),0.0,0.0,0.0,OK,
TF10,Ganz Heinz,2025-03,MONTHLY,Statistik Leistungen Dritter (PaymentsByThird),0.0,0.0,0.0,OK,
TF10,Ganz Heinz,2025-03,MONTHLY,Statistik BVG-Beitrag AN (BVG-LPP-RegularContribution),-448.0,-448.0,0.0,OK,
TF11,Bosshard Peter,2025-03,MONTHLY,Statistik Grundlohn (GrossBaseSalaryAndRegularAllowance),10100.0,11550.0,-1450.0,DIFF,
TF11,Bosshard Peter,2025-03,MONTHLY,Statistik Zulagen (Allowances),0.0,0.0,0.0,OK,
TF11,Bosshard Peter,2025-03,MONTHLY,Statistik Familienzulagen (FamilyIncomeSupplement),475.0,1475.0,-1000.0,DIFF,
TF11,Bosshard Peter,2025-03,MONTHLY,Statistik Leistungen Dritter (PaymentsByThird),0.0,0.0,0.0,OK,
TF11,Bosshard Peter,2025-03,MONTHLY,Statistik BVG-Beitrag AN (BVG-LPP-RegularContribution),-864.5,-864.5,0.0,OK,
TF12,Casanova Renato,2025-03,MONTHLY,Statistik Grundlohn (GrossBaseSalaryAndRegularAllowance),12000.0,12850.0,-850.0,DIFF,
TF12,Casanova Renato,2025-03,MONTHLY,Statistik Zulagen (Allowances),0.0,0.0,0.0,OK,
TF12,Casanova Renato,2025-03,MONTHLY,Statistik Familienzulagen (FamilyIncomeSupplement),0.0,0.0,0.0,OK,
TF12,Casanova Renato,2025-03,MONTHLY,Statistik Leistungen Dritter (PaymentsByThird),0.0,0.0,0.0,OK,
TF12,Casanova Renato,2025-03,MONTHLY,Statistik BVG-Beitrag AN (BVG-LPP-RegularContribution),-899.5,-899.5,0.0,OK,
TF13,Combertaldi Renato,2025-03,MONTHLY,Statistik Grundlohn (GrossBaseSalaryAndRegularAllowance),2200.0,2200.0,0.0,OK,
TF13,Combertaldi Renato,2025-03,MONTHLY,Statistik Zulagen (Allowances),0.0,0.0,0.0,OK,
TF13,Combertaldi Renato,2025-03,MONTHLY,Statistik Familienzulagen (FamilyIncomeSupplement),0.0,0.0,0.0,OK,
TF13,Combertaldi Renato,2025-03,MONTHLY,Statistik Leistungen Dritter (PaymentsByThird),0.0,0.0,0.0,OK,
TF13,Combertaldi Renato,2025-03,MONTHLY,Statistik BVG-Beitrag AN (BVG-LPP-RegularContribution),0.0,-0.0,0.0,OK,
TF14,Egli Anna,2025-03,MONTHLY,Statistik Grundlohn (GrossBaseSalaryAndRegularAllowance),4493.2,4493.2,0.0,OK,
TF14,Egli Anna,2025-03,MONTHLY,Statistik Zulagen (Allowances),0.0,0.0,0.0,OK,
TF14,Egli Anna,2025-03,MONTHLY,Statistik Familienzulagen (FamilyIncomeSupplement),0.0,0.0,0.0,OK,
TF14,Egli Anna,2025-03,MONTHLY,Statistik Leistungen Dritter (PaymentsByThird),0.0,0.0,0.0,OK,
TF14,Egli Anna,2025-03,MONTHLY,Statistik BVG-Beitrag AN (BVG-LPP-RegularContribution),0.0,-0.0,0.0,OK,
TF15,Degelo Lorenz,2025-03,MONTHLY,Statistik Grundlohn (GrossBaseSalaryAndRegularAllowance),2800.35,2800.35,0.0,OK,
TF15,Degelo Lorenz,2025-03,MONTHLY,Statistik Zulagen (Allowances),0.0,0.0,0.0,OK,
TF15,Degelo Lorenz,2025-03,MONTHLY,Statistik Familienzulagen (FamilyIncomeSupplement),0.0,0.0,0.0,OK,
TF15,Degelo Lorenz,2025-03,MONTHLY,Statistik Leistungen Dritter (PaymentsByThird),0.0,0.0,0.0,OK,
TF15,Degelo Lorenz,2025-03,MONTHLY,Statistik BVG-Beitrag AN (BVG-LPP-RegularContribution),0.0,-0.0,0.0,OK,
TF16,Aebi Anna,2025-03,MONTHLY,Statistik Grundlohn (GrossBaseSalaryAndRegularAllowance),10214.45,0.0,10214.45,DIFF,
TF16,Aebi Anna,2025-03,MONTHLY,Statistik Zulagen (Allowances),0.0,0.0,0.0,OK,
TF16,Aebi Anna,2025-03,MONTHLY,Statistik Familienzulagen (FamilyIncomeSupplement),0.0,0.0,0.0,OK,
TF16,Aebi Anna,2025-03,MONTHLY,Statistik Leistungen Dritter (PaymentsByThird),0.0,0.0,0.0,OK,
TF16,Aebi Anna,2025-03,MONTHLY,Statistik BVG-Beitrag AN (BVG-LPP-RegularContribution),0.0,-0.0,0.0,OK,
TF17,Binggeli Fritz,2025-03,MONTHLY,Statistik Grundlohn (GrossBaseSalaryAndRegularAllowance),4550.0,4550.0,0.0,OK,
TF17,Binggeli Fritz,2025-03,MONTHLY,Statistik Zulagen (Allowances),0.0,0.0,0.0,OK,
TF17,Binggeli Fritz,2025-03,MONTHLY,Statistik Familienzulagen (FamilyIncomeSupplement),0.0,0.0,0.0,OK,
TF17,Binggeli Fritz,2025-03,MONTHLY,Statistik Leistungen Dritter (PaymentsByThird),0.0,0.0,0.0,OK,
TF17,Binggeli Fritz,2025-03,MONTHLY,Statistik BVG-Beitrag AN (BVG-LPP-RegularContribution),-318.5,-318.5,0.0,OK,
TF17,Binggeli Fritz,2025-03,MONTHLY,QST steuerbarer Lohn TI A0N (TaxableEarning),4550.0,4550.0,0.0,OK,"Satz-Lohn 6500.00, QST 495.95"
TF18,Blanc Pierre,2025-03,MONTHLY,Statistik Grundlohn (GrossBaseSalaryAndRegularAllowance),1179.45,1179.45,0.0,OK,
TF18,Blanc Pierre,2025-03,MONTHLY,Statistik Zulagen (Allowances),0.0,0.0,0.0,OK,
TF18,Blanc Pierre,2025-03,MONTHLY,Statistik Familienzulagen (FamilyIncomeSupplement),0.0,0.0,0.0,OK,
TF18,Blanc Pierre,2025-03,MONTHLY,Statistik Leistungen Dritter (PaymentsByThird),0.0,0.0,0.0,OK,
TF18,Blanc Pierre,2025-03,MONTHLY,Statistik BVG-Beitrag AN (BVG-LPP-RegularContribution),-76.44,-76.44,0.0,OK,
TF18,Blanc Pierre,2025-03,MONTHLY,QST steuerbarer Lohn BE B0Y (TaxableEarning),1179.45,1179.45,0.0,OK,"Satz-Lohn 4859.35, QST 80.30"
TF19,Andrey Melanie,2025-03,MONTHLY,Statistik Grundlohn (GrossBaseSalaryAndRegularAllowance),2600.0,2600.0,0.0,OK,
TF19,Andrey Melanie,2025-03,MONTHLY,Statistik Zulagen (Allowances),0.0,0.0,0.0,OK,
TF19,Andrey Melanie,2025-03,MONTHLY,Statistik Familienzulagen (FamilyIncomeSupplement),0.0,0.0,0.0,OK,
TF19,Andrey Melanie,2025-03,MONTHLY,Statistik Leistungen Dritter (PaymentsByThird),0.0,0.0,0.0,OK,
TF19,Andrey Melanie,2025-03,MONTHLY,Statistik BVG-Beitrag AN (BVG-LPP-RegularContribution),-197.16,-197.16,0.0,OK,
TF19,Andrey Melanie,2025-03,MONTHLY,QST steuerbarer Lohn TI A0N (TaxableEarning),2600.0,2600.0,0.0,OK,"Satz-Lohn 4680.00, QST 205.40"
TF20,Arnold Lukas,2025-03,MONTHLY,Statistik Grundlohn (GrossBaseSalaryAndRegularAllowance),1000.0,2000.0,-1000.0,DIFF,
TF20,Arnold Lukas,2025-03,MONTHLY,Statistik Zulagen (Allowances),0.0,0.0,0.0,OK,
TF20,Arnold Lukas,2025-03,MONTHLY,Statistik Familienzulagen (FamilyIncomeSupplement),0.0,0.0,0.0,OK,
TF20,Arnold Lukas,2025-03,MONTHLY,Statistik Leistungen Dritter (PaymentsByThird),0.0,0.0,0.0,OK,
TF20,Arnold Lukas,2025-03,MONTHLY,Statistik BVG-Beitrag AN (BVG-LPP-RegularContribution),-173.33,-173.33,0.0,OK,
TF20,Arnold Lukas,2025-03,MONTHLY,QST steuerbarer Lohn BE A0Y (TaxableEarning),1916.65,1916.65,0.0,OK,"Satz-Lohn 6874.95, QST 259.70"
TF21,Meier Christian,2025-03,MONTHLY,Statistik Grundlohn (GrossBaseSalaryAndRegularAllowance),1000.0,2000.0,-1000.0,DIFF,
TF21,Meier Christian,2025-03,MONTHLY,Statistik Zulagen (Allowances),0.0,0.0,0.0,OK,
TF21,Meier Christian,2025-03,MONTHLY,Statistik Familienzulagen (FamilyIncomeSupplement),0.0,0.0,0.0,OK,
TF21,Meier Christian,2025-03,MONTHLY,Statistik Leistungen Dritter (PaymentsByThird),0.0,0.0,0.0,OK,
TF21,Meier Christian,2025-03,MONTHLY,Statistik BVG-Beitrag AN (BVG-LPP-RegularContribution),-151.67,-151.67,0.0,OK,
TF21,Meier Christian,2025-03,MONTHLY,QST steuerbarer Lohn TI A0N (TaxableEarning),1916.65,1916.65,0.0,OK,"Satz-Lohn 5691.65, QST 228.40"
TF22,Bucher Elisabeth,2025-03,MONTHLY,Statistik Grundlohn (GrossBaseSalaryAndRegularAllowance),4914.45,4914.45,0.0,OK,
TF22,Bucher Elisabeth,2025-03,MONTHLY,Statistik Zulagen (Allowances),0.0,0.0,0.0,OK,
TF22,Bucher Elisabeth,2025-03,MONTHLY,Statistik Familienzulagen (FamilyIncomeSupplement),0.0,0.0,0.0,OK,
TF22,Bucher Elisabeth,2025-03,MONTHLY,Statistik Leistungen Dritter (PaymentsByThird),0.0,0.0,0.0,OK,
TF22,Bucher Elisabeth,2025-03,MONTHLY,Statistik BVG-Beitrag AN (BVG-LPP-RegularContribution),-320.83,-320.83,0.0,OK,
TF22,Bucher Elisabeth,2025-03,MONTHLY,QST steuerbarer Lohn TI A0N (TaxableEarning),4914.45,4914.45,0.0,OK,"Satz-Lohn 4914.45, QST 407.90"
TF23,Koller Ludwig,2025-03,MONTHLY,Statistik Grundlohn (GrossBaseSalaryAndRegularAllowance),5000.0,5000.0,0.0,OK,
TF23,Koller Ludwig,2025-03,MONTHLY,Statistik Zulagen (Allowances),0.0,0.0,0.0,OK,
TF23,Koller Ludwig,2025-03,MONTHLY,Statistik Familienzulagen (FamilyIncomeSupplement),0.0,0.0,0.0,OK,
TF23,Koller Ludwig,2025-03,MONTHLY,Statistik Leistungen Dritter (PaymentsByThird),0.0,0.0,0.0,OK,
TF23,Koller Ludwig,2025-03,MONTHLY,Statistik BVG-Beitrag AN (BVG-LPP-RegularContribution),-379.16,-379.16,0.0,OK,
TF23,Koller Ludwig,2025-03,MONTHLY,QST steuerbarer Lohn TI A0N (TaxableEarning),5000.0,5000.0,0.0,OK,"Satz-Lohn 7500.00, QST 615.00"
TF24,Utzinger Jan,2025-03,MONTHLY,Statistik Grundlohn (GrossBaseSalaryAndRegularAllowance),8000.0,8000.0,0.0,OK,
TF24,Utzinger Jan,2025-03,MONTHLY,Statistik Zulagen (Allowances),0.0,0.0,0.0,OK,
TF24,Utzinger Jan,2025-03,MONTHLY,Statistik Familienzulagen (FamilyIncomeSupplement),0.0,0.0,0.0,OK,
TF24,Utzinger Jan,2025-03,MONTHLY,Statistik Leistungen Dritter (PaymentsByThird),0.0,0.0,0.0,OK,
TF24,Utzinger Jan,2025-03,MONTHLY,Statistik BVG-Beitrag AN (BVG-LPP-RegularContribution),-606.67,-606.67,0.0,OK,
TF24,Utzinger Jan,2025-03,MONTHLY,QST steuerbarer Lohn TI B0N (TaxableEarning),8000.0,8000.0,0.0,OK,"Satz-Lohn 8000.00, QST 648.00"
TF25,Lehmann Nadine,2025-03,MONTHLY,Statistik Grundlohn (GrossBaseSalaryAndRegularAllowance),12000.0,12000.0,0.0,OK,
TF25,Lehmann Nadine,2025-03,MONTHLY,Statistik Zulagen (Allowances),0.0,0.0,0.0,OK,
TF25,Lehmann Nadine,2025-03,MONTHLY,Statistik Familienzulagen (FamilyIncomeSupplement),0.0,0.0,0.0,OK,
TF25,Lehmann Nadine,2025-03,MONTHLY,Statistik Leistungen Dritter (PaymentsByThird),0.0,0.0,0.0,OK,
TF25,Lehmann Nadine,2025-03,MONTHLY,Statistik BVG-Beitrag AN (BVG-LPP-RegularContribution),-910.0,-910.0,0.0,OK,
TF25,Lehmann Nadine,2025-03,MONTHLY,QST steuerbarer Lohn TI A0N (TaxableEarning),5400.0,12000.0,-6600.0,DIFF,"Satz-Lohn 11764.70, QST 908.15"
TF26,Jenzer Marcel,2025-03,MONTHLY,Statistik Grundlohn (GrossBaseSalaryAndRegularAllowance),12000.0,12000.0,0.0,OK,
TF26,Jenzer Marcel,2025-03,MONTHLY,Statistik Zulagen (Allowances),0.0,0.0,0.0,OK,
TF26,Jenzer Marcel,2025-03,MONTHLY,Statistik Familienzulagen (FamilyIncomeSupplement),0.0,0.0,0.0,OK,
TF26,Jenzer Marcel,2025-03,MONTHLY,Statistik Leistungen Dritter (PaymentsByThird),0.0,0.0,0.0,OK,
TF26,Jenzer Marcel,2025-03,MONTHLY,Statistik BVG-Beitrag AN (BVG-LPP-RegularContribution),-910.0,-910.0,0.0,OK,
TF26,Jenzer Marcel,2025-03,MONTHLY,QST steuerbarer Lohn TI R0N (TaxableEarning),5400.0,12000.0,-6600.0,DIFF,"Satz-Lohn 11764.70, QST 729.95"
TF28,Arbenz Esther,2025-03,MONTHLY,Statistik Grundlohn (GrossBaseSalaryAndRegularAllowance),6000.0,6000.0,0.0,OK,
TF28,Arbenz Esther,2025-03,MONTHLY,Statistik Zulagen (Allowances),0.0,0.0,0.0,OK,
TF28,Arbenz Esther,2025-03,MONTHLY,Statistik Familienzulagen (FamilyIncomeSupplement),0.0,0.0,0.0,OK,
TF28,Arbenz Esther,2025-03,MONTHLY,Statistik Leistungen Dritter (PaymentsByThird),0.0,0.0,0.0,OK,
TF28,Arbenz Esther,2025-03,MONTHLY,Statistik BVG-Beitrag AN (BVG-LPP-RegularContribution),-520.0,-520.0,0.0,OK,
TF28,Arbenz Esther,2025-03,MONTHLY,QST steuerbarer Lohn BE A0Y (TaxableEarning),3300.0,6000.0,-2700.0,DIFF,"Satz-Lohn 8000.00, QST 483.80"
TF29,Forster Moreno,2025-03,MONTHLY,Statistik Grundlohn (GrossBaseSalaryAndRegularAllowance),6000.0,6000.0,0.0,OK,
TF29,Forster Moreno,2025-03,MONTHLY,Statistik Zulagen (Allowances),0.0,0.0,0.0,OK,
TF29,Forster Moreno,2025-03,MONTHLY,Statistik Familienzulagen (FamilyIncomeSupplement),0.0,0.0,0.0,OK,
TF29,Forster Moreno,2025-03,MONTHLY,Statistik Leistungen Dritter (PaymentsByThird),0.0,0.0,0.0,OK,
TF29,Forster Moreno,2025-03,MONTHLY,Statistik BVG-Beitrag AN (BVG-LPP-RegularContribution),-455.0,-455.0,0.0,OK,
TF29,Forster Moreno,2025-03,MONTHLY,QST steuerbarer Lohn TI A0N (TaxableEarning),3300.0,6000.0,-2700.0,DIFF,"Satz-Lohn 9666.65, QST 481.80"
TF30,Müller Heinrich,2025-03,MONTHLY,Statistik Grundlohn (GrossBaseSalaryAndRegularAllowance),0.0,0.0,0.0,OK,
TF30,Müller Heinrich,2025-03,MONTHLY,Statistik Zulagen (Allowances),0.0,0.0,0.0,OK,
TF30,Müller Heinrich,2025-03,MONTHLY,Statistik Familienzulagen (FamilyIncomeSupplement),0.0,0.0,0.0,OK,
TF30,Müller Heinrich,2025-03,MONTHLY,Statistik Leistungen Dritter (PaymentsByThird),0.0,0.0,0.0,OK,
TF30,Müller Heinrich,2025-03,MONTHLY,Statistik BVG-Beitrag AN (BVG-LPP-RegularContribution),0.0,-0.0,0.0,OK,
TF30,Müller Heinrich,2025-03,MONTHLY,QST steuerbarer Lohn BE None (TaxableEarning),5500.0,5500.0,0.0,OK,"Satz-Lohn 5500.00, QST 1622.50"
TF31,Bolletto Franca,2025-03,MONTHLY,Statistik Grundlohn (GrossBaseSalaryAndRegularAllowance),5000.0,5000.0,0.0,OK,
TF31,Bolletto Franca,2025-03,MONTHLY,Statistik Zulagen (Allowances),0.0,0.0,0.0,OK,
TF31,Bolletto Franca,2025-03,MONTHLY,Statistik Familienzulagen (FamilyIncomeSupplement),0.0,0.0,0.0,OK,
TF31,Bolletto Franca,2025-03,MONTHLY,Statistik Leistungen Dritter (PaymentsByThird),0.0,0.0,0.0,OK,
TF31,Bolletto Franca,2025-03,MONTHLY,Statistik BVG-Beitrag AN (BVG-LPP-RegularContribution),-325.0,-325.0,0.0,OK,
TF31,Bolletto Franca,2025-03,MONTHLY,QST steuerbarer Lohn VD A0N (TaxableEarning),5000.0,5000.0,0.0,OK,"Satz-Lohn 5000.00, QST 419.00"
TF33,Châtelain Pierre,2025-03,MONTHLY,Statistik Grundlohn (GrossBaseSalaryAndRegularAllowance),5000.0,5000.0,0.0,OK,
TF33,Châtelain Pierre,2025-03,MONTHLY,Statistik Zulagen (Allowances),0.0,0.0,0.0,OK,
TF33,Châtelain Pierre,2025-03,MONTHLY,Statistik Familienzulagen (FamilyIncomeSupplement),0.0,0.0,0.0,OK,
TF33,Châtelain Pierre,2025-03,MONTHLY,Statistik Leistungen Dritter (PaymentsByThird),0.0,0.0,0.0,OK,
TF33,Châtelain Pierre,2025-03,MONTHLY,Statistik BVG-Beitrag AN (BVG-LPP-RegularContribution),-379.17,-379.17,0.0,OK,
TF33,Châtelain Pierre,2025-03,MONTHLY,QST steuerbarer Lohn BE A0Y (TaxableEarning),5000.0,5000.0,0.0,OK,"Satz-Lohn 5000.00, QST 547.50"
TF34,Rinaldi Massimo,2025-03,MONTHLY,Statistik Grundlohn (GrossBaseSalaryAndRegularAllowance),5000.0,5000.0,0.0,OK,
TF34,Rinaldi Massimo,2025-03,MONTHLY,Statistik Zulagen (Allowances),0.0,0.0,0.0,OK,
TF34,Rinaldi Massimo,2025-03,MONTHLY,Statistik Familienzulagen (FamilyIncomeSupplement),0.0,0.0,0.0,OK,
TF34,Rinaldi Massimo,2025-03,MONTHLY,Statistik Leistungen Dritter (PaymentsByThird),0.0,0.0,0.0,OK,
TF34,Rinaldi Massimo,2025-03,MONTHLY,Statistik BVG-Beitrag AN (BVG-LPP-RegularContribution),0.0,-0.0,0.0,OK,
TF34,Rinaldi Massimo,2025-03,MONTHLY,QST steuerbarer Lohn TI A0N (TaxableEarning),5000.0,5000.0,0.0,OK,"Satz-Lohn 5000.00, QST 425.00"
TF35,Roos Roland,2025-03,MONTHLY,Statistik Grundlohn (GrossBaseSalaryAndRegularAllowance),5000.0,5000.0,0.0,OK,
TF35,Roos Roland,2025-03,MONTHLY,Statistik Zulagen (Allowances),0.0,0.0,0.0,OK,
TF35,Roos Roland,2025-03,MONTHLY,Statistik Familienzulagen (FamilyIncomeSupplement),0.0,0.0,0.0,OK,
TF35,Roos Roland,2025-03,MONTHLY,Statistik Leistungen Dritter (PaymentsByThird),0.0,0.0,0.0,OK,
TF35,Roos Roland,2025-03,MONTHLY,Statistik BVG-Beitrag AN (BVG-LPP-RegularContribution),-379.17,-379.17,0.0,OK,
TF35,Roos Roland,2025-03,MONTHLY,QST steuerbarer Lohn TI A0N (TaxableEarning),5000.0,5000.0,0.0,OK,"Satz-Lohn 7500.00, QST 615.00"
TF36,Maldini Fabio,2025-03,MONTHLY,Statistik Grundlohn (GrossBaseSalaryAndRegularAllowance),5000.0,5000.0,0.0,OK,
TF36,Maldini Fabio,2025-03,MONTHLY,Statistik Zulagen (Allowances),0.0,0.0,0.0,OK,
TF36,Maldini Fabio,2025-03,MONTHLY,Statistik Familienzulagen (FamilyIncomeSupplement),0.0,0.0,0.0,OK,
TF36,Maldini Fabio,2025-03,MONTHLY,Statistik Leistungen Dritter (PaymentsByThird),0.0,0.0,0.0,OK,
TF36,Maldini Fabio,2025-03,MONTHLY,Statistik BVG-Beitrag AN (BVG-LPP-RegularContribution),-433.33,-433.33,0.0,OK,
TF36,Maldini Fabio,2025-03,MONTHLY,QST steuerbarer Lohn BE A0Y (TaxableEarning),5000.0,5000.0,0.0,OK,"Satz-Lohn 5000.00, QST 547.50"
TF38,Jung Claude,2025-03,MONTHLY,Statistik Grundlohn (GrossBaseSalaryAndRegularAllowance),8000.0,3000.0,5000.0,DIFF,
TF38,Jung Claude,2025-03,MONTHLY,Statistik Zulagen (Allowances),0.0,0.0,0.0,OK,
TF38,Jung Claude,2025-03,MONTHLY,Statistik Familienzulagen (FamilyIncomeSupplement),0.0,0.0,0.0,OK,
TF38,Jung Claude,2025-03,MONTHLY,Statistik Leistungen Dritter (PaymentsByThird),0.0,0.0,0.0,OK,
TF38,Jung Claude,2025-03,MONTHLY,Statistik BVG-Beitrag AN (BVG-LPP-RegularContribution),-393.33,-393.33,0.0,OK,
TF38,Jung Claude,2025-03,MONTHLY,QST steuerbarer Lohn BE A0Y (TaxableEarning),8000.0,8000.0,0.0,OK,"Satz-Lohn 8000.00, QST 1172.80"
TF39,Hasler Harald,2025-03,MONTHLY,Statistik Grundlohn (GrossBaseSalaryAndRegularAllowance),0.0,0.0,0.0,OK,
TF39,Hasler Harald,2025-03,MONTHLY,Statistik Zulagen (Allowances),0.0,0.0,0.0,OK,
TF39,Hasler Harald,2025-03,MONTHLY,Statistik Familienzulagen (FamilyIncomeSupplement),0.0,0.0,0.0,OK,
TF39,Hasler Harald,2025-03,MONTHLY,Statistik Leistungen Dritter (PaymentsByThird),0.0,0.0,0.0,OK,
TF39,Hasler Harald,2025-03,MONTHLY,Statistik BVG-Beitrag AN (BVG-LPP-RegularContribution),0.0,-0.0,0.0,OK,
TF39,Hasler Harald,2025-03,MONTHLY,QST steuerbarer Lohn BE None (TaxableEarning),0.0,0.0,0.0,OK,"Satz-Lohn 0.00, QST 0.00"
TF40,Farine Corinne,2025-03,MONTHLY,Statistik Grundlohn (GrossBaseSalaryAndRegularAllowance),0.0,0.0,0.0,OK,
TF40,Farine Corinne,2025-03,MONTHLY,Statistik Zulagen (Allowances),0.0,0.0,0.0,OK,
TF40,Farine Corinne,2025-03,MONTHLY,Statistik Familienzulagen (FamilyIncomeSupplement),250.0,250.0,0.0,OK,
TF40,Farine Corinne,2025-03,MONTHLY,Statistik Leistungen Dritter (PaymentsByThird),0.0,0.0,0.0,OK,
TF40,Farine Corinne,2025-03,MONTHLY,Statistik BVG-Beitrag AN (BVG-LPP-RegularContribution),-320.0,-320.0,0.0,OK,
TF40,Farine Corinne,2025-03,MONTHLY,QST steuerbarer Lohn BE A1Y (TaxableEarning),4250.0,4250.0,0.0,OK,"Satz-Lohn 4250.00, QST 229.95"
TF41,Meier Max,2025-03,MONTHLY,Statistik Grundlohn (GrossBaseSalaryAndRegularAllowance),10000.0,10000.0,0.0,OK,
TF41,Meier Max,2025-03,MONTHLY,Statistik Zulagen (Allowances),0.0,0.0,0.0,OK,
TF41,Meier Max,2025-03,MONTHLY,Statistik Familienzulagen (FamilyIncomeSupplement),0.0,0.0,0.0,OK,
TF41,Meier Max,2025-03,MONTHLY,Statistik Leistungen Dritter (PaymentsByThird),0.0,0.0,0.0,OK,
TF41,Meier Max,2025-03,MONTHLY,Statistik BVG-Beitrag AN (BVG-LPP-RegularContribution),0.0,-0.0,0.0,OK,
TF41,Meier Max,2025-03,MONTHLY,QST steuerbarer Lohn TI A0N (TaxableEarning),10000.0,10000.0,0.0,OK,"Satz-Lohn 11666.65, QST 1650.00"
TF44,Lusser Hans,2025-03,MONTHLY,Statistik Grundlohn (GrossBaseSalaryAndRegularAllowance),1500.0,1500.0,0.0,OK,
TF44,Lusser Hans,2025-03,MONTHLY,Statistik Zulagen (Allowances),0.0,0.0,0.0,OK,
TF44,Lusser Hans,2025-03,MONTHLY,Statistik Familienzulagen (FamilyIncomeSupplement),0.0,0.0,0.0,OK,
TF44,Lusser Hans,2025-03,MONTHLY,Statistik Leistungen Dritter (PaymentsByThird),0.0,0.0,0.0,OK,
TF44,Lusser Hans,2025-03,MONTHLY,Statistik BVG-Beitrag AN (BVG-LPP-RegularContribution),0.0,-0.0,0.0,OK,
TF01,Herz Monica,2025-04,RETRO,AHV-Basis (AHV-AVS-BaseSalary),34059.3,34059.3,0.0,OK,
TF01,Herz Monica,2025-04,RETRO,FAK-Basis (FAK-CAF-ContributorySalary),34059.3,34059.3,0.0,OK,
TF01,Herz Monica,2025-04,RETRO,FAK Kinderzulagen wiederkehrend (3000),0.0,0.0,0.0,OK,
TF01,Herz Monica,2025-04,RETRO,FAK Zulagen einmalig (3001+3034),0.0,0.0,0.0,OK,
TF01,Herz Monica,2025-04,RETRO,UVG-Bruttolohn (UVG-LAA-GrossSalary),37059.3,37059.3,0.0,OK,
TF01,Herz Monica,2025-04,RETRO,UVG-Basis (UVG-LAA-BaseSalary),32859.3,32859.3,0.0,OK,
TF01,Herz Monica,2025-04,RETRO,UVGZ-Basis (UVGZ-LAAC-BaseSalary),32859.3,32859.3,0.0,OK,
TF01,Herz Monica,2025-04,RETRO,KTG-Referenzlohn (Reference-AHV-AVS-Salary),34059.3,34059.3,0.0,OK,
TF01,Herz Monica,2025-04,RETRO,"Lohnausweis Bruttolohn (GrossIncome, Ziff. 8)",37059.3,37059.3,0.0,OK,
TF01,Herz Monica,2025-04,RETRO,Lohnausweis BVG ordentlich (Ziff. 10.1 = 5050+1972),2205.0,2205.0,0.0,OK,
TF02,Paganini Maria,2025-04,RETRO,AHV-Basis (AHV-AVS-BaseSalary),23392.7,23392.7,0.0,OK,
TF02,Paganini Maria,2025-04,RETRO,FAK-Basis (FAK-CAF-ContributorySalary),23392.7,23392.7,0.0,OK,
TF02,Paganini Maria,2025-04,RETRO,FAK Kinderzulagen wiederkehrend (3000),860.0,860.0,0.0,OK,
TF02,Paganini Maria,2025-04,RETRO,FAK Zulagen einmalig (3001+3034),0.0,0.0,0.0,OK,
TF02,Paganini Maria,2025-04,RETRO,UVG-Bruttolohn (UVG-LAA-GrossSalary),23052.7,23052.7,0.0,OK,
TF02,Paganini Maria,2025-04,RETRO,UVG-Basis (UVG-LAA-BaseSalary),23392.7,23392.7,0.0,OK,
TF02,Paganini Maria,2025-04,RETRO,UVGZ-Basis (UVGZ-LAAC-BaseSalary),23392.7,23392.7,0.0,OK,
TF02,Paganini Maria,2025-04,RETRO,KTG-Referenzlohn (Reference-AHV-AVS-Salary),23392.7,23392.7,0.0,OK,
TF02,Paganini Maria,2025-04,RETRO,"Lohnausweis Bruttolohn (GrossIncome, Ziff. 8)",23052.7,23052.7,0.0,OK,
TF02,Paganini Maria,2025-04,RETRO,Lohnausweis BVG ordentlich (Ziff. 10.1 = 5050+1972),1633.3,1633.32,-0.02,OK,
TF03,Lusser Pia,2025-04,RETRO,AHV-Basis (AHV-AVS-BaseSalary),59200.0,59200.0,0.0,OK,
TF03,Lusser Pia,2025-04,RETRO,FAK-Basis (FAK-CAF-ContributorySalary),59200.0,59200.0,0.0,OK,
TF03,Lusser Pia,2025-04,RETRO,FAK Kinderzulagen wiederkehrend (3000),0.0,0.0,0.0,OK,
TF03,Lusser Pia,2025-04,RETRO,FAK Zulagen einmalig (3001+3034),0.0,0.0,0.0,OK,
TF03,Lusser Pia,2025-04,RETRO,UVG-Bruttolohn (UVG-LAA-GrossSalary),65200.0,65200.0,0.0,OK,
TF03,Lusser Pia,2025-04,RETRO,UVG-Basis (UVG-LAA-BaseSalary),59200.0,59200.0,0.0,OK,
TF03,Lusser Pia,2025-04,RETRO,UVGZ-Basis (UVGZ-LAAC-BaseSalary),59200.0,59200.0,0.0,OK,
TF03,Lusser Pia,2025-04,RETRO,KTG-Referenzlohn (Reference-AHV-AVS-Salary),59200.0,59200.0,0.0,OK,
TF03,Lusser Pia,2025-04,RETRO,"Lohnausweis Bruttolohn (GrossIncome, Ziff. 8)",65200.0,65200.0,0.0,OK,
TF03,Lusser Pia,2025-04,RETRO,Lohnausweis BVG ordentlich (Ziff. 10.1 = 5050+1972),1540.0,1540.0,0.0,OK,
TF04,Fankhauser Markus,2025-04,RETRO,AHV-Basis (AHV-AVS-BaseSalary),120000.0,120000.0,0.0,OK,
TF04,Fankhauser Markus,2025-04,RETRO,FAK-Basis (FAK-CAF-ContributorySalary),120000.0,120000.0,0.0,OK,
TF04,Fankhauser Markus,2025-04,RETRO,FAK Kinderzulagen wiederkehrend (3000),0.0,0.0,0.0,OK,
TF04,Fankhauser Markus,2025-04,RETRO,FAK Zulagen einmalig (3001+3034),0.0,0.0,0.0,OK,
TF04,Fankhauser Markus,2025-04,RETRO,UVG-Bruttolohn (UVG-LAA-GrossSalary),120000.0,120000.0,0.0,OK,
TF04,Fankhauser Markus,2025-04,RETRO,UVG-Basis (UVG-LAA-BaseSalary),120000.0,120000.0,0.0,OK,
TF04,Fankhauser Markus,2025-04,RETRO,UVGZ-Basis (UVGZ-LAAC-BaseSalary),120000.0,120000.0,0.0,OK,
TF04,Fankhauser Markus,2025-04,RETRO,KTG-Referenzlohn (Reference-AHV-AVS-Salary),120000.0,120000.0,0.0,OK,
TF04,Fankhauser Markus,2025-04,RETRO,"Lohnausweis Bruttolohn (GrossIncome, Ziff. 8)",120000.0,120000.0,0.0,OK,
TF04,Fankhauser Markus,2025-04,RETRO,Lohnausweis BVG ordentlich (Ziff. 10.1 = 5050+1972),11200.0,11200.0,0.0,OK,
TF05,Moser Johann,2025-04,RETRO,AHV-Basis (AHV-AVS-BaseSalary),5400.0,5400.0,0.0,OK,
TF05,Moser Johann,2025-04,RETRO,FAK-Basis (FAK-CAF-ContributorySalary),5400.0,5400.0,0.0,OK,
TF05,Moser Johann,2025-04,RETRO,FAK Kinderzulagen wiederkehrend (3000),0.0,0.0,0.0,OK,
TF05,Moser Johann,2025-04,RETRO,FAK Zulagen einmalig (3001+3034),0.0,0.0,0.0,OK,
TF05,Moser Johann,2025-04,RETRO,UVG-Bruttolohn (UVG-LAA-GrossSalary),5400.0,5400.0,0.0,OK,
TF05,Moser Johann,2025-04,RETRO,UVG-Basis (UVG-LAA-BaseSalary),5400.0,5400.0,0.0,OK,
TF05,Moser Johann,2025-04,RETRO,UVGZ-Basis (UVGZ-LAAC-BaseSalary),5400.0,5400.0,0.0,OK,
TF05,Moser Johann,2025-04,RETRO,KTG-Referenzlohn (Reference-AHV-AVS-Salary),5400.0,5400.0,0.0,OK,
TF05,Moser Johann,2025-04,RETRO,"Lohnausweis Bruttolohn (GrossIncome, Ziff. 8)",5400.0,5400.0,0.0,OK,
TF05,Moser Johann,2025-04,RETRO,Lohnausweis BVG ordentlich (Ziff. 10.1 = 5050+1972),468.0,468.0,0.0,OK,
TF06,Zahnd Anita,2025-04,RETRO,AHV-Basis (AHV-AVS-BaseSalary),54000.0,54000.0,0.0,OK,
TF06,Zahnd Anita,2025-04,RETRO,FAK-Basis (FAK-CAF-ContributorySalary),54000.0,54000.0,0.0,OK,
TF06,Zahnd Anita,2025-04,RETRO,FAK Kinderzulagen wiederkehrend (3000),0.0,0.0,0.0,OK,
TF06,Zahnd Anita,2025-04,RETRO,FAK Zulagen einmalig (3001+3034),0.0,0.0,0.0,OK,
TF06,Zahnd Anita,2025-04,RETRO,UVG-Bruttolohn (UVG-LAA-GrossSalary),54000.0,54000.0,0.0,OK,
TF06,Zahnd Anita,2025-04,RETRO,UVG-Basis (UVG-LAA-BaseSalary),54000.0,54000.0,0.0,OK,
TF06,Zahnd Anita,2025-04,RETRO,UVGZ-Basis (UVGZ-LAAC-BaseSalary),54000.0,54000.0,0.0,OK,
TF06,Zahnd Anita,2025-04,RETRO,KTG-Referenzlohn (Reference-AHV-AVS-Salary),54000.0,54000.0,0.0,OK,
TF06,Zahnd Anita,2025-04,RETRO,"Lohnausweis Bruttolohn (GrossIncome, Ziff. 8)",54000.0,54000.0,0.0,OK,
TF06,Zahnd Anita,2025-04,RETRO,Lohnausweis BVG ordentlich (Ziff. 10.1 = 5050+1972),4320.0,4320.0,0.0,OK,
TF07,Burri Heidi,2025-04,RETRO,AHV-Basis (AHV-AVS-BaseSalary),5500.0,5500.0,0.0,OK,
TF07,Burri Heidi,2025-04,RETRO,FAK-Basis (FAK-CAF-ContributorySalary),5500.0,5500.0,0.0,OK,
TF07,Burri Heidi,2025-04,RETRO,FAK Kinderzulagen wiederkehrend (3000),0.0,0.0,0.0,OK,
TF07,Burri Heidi,2025-04,RETRO,FAK Zulagen einmalig (3001+3034),0.0,0.0,0.0,OK,
TF07,Burri Heidi,2025-04,RETRO,UVG-Bruttolohn (UVG-LAA-GrossSalary),15000.0,15000.0,0.0,OK,
TF07,Burri Heidi,2025-04,RETRO,UVG-Basis (UVG-LAA-BaseSalary),5500.0,5500.0,0.0,OK,
TF07,Burri Heidi,2025-04,RETRO,UVGZ-Basis (UVGZ-LAAC-BaseSalary),5500.0,5500.0,0.0,OK,
TF07,Burri Heidi,2025-04,RETRO,KTG-Referenzlohn (Reference-AHV-AVS-Salary),5500.0,5500.0,0.0,OK,
TF07,Burri Heidi,2025-04,RETRO,"Lohnausweis Bruttolohn (GrossIncome, Ziff. 8)",15000.0,15000.0,0.0,OK,
TF07,Burri Heidi,2025-04,RETRO,Lohnausweis BVG ordentlich (Ziff. 10.1 = 5050+1972),0.0,0.0,0.0,OK,
TF08,Lamon René,2025-04,RETRO,AHV-Basis (AHV-AVS-BaseSalary),41433.6,41433.6,0.0,OK,
TF08,Lamon René,2025-04,RETRO,FAK-Basis (FAK-CAF-ContributorySalary),41433.6,41433.6,0.0,OK,
TF08,Lamon René,2025-04,RETRO,FAK Kinderzulagen wiederkehrend (3000),1000.0,1000.0,0.0,OK,
TF08,Lamon René,2025-04,RETRO,FAK Zulagen einmalig (3001+3034),0.0,0.0,0.0,OK,
TF08,Lamon René,2025-04,RETRO,UVG-Bruttolohn (UVG-LAA-GrossSalary),42433.6,42433.6,0.0,OK,
TF08,Lamon René,2025-04,RETRO,UVG-Basis (UVG-LAA-BaseSalary),41433.6,41433.6,0.0,OK,
TF08,Lamon René,2025-04,RETRO,UVGZ-Basis (UVGZ-LAAC-BaseSalary),41433.6,41433.6,0.0,OK,
TF08,Lamon René,2025-04,RETRO,KTG-Referenzlohn (Reference-AHV-AVS-Salary),41433.6,41433.6,0.0,OK,
TF08,Lamon René,2025-04,RETRO,"Lohnausweis Bruttolohn (GrossIncome, Ziff. 8)",42433.6,42433.6,0.0,OK,
TF08,Lamon René,2025-04,RETRO,Lohnausweis BVG ordentlich (Ziff. 10.1 = 5050+1972),3004.35,3004.36,-0.01,OK,
TF09,Estermann Michael,2025-04,RETRO,FAK-Basis (FAK-CAF-ContributorySalary),37400.0,43000.0,-5600.0,DIFF,
TF09,Estermann Michael,2025-04,RETRO,FAK Kinderzulagen wiederkehrend (3000),0.0,0.0,0.0,OK,
TF09,Estermann Michael,2025-04,RETRO,FAK Zulagen einmalig (3001+3034),0.0,0.0,0.0,OK,
TF09,Estermann Michael,2025-04,RETRO,UVG-Bruttolohn (UVG-LAA-GrossSalary),43000.0,43000.0,0.0,OK,
TF09,Estermann Michael,2025-04,RETRO,UVG-Basis (UVG-LAA-BaseSalary),43000.0,43000.0,0.0,OK,
TF09,Estermann Michael,2025-04,RETRO,UVGZ-Basis (UVGZ-LAAC-BaseSalary),43000.0,43000.0,0.0,OK,
TF09,Estermann Michael,2025-04,RETRO,KTG-Referenzlohn (Reference-AHV-AVS-Salary),43000.0,43000.0,0.0,OK,
TF09,Estermann Michael,2025-04,RETRO,"Lohnausweis Bruttolohn (GrossIncome, Ziff. 8)",43000.0,43000.0,0.0,OK,
TF09,Estermann Michael,2025-04,RETRO,Lohnausweis BVG ordentlich (Ziff. 10.1 = 5050+1972),0.0,0.0,0.0,OK,
TF10,Ganz Heinz,2025-04,RETRO,AHV-Basis (AHV-AVS-BaseSalary),19200.0,19200.0,0.0,OK,
TF10,Ganz Heinz,2025-04,RETRO,FAK-Basis (FAK-CAF-ContributorySalary),19200.0,19200.0,0.0,OK,
TF10,Ganz Heinz,2025-04,RETRO,FAK Kinderzulagen wiederkehrend (3000),0.0,0.0,0.0,OK,
TF10,Ganz Heinz,2025-04,RETRO,FAK Zulagen einmalig (3001+3034),0.0,0.0,0.0,OK,
TF10,Ganz Heinz,2025-04,RETRO,UVG-Bruttolohn (UVG-LAA-GrossSalary),18600.0,18600.0,0.0,OK,
TF10,Ganz Heinz,2025-04,RETRO,UVG-Basis (UVG-LAA-BaseSalary),18200.0,18200.0,0.0,OK,
TF10,Ganz Heinz,2025-04,RETRO,UVGZ-Basis (UVGZ-LAAC-BaseSalary),18200.0,18200.0,0.0,OK,
TF10,Ganz Heinz,2025-04,RETRO,KTG-Referenzlohn (Reference-AHV-AVS-Salary),19200.0,19200.0,0.0,OK,
TF10,Ganz Heinz,2025-04,RETRO,"Lohnausweis Bruttolohn (GrossIncome, Ziff. 8)",18600.0,18600.0,0.0,OK,
TF10,Ganz Heinz,2025-04,RETRO,Lohnausweis BVG ordentlich (Ziff. 10.1 = 5050+1972),1344.0,1344.0,0.0,OK,
TF11,Bosshard Peter,2025-04,RETRO,AHV-Basis (AHV-AVS-BaseSalary),79600.0,59600.0,20000.0,DIFF,
TF11,Bosshard Peter,2025-04,RETRO,FAK-Basis (FAK-CAF-ContributorySalary),79600.0,59600.0,20000.0,DIFF,
TF11,Bosshard Peter,2025-04,RETRO,FAK Kinderzulagen wiederkehrend (3000),1470.0,1470.0,0.0,OK,
TF11,Bosshard Peter,2025-04,RETRO,FAK Zulagen einmalig (3001+3034),1000.0,1000.0,0.0,OK,
TF11,Bosshard Peter,2025-04,RETRO,UVG-Bruttolohn (UVG-LAA-GrossSalary),82070.0,62070.0,20000.0,DIFF,
TF11,Bosshard Peter,2025-04,RETRO,UVG-Basis (UVG-LAA-BaseSalary),79600.0,59600.0,20000.0,DIFF,
TF11,Bosshard Peter,2025-04,RETRO,UVGZ-Basis (UVGZ-LAAC-BaseSalary),159200.0,59600.0,99600.0,DIFF,
TF11,Bosshard Peter,2025-04,RETRO,KTG-Referenzlohn (Reference-AHV-AVS-Salary),159200.0,59600.0,99600.0,DIFF,
TF11,Bosshard Peter,2025-04,RETRO,"Lohnausweis Bruttolohn (GrossIncome, Ziff. 8)",82070.0,62070.0,20000.0,DIFF,
TF11,Bosshard Peter,2025-04,RETRO,Lohnausweis BVG ordentlich (Ziff. 10.1 = 5050+1972),3458.0,3458.0,0.0,OK,
TF11,Bosshard Peter,2025-04,RETRO,Lohnausweis BVG Einkauf (Ziff. 10.2 = 1973),5000.0,5000.0,0.0,OK,
TF12,Casanova Renato,2025-04,RETRO,AHV-Basis (AHV-AVS-BaseSalary),28150.0,28150.0,0.0,OK,
TF12,Casanova Renato,2025-04,RETRO,FAK-Basis (FAK-CAF-ContributorySalary),28150.0,28150.0,0.0,OK,
TF12,Casanova Renato,2025-04,RETRO,FAK Kinderzulagen wiederkehrend (3000),0.0,0.0,0.0,OK,
TF12,Casanova Renato,2025-04,RETRO,FAK Zulagen einmalig (3001+3034),0.0,0.0,0.0,OK,
TF12,Casanova Renato,2025-04,RETRO,UVG-Bruttolohn (UVG-LAA-GrossSalary),30150.0,30150.0,0.0,OK,
TF12,Casanova Renato,2025-04,RETRO,UVG-Basis (UVG-LAA-BaseSalary),28150.0,28150.0,0.0,OK,
TF12,Casanova Renato,2025-04,RETRO,UVGZ-Basis (UVGZ-LAAC-BaseSalary),28150.0,28150.0,0.0,OK,
TF12,Casanova Renato,2025-04,RETRO,KTG-Referenzlohn (Reference-AHV-AVS-Salary),28150.0,28150.0,0.0,OK,
TF12,Casanova Renato,2025-04,RETRO,"Lohnausweis Bruttolohn (GrossIncome, Ziff. 8)",28150.0,30150.0,-2000.0,DIFF,
TF12,Casanova Renato,2025-04,RETRO,Lohnausweis BVG ordentlich (Ziff. 10.1 = 5050+1972),2698.5,2698.5,0.0,OK,
TF13,Combertaldi Renato,2025-04,RETRO,UVG-Bruttolohn (UVG-LAA-GrossSalary),8980.0,8980.0,0.0,OK,
TF13,Combertaldi Renato,2025-04,RETRO,UVG-Basis (UVG-LAA-BaseSalary),8980.0,8980.0,0.0,OK,
TF13,Combertaldi Renato,2025-04,RETRO,UVGZ-Basis (UVGZ-LAAC-BaseSalary),8980.0,8980.0,0.0,OK,
TF13,Combertaldi Renato,2025-04,RETRO,KTG-Referenzlohn (Reference-AHV-AVS-Salary),8980.0,8980.0,0.0,OK,
TF13,Combertaldi Renato,2025-04,RETRO,"Lohnausweis Bruttolohn (GrossIncome, Ziff. 8)",8980.0,8980.0,0.0,OK,
TF13,Combertaldi Renato,2025-04,RETRO,Lohnausweis BVG ordentlich (Ziff. 10.1 = 5050+1972),0.0,0.0,0.0,OK,
TF14,Egli Anna,2025-04,RETRO,UVG-Bruttolohn (UVG-LAA-GrossSalary),14906.7,14906.7,0.0,OK,
TF14,Egli Anna,2025-04,RETRO,UVG-Basis (UVG-LAA-BaseSalary),14906.7,14906.7,0.0,OK,
TF14,Egli Anna,2025-04,RETRO,UVGZ-Basis (UVGZ-LAAC-BaseSalary),14906.7,14906.7,0.0,OK,
TF14,Egli Anna,2025-04,RETRO,KTG-Referenzlohn (Reference-AHV-AVS-Salary),14906.7,14906.7,0.0,OK,
TF14,Egli Anna,2025-04,RETRO,"Lohnausweis Bruttolohn (GrossIncome, Ziff. 8)",14906.7,14906.7,0.0,OK,
TF14,Egli Anna,2025-04,RETRO,Lohnausweis BVG ordentlich (Ziff. 10.1 = 5050+1972),0.0,0.0,0.0,OK,
TF15,Degelo Lorenz,2025-04,RETRO,AHV-Basis (AHV-AVS-BaseSalary),2800.35,2800.35,0.0,OK,
TF15,Degelo Lorenz,2025-04,RETRO,FAK-Basis (FAK-CAF-ContributorySalary),2800.35,2800.35,0.0,OK,
TF15,Degelo Lorenz,2025-04,RETRO,FAK Kinderzulagen wiederkehrend (3000),0.0,0.0,0.0,OK,
TF15,Degelo Lorenz,2025-04,RETRO,FAK Zulagen einmalig (3001+3034),0.0,0.0,0.0,OK,
TF15,Degelo Lorenz,2025-04,RETRO,UVG-Bruttolohn (UVG-LAA-GrossSalary),2800.35,2800.35,0.0,OK,
TF15,Degelo Lorenz,2025-04,RETRO,UVG-Basis (UVG-LAA-BaseSalary),2800.35,2800.35,0.0,OK,
TF15,Degelo Lorenz,2025-04,RETRO,UVGZ-Basis (UVGZ-LAAC-BaseSalary),2800.35,2800.35,0.0,OK,
TF15,Degelo Lorenz,2025-04,RETRO,KTG-Referenzlohn (Reference-AHV-AVS-Salary),2800.35,2800.35,0.0,OK,
TF15,Degelo Lorenz,2025-04,RETRO,"Lohnausweis Bruttolohn (GrossIncome, Ziff. 8)",2800.35,2800.35,0.0,OK,
TF15,Degelo Lorenz,2025-04,RETRO,Lohnausweis BVG ordentlich (Ziff. 10.1 = 5050+1972),0.0,0.0,0.0,OK,
TF16,Aebi Anna,2025-04,RETRO,FAK-Basis (FAK-CAF-ContributorySalary),30365.05,34565.05,-4200.0,DIFF,
TF16,Aebi Anna,2025-04,RETRO,FAK Kinderzulagen wiederkehrend (3000),0.0,0.0,0.0,OK,
TF16,Aebi Anna,2025-04,RETRO,FAK Zulagen einmalig (3001+3034),0.0,0.0,0.0,OK,
TF16,Aebi Anna,2025-04,RETRO,UVG-Bruttolohn (UVG-LAA-GrossSalary),34565.05,34565.05,0.0,OK,
TF16,Aebi Anna,2025-04,RETRO,UVG-Basis (UVG-LAA-BaseSalary),34565.05,34565.05,0.0,OK,
TF16,Aebi Anna,2025-04,RETRO,UVGZ-Basis (UVGZ-LAAC-BaseSalary),34565.05,34565.05,0.0,OK,
TF16,Aebi Anna,2025-04,RETRO,KTG-Referenzlohn (Reference-AHV-AVS-Salary),34565.05,34565.05,0.0,OK,
TF16,Aebi Anna,2025-04,RETRO,"Lohnausweis Bruttolohn (GrossIncome, Ziff. 8)",34565.05,34565.05,0.0,OK,
TF16,Aebi Anna,2025-04,RETRO,Lohnausweis BVG ordentlich (Ziff. 10.1 = 5050+1972),0.0,0.0,0.0,OK,
TF17,Binggeli Fritz,2025-04,RETRO,AHV-Basis (AHV-AVS-BaseSalary),18200.0,18200.0,0.0,OK,
TF17,Binggeli Fritz,2025-04,RETRO,FAK-Basis (FAK-CAF-ContributorySalary),18200.0,18200.0,0.0,OK,
TF17,Binggeli Fritz,2025-04,RETRO,FAK Kinderzulagen wiederkehrend (3000),0.0,0.0,0.0,OK,
TF17,Binggeli Fritz,2025-04,RETRO,FAK Zulagen einmalig (3001+3034),0.0,0.0,0.0,OK,
TF17,Binggeli Fritz,2025-04,RETRO,UVG-Bruttolohn (UVG-LAA-GrossSalary),18200.0,18200.0,0.0,OK,
TF17,Binggeli Fritz,2025-04,RETRO,UVG-Basis (UVG-LAA-BaseSalary),18200.0,18200.0,0.0,OK,
TF17,Binggeli Fritz,2025-04,RETRO,UVGZ-Basis (UVGZ-LAAC-BaseSalary),18200.0,18200.0,0.0,OK,
TF17,Binggeli Fritz,2025-04,RETRO,KTG-Referenzlohn (Reference-AHV-AVS-Salary),18200.0,18200.0,0.0,OK,
TF17,Binggeli Fritz,2025-04,RETRO,"Lohnausweis Bruttolohn (GrossIncome, Ziff. 8)",18200.0,18200.0,0.0,OK,
TF17,Binggeli Fritz,2025-04,RETRO,Lohnausweis BVG ordentlich (Ziff. 10.1 = 5050+1972),1274.0,1274.0,0.0,OK,
TF18,Blanc Pierre,2025-04,RETRO,AHV-Basis (AHV-AVS-BaseSalary),4717.8,4717.8,0.0,OK,
TF18,Blanc Pierre,2025-04,RETRO,FAK-Basis (FAK-CAF-ContributorySalary),4717.8,4717.8,0.0,OK,
TF18,Blanc Pierre,2025-04,RETRO,FAK Kinderzulagen wiederkehrend (3000),0.0,0.0,0.0,OK,
TF18,Blanc Pierre,2025-04,RETRO,FAK Zulagen einmalig (3001+3034),0.0,0.0,0.0,OK,
TF18,Blanc Pierre,2025-04,RETRO,UVG-Bruttolohn (UVG-LAA-GrossSalary),4717.8,4717.8,0.0,OK,
TF18,Blanc Pierre,2025-04,RETRO,UVG-Basis (UVG-LAA-BaseSalary),4717.8,4717.8,0.0,OK,
TF18,Blanc Pierre,2025-04,RETRO,UVGZ-Basis (UVGZ-LAAC-BaseSalary),4717.8,4717.8,0.0,OK,
TF18,Blanc Pierre,2025-04,RETRO,KTG-Referenzlohn (Reference-AHV-AVS-Salary),4717.8,4717.8,0.0,OK,
TF18,Blanc Pierre,2025-04,RETRO,"Lohnausweis Bruttolohn (GrossIncome, Ziff. 8)",4717.8,4717.8,0.0,OK,
TF18,Blanc Pierre,2025-04,RETRO,Lohnausweis BVG ordentlich (Ziff. 10.1 = 5050+1972),305.75,305.76,-0.01,OK,
TF19,Andrey Melanie,2025-04,RETRO,AHV-Basis (AHV-AVS-BaseSalary),10400.0,10400.0,0.0,OK,
TF19,Andrey Melanie,2025-04,RETRO,FAK-Basis (FAK-CAF-ContributorySalary),10400.0,10400.0,0.0,OK,
TF19,Andrey Melanie,2025-04,RETRO,FAK Kinderzulagen wiederkehrend (3000),0.0,0.0,0.0,OK,
TF19,Andrey Melanie,2025-04,RETRO,FAK Zulagen einmalig (3001+3034),0.0,0.0,0.0,OK,
TF19,Andrey Melanie,2025-04,RETRO,UVG-Bruttolohn (UVG-LAA-GrossSalary),10400.0,10400.0,0.0,OK,
TF19,Andrey Melanie,2025-04,RETRO,UVG-Basis (UVG-LAA-BaseSalary),10400.0,10400.0,0.0,OK,
TF19,Andrey Melanie,2025-04,RETRO,UVGZ-Basis (UVGZ-LAAC-BaseSalary),10400.0,10400.0,0.0,OK,
TF19,Andrey Melanie,2025-04,RETRO,KTG-Referenzlohn (Reference-AHV-AVS-Salary),10400.0,10400.0,0.0,OK,
TF19,Andrey Melanie,2025-04,RETRO,"Lohnausweis Bruttolohn (GrossIncome, Ziff. 8)",10400.0,10400.0,0.0,OK,
TF19,Andrey Melanie,2025-04,RETRO,Lohnausweis BVG ordentlich (Ziff. 10.1 = 5050+1972),788.65,788.64,0.01,OK,
TF20,Arnold Lukas,2025-04,RETRO,AHV-Basis (AHV-AVS-BaseSalary),10416.65,10416.65,0.0,OK,
TF20,Arnold Lukas,2025-04,RETRO,FAK-Basis (FAK-CAF-ContributorySalary),10416.65,10416.65,0.0,OK,
TF20,Arnold Lukas,2025-04,RETRO,FAK Kinderzulagen wiederkehrend (3000),0.0,0.0,0.0,OK,
TF20,Arnold Lukas,2025-04,RETRO,FAK Zulagen einmalig (3001+3034),0.0,0.0,0.0,OK,
TF20,Arnold Lukas,2025-04,RETRO,UVG-Bruttolohn (UVG-LAA-GrossSalary),10416.65,10416.65,0.0,OK,
TF20,Arnold Lukas,2025-04,RETRO,UVG-Basis (UVG-LAA-BaseSalary),9916.65,9916.65,0.0,OK,
TF20,Arnold Lukas,2025-04,RETRO,UVGZ-Basis (UVGZ-LAAC-BaseSalary),9916.65,9916.65,0.0,OK,
TF20,Arnold Lukas,2025-04,RETRO,KTG-Referenzlohn (Reference-AHV-AVS-Salary),10416.65,10416.65,0.0,OK,
TF20,Arnold Lukas,2025-04,RETRO,"Lohnausweis Bruttolohn (GrossIncome, Ziff. 8)",10416.65,10416.65,0.0,OK,
TF20,Arnold Lukas,2025-04,RETRO,Lohnausweis BVG ordentlich (Ziff. 10.1 = 5050+1972),520.0,519.99,0.01,OK,
TF21,Meier Christian,2025-04,RETRO,AHV-Basis (AHV-AVS-BaseSalary),10416.65,10416.65,0.0,OK,
TF21,Meier Christian,2025-04,RETRO,FAK-Basis (FAK-CAF-ContributorySalary),10416.65,10416.65,0.0,OK,
TF21,Meier Christian,2025-04,RETRO,FAK Kinderzulagen wiederkehrend (3000),0.0,0.0,0.0,OK,
TF21,Meier Christian,2025-04,RETRO,FAK Zulagen einmalig (3001+3034),0.0,0.0,0.0,OK,
TF21,Meier Christian,2025-04,RETRO,UVG-Bruttolohn (UVG-LAA-GrossSalary),10416.65,10416.65,0.0,OK,
TF21,Meier Christian,2025-04,RETRO,UVG-Basis (UVG-LAA-BaseSalary),9916.65,9916.65,0.0,OK,
TF21,Meier Christian,2025-04,RETRO,UVGZ-Basis (UVGZ-LAAC-BaseSalary),9916.65,9916.65,0.0,OK,
TF21,Meier Christian,2025-04,RETRO,KTG-Referenzlohn (Reference-AHV-AVS-Salary),10416.65,10416.65,0.0,OK,
TF21,Meier Christian,2025-04,RETRO,"Lohnausweis Bruttolohn (GrossIncome, Ziff. 8)",10416.65,10416.65,0.0,OK,
TF21,Meier Christian,2025-04,RETRO,Lohnausweis BVG ordentlich (Ziff. 10.1 = 5050+1972),455.0,455.01,-0.01,OK,
TF22,Bucher Elisabeth,2025-04,RETRO,AHV-Basis (AHV-AVS-BaseSalary),20050.9,20050.9,0.0,OK,
TF22,Bucher Elisabeth,2025-04,RETRO,FAK-Basis (FAK-CAF-ContributorySalary),20050.9,20050.9,0.0,OK,
TF22,Bucher Elisabeth,2025-04,RETRO,FAK Kinderzulagen wiederkehrend (3000),0.0,0.0,0.0,OK,
TF22,Bucher Elisabeth,2025-04,RETRO,FAK Zulagen einmalig (3001+3034),0.0,0.0,0.0,OK,
TF22,Bucher Elisabeth,2025-04,RETRO,UVG-Bruttolohn (UVG-LAA-GrossSalary),20050.9,20050.9,0.0,OK,
TF22,Bucher Elisabeth,2025-04,RETRO,UVG-Basis (UVG-LAA-BaseSalary),20050.9,20050.9,0.0,OK,
TF22,Bucher Elisabeth,2025-04,RETRO,UVGZ-Basis (UVGZ-LAAC-BaseSalary),20050.9,20050.9,0.0,OK,
TF22,Bucher Elisabeth,2025-04,RETRO,KTG-Referenzlohn (Reference-AHV-AVS-Salary),20050.9,20050.9,0.0,OK,
TF22,Bucher Elisabeth,2025-04,RETRO,"Lohnausweis Bruttolohn (GrossIncome, Ziff. 8)",20050.9,20050.9,0.0,OK,
TF22,Bucher Elisabeth,2025-04,RETRO,Lohnausweis BVG ordentlich (Ziff. 10.1 = 5050+1972),1114.15,1114.15,0.0,OK,
TF23,Koller Ludwig,2025-04,RETRO,AHV-Basis (AHV-AVS-BaseSalary),50000.0,50000.0,0.0,OK,
TF23,Koller Ludwig,2025-04,RETRO,FAK-Basis (FAK-CAF-ContributorySalary),50000.0,50000.0,0.0,OK,
TF23,Koller Ludwig,2025-04,RETRO,FAK Kinderzulagen wiederkehrend (3000),0.0,0.0,0.0,OK,
TF23,Koller Ludwig,2025-04,RETRO,FAK Zulagen einmalig (3001+3034),0.0,0.0,0.0,OK,
TF23,Koller Ludwig,2025-04,RETRO,UVG-Bruttolohn (UVG-LAA-GrossSalary),50000.0,50000.0,0.0,OK,
TF23,Koller Ludwig,2025-04,RETRO,UVG-Basis (UVG-LAA-BaseSalary),50000.0,50000.0,0.0,OK,
TF23,Koller Ludwig,2025-04,RETRO,UVGZ-Basis (UVGZ-LAAC-BaseSalary),50000.0,50000.0,0.0,OK,
TF23,Koller Ludwig,2025-04,RETRO,KTG-Referenzlohn (Reference-AHV-AVS-Salary),50000.0,50000.0,0.0,OK,
TF23,Koller Ludwig,2025-04,RETRO,"Lohnausweis Bruttolohn (GrossIncome, Ziff. 8)",50000.0,50000.0,0.0,OK,
TF23,Koller Ludwig,2025-04,RETRO,Lohnausweis BVG ordentlich (Ziff. 10.1 = 5050+1972),1516.65,1516.64,0.01,OK,
TF24,Utzinger Jan,2025-04,RETRO,AHV-Basis (AHV-AVS-BaseSalary),32000.0,32000.0,0.0,OK,
TF24,Utzinger Jan,2025-04,RETRO,FAK-Basis (FAK-CAF-ContributorySalary),32000.0,32000.0,0.0,OK,
TF24,Utzinger Jan,2025-04,RETRO,FAK Kinderzulagen wiederkehrend (3000),0.0,0.0,0.0,OK,
TF24,Utzinger Jan,2025-04,RETRO,FAK Zulagen einmalig (3001+3034),0.0,0.0,0.0,OK,
TF24,Utzinger Jan,2025-04,RETRO,UVG-Bruttolohn (UVG-LAA-GrossSalary),32000.0,32000.0,0.0,OK,
TF24,Utzinger Jan,2025-04,RETRO,UVG-Basis (UVG-LAA-BaseSalary),32000.0,32000.0,0.0,OK,
TF24,Utzinger Jan,2025-04,RETRO,UVGZ-Basis (UVGZ-LAAC-BaseSalary),32000.0,32000.0,0.0,OK,
TF24,Utzinger Jan,2025-04,RETRO,KTG-Referenzlohn (Reference-AHV-AVS-Salary),32000.0,32000.0,0.0,OK,
TF24,Utzinger Jan,2025-04,RETRO,"Lohnausweis Bruttolohn (GrossIncome, Ziff. 8)",32000.0,32000.0,0.0,OK,
TF24,Utzinger Jan,2025-04,RETRO,Lohnausweis BVG ordentlich (Ziff. 10.1 = 5050+1972),2426.7,2426.68,0.02,OK,
TF25,Lehmann Nadine,2025-04,RETRO,AHV-Basis (AHV-AVS-BaseSalary),32000.0,32000.0,0.0,OK,
TF25,Lehmann Nadine,2025-04,RETRO,FAK-Basis (FAK-CAF-ContributorySalary),32000.0,32000.0,0.0,OK,
TF25,Lehmann Nadine,2025-04,RETRO,FAK Kinderzulagen wiederkehrend (3000),0.0,0.0,0.0,OK,
TF25,Lehmann Nadine,2025-04,RETRO,FAK Zulagen einmalig (3001+3034),0.0,0.0,0.0,OK,
TF25,Lehmann Nadine,2025-04,RETRO,UVG-Bruttolohn (UVG-LAA-GrossSalary),32000.0,32000.0,0.0,OK,
TF25,Lehmann Nadine,2025-04,RETRO,UVG-Basis (UVG-LAA-BaseSalary),32000.0,32000.0,0.0,OK,
TF25,Lehmann Nadine,2025-04,RETRO,UVGZ-Basis (UVGZ-LAAC-BaseSalary),32000.0,32000.0,0.0,OK,
TF25,Lehmann Nadine,2025-04,RETRO,KTG-Referenzlohn (Reference-AHV-AVS-Salary),32000.0,32000.0,0.0,OK,
TF25,Lehmann Nadine,2025-04,RETRO,"Lohnausweis Bruttolohn (GrossIncome, Ziff. 8)",32000.0,32000.0,0.0,OK,
TF25,Lehmann Nadine,2025-04,RETRO,Lohnausweis BVG ordentlich (Ziff. 10.1 = 5050+1972),2730.0,2730.0,0.0,OK,
TF26,Jenzer Marcel,2025-04,RETRO,AHV-Basis (AHV-AVS-BaseSalary),32000.0,32000.0,0.0,OK,
TF26,Jenzer Marcel,2025-04,RETRO,FAK-Basis (FAK-CAF-ContributorySalary),32000.0,32000.0,0.0,OK,
TF26,Jenzer Marcel,2025-04,RETRO,FAK Kinderzulagen wiederkehrend (3000),0.0,0.0,0.0,OK,
TF26,Jenzer Marcel,2025-04,RETRO,FAK Zulagen einmalig (3001+3034),0.0,0.0,0.0,OK,
TF26,Jenzer Marcel,2025-04,RETRO,UVG-Bruttolohn (UVG-LAA-GrossSalary),32000.0,32000.0,0.0,OK,
TF26,Jenzer Marcel,2025-04,RETRO,UVG-Basis (UVG-LAA-BaseSalary),32000.0,32000.0,0.0,OK,
TF26,Jenzer Marcel,2025-04,RETRO,UVGZ-Basis (UVGZ-LAAC-BaseSalary),32000.0,32000.0,0.0,OK,
TF26,Jenzer Marcel,2025-04,RETRO,KTG-Referenzlohn (Reference-AHV-AVS-Salary),32000.0,32000.0,0.0,OK,
TF26,Jenzer Marcel,2025-04,RETRO,"Lohnausweis Bruttolohn (GrossIncome, Ziff. 8)",32000.0,32000.0,0.0,OK,
TF26,Jenzer Marcel,2025-04,RETRO,Lohnausweis BVG ordentlich (Ziff. 10.1 = 5050+1972),2730.0,2730.0,0.0,OK,
TF28,Arbenz Esther,2025-04,RETRO,AHV-Basis (AHV-AVS-BaseSalary),44000.0,44000.0,0.0,OK,
TF28,Arbenz Esther,2025-04,RETRO,FAK-Basis (FAK-CAF-ContributorySalary),44000.0,44000.0,0.0,OK,
TF28,Arbenz Esther,2025-04,RETRO,FAK Kinderzulagen wiederkehrend (3000),0.0,0.0,0.0,OK,
TF28,Arbenz Esther,2025-04,RETRO,FAK Zulagen einmalig (3001+3034),0.0,0.0,0.0,OK,
TF28,Arbenz Esther,2025-04,RETRO,UVG-Bruttolohn (UVG-LAA-GrossSalary),44000.0,44000.0,0.0,OK,
TF28,Arbenz Esther,2025-04,RETRO,UVG-Basis (UVG-LAA-BaseSalary),44000.0,44000.0,0.0,OK,
TF28,Arbenz Esther,2025-04,RETRO,UVGZ-Basis (UVGZ-LAAC-BaseSalary),44000.0,44000.0,0.0,OK,
TF28,Arbenz Esther,2025-04,RETRO,KTG-Referenzlohn (Reference-AHV-AVS-Salary),44000.0,44000.0,0.0,OK,
TF28,Arbenz Esther,2025-04,RETRO,"Lohnausweis Bruttolohn (GrossIncome, Ziff. 8)",44000.0,44000.0,0.0,OK,
TF28,Arbenz Esther,2025-04,RETRO,Lohnausweis BVG ordentlich (Ziff. 10.1 = 5050+1972),2080.0,2080.0,0.0,OK,
TF29,Forster Moreno,2025-04,RETRO,AHV-Basis (AHV-AVS-BaseSalary),44000.0,44000.0,0.0,OK,
TF29,Forster Moreno,2025-04,RETRO,FAK-Basis (FAK-CAF-ContributorySalary),44000.0,44000.0,0.0,OK,
TF29,Forster Moreno,2025-04,RETRO,FAK Kinderzulagen wiederkehrend (3000),0.0,0.0,0.0,OK,
TF29,Forster Moreno,2025-04,RETRO,FAK Zulagen einmalig (3001+3034),0.0,0.0,0.0,OK,
TF29,Forster Moreno,2025-04,RETRO,UVG-Bruttolohn (UVG-LAA-GrossSalary),44000.0,44000.0,0.0,OK,
TF29,Forster Moreno,2025-04,RETRO,UVG-Basis (UVG-LAA-BaseSalary),44000.0,44000.0,0.0,OK,
TF29,Forster Moreno,2025-04,RETRO,UVGZ-Basis (UVGZ-LAAC-BaseSalary),44000.0,44000.0,0.0,OK,
TF29,Forster Moreno,2025-04,RETRO,KTG-Referenzlohn (Reference-AHV-AVS-Salary),44000.0,44000.0,0.0,OK,
TF29,Forster Moreno,2025-04,RETRO,"Lohnausweis Bruttolohn (GrossIncome, Ziff. 8)",44000.0,44000.0,0.0,OK,
TF29,Forster Moreno,2025-04,RETRO,Lohnausweis BVG ordentlich (Ziff. 10.1 = 5050+1972),1820.0,1820.0,0.0,OK,
TF30,Müller Heinrich,2025-04,RETRO,AHV-Basis (AHV-AVS-BaseSalary),22000.0,22000.0,0.0,OK,
TF30,Müller Heinrich,2025-04,RETRO,FAK-Basis (FAK-CAF-ContributorySalary),22000.0,22000.0,0.0,OK,
TF30,Müller Heinrich,2025-04,RETRO,FAK Kinderzulagen wiederkehrend (3000),0.0,0.0,0.0,OK,
TF30,Müller Heinrich,2025-04,RETRO,FAK Zulagen einmalig (3001+3034),0.0,0.0,0.0,OK,
TF30,Müller Heinrich,2025-04,RETRO,UVG-Bruttolohn (UVG-LAA-GrossSalary),22000.0,22000.0,0.0,OK,
TF30,Müller Heinrich,2025-04,RETRO,UVG-Basis (UVG-LAA-BaseSalary),22000.0,22000.0,0.0,OK,
TF30,Müller Heinrich,2025-04,RETRO,UVGZ-Basis (UVGZ-LAAC-BaseSalary),22000.0,22000.0,0.0,OK,
TF30,Müller Heinrich,2025-04,RETRO,KTG-Referenzlohn (Reference-AHV-AVS-Salary),22000.0,22000.0,0.0,OK,
TF30,Müller Heinrich,2025-04,RETRO,"Lohnausweis Bruttolohn (GrossIncome, Ziff. 8)",22000.0,22000.0,0.0,OK,
TF30,Müller Heinrich,2025-04,RETRO,Lohnausweis BVG ordentlich (Ziff. 10.1 = 5050+1972),0.0,0.0,0.0,OK,
TF31,Bolletto Franca,2025-04,RETRO,AHV-Basis (AHV-AVS-BaseSalary),20000.0,20000.0,0.0,OK,
TF31,Bolletto Franca,2025-04,RETRO,FAK-Basis (FAK-CAF-ContributorySalary),20000.0,20000.0,0.0,OK,
TF31,Bolletto Franca,2025-04,RETRO,FAK Kinderzulagen wiederkehrend (3000),0.0,0.0,0.0,OK,
TF31,Bolletto Franca,2025-04,RETRO,FAK Zulagen einmalig (3001+3034),0.0,0.0,0.0,OK,
TF31,Bolletto Franca,2025-04,RETRO,UVG-Bruttolohn (UVG-LAA-GrossSalary),20000.0,20000.0,0.0,OK,
TF31,Bolletto Franca,2025-04,RETRO,UVG-Basis (UVG-LAA-BaseSalary),20000.0,20000.0,0.0,OK,
TF31,Bolletto Franca,2025-04,RETRO,UVGZ-Basis (UVGZ-LAAC-BaseSalary),20000.0,20000.0,0.0,OK,
TF31,Bolletto Franca,2025-04,RETRO,KTG-Referenzlohn (Reference-AHV-AVS-Salary),20000.0,20000.0,0.0,OK,
TF31,Bolletto Franca,2025-04,RETRO,"Lohnausweis Bruttolohn (GrossIncome, Ziff. 8)",20000.0,20000.0,0.0,OK,
TF31,Bolletto Franca,2025-04,RETRO,Lohnausweis BVG ordentlich (Ziff. 10.1 = 5050+1972),1300.0,1300.0,0.0,OK,
TF33,Châtelain Pierre,2025-04,RETRO,AHV-Basis (AHV-AVS-BaseSalary),20000.0,20000.0,0.0,OK,
TF33,Châtelain Pierre,2025-04,RETRO,FAK-Basis (FAK-CAF-ContributorySalary),20000.0,20000.0,0.0,OK,
TF33,Châtelain Pierre,2025-04,RETRO,FAK Kinderzulagen wiederkehrend (3000),0.0,0.0,0.0,OK,
TF33,Châtelain Pierre,2025-04,RETRO,FAK Zulagen einmalig (3001+3034),0.0,0.0,0.0,OK,
TF33,Châtelain Pierre,2025-04,RETRO,UVG-Bruttolohn (UVG-LAA-GrossSalary),20000.0,20000.0,0.0,OK,
TF33,Châtelain Pierre,2025-04,RETRO,UVG-Basis (UVG-LAA-BaseSalary),20000.0,20000.0,0.0,OK,
TF33,Châtelain Pierre,2025-04,RETRO,UVGZ-Basis (UVGZ-LAAC-BaseSalary),20000.0,20000.0,0.0,OK,
TF33,Châtelain Pierre,2025-04,RETRO,KTG-Referenzlohn (Reference-AHV-AVS-Salary),20000.0,20000.0,0.0,OK,
TF33,Châtelain Pierre,2025-04,RETRO,"Lohnausweis Bruttolohn (GrossIncome, Ziff. 8)",20000.0,20000.0,0.0,OK,
TF33,Châtelain Pierre,2025-04,RETRO,Lohnausweis BVG ordentlich (Ziff. 10.1 = 5050+1972),1516.7,1516.68,0.02,OK,
TF34,Rinaldi Massimo,2025-04,RETRO,AHV-Basis (AHV-AVS-BaseSalary),20000.0,20000.0,0.0,OK,
TF34,Rinaldi Massimo,2025-04,RETRO,FAK-Basis (FAK-CAF-ContributorySalary),20000.0,20000.0,0.0,OK,
TF34,Rinaldi Massimo,2025-04,RETRO,FAK Kinderzulagen wiederkehrend (3000),0.0,0.0,0.0,OK,
TF34,Rinaldi Massimo,2025-04,RETRO,FAK Zulagen einmalig (3001+3034),0.0,0.0,0.0,OK,
TF34,Rinaldi Massimo,2025-04,RETRO,UVG-Bruttolohn (UVG-LAA-GrossSalary),20000.0,20000.0,0.0,OK,
TF34,Rinaldi Massimo,2025-04,RETRO,UVG-Basis (UVG-LAA-BaseSalary),20000.0,20000.0,0.0,OK,
TF34,Rinaldi Massimo,2025-04,RETRO,UVGZ-Basis (UVGZ-LAAC-BaseSalary),20000.0,20000.0,0.0,OK,
TF34,Rinaldi Massimo,2025-04,RETRO,KTG-Referenzlohn (Reference-AHV-AVS-Salary),20000.0,20000.0,0.0,OK,
TF34,Rinaldi Massimo,2025-04,RETRO,"Lohnausweis Bruttolohn (GrossIncome, Ziff. 8)",20000.0,20000.0,0.0,OK,
TF34,Rinaldi Massimo,2025-04,RETRO,Lohnausweis BVG ordentlich (Ziff. 10.1 = 5050+1972),0.0,0.0,0.0,OK,
TF35,Roos Roland,2025-04,RETRO,AHV-Basis (AHV-AVS-BaseSalary),50000.0,50000.0,0.0,OK,
TF35,Roos Roland,2025-04,RETRO,FAK-Basis (FAK-CAF-ContributorySalary),50000.0,50000.0,0.0,OK,
TF35,Roos Roland,2025-04,RETRO,FAK Kinderzulagen wiederkehrend (3000),0.0,0.0,0.0,OK,
TF35,Roos Roland,2025-04,RETRO,FAK Zulagen einmalig (3001+3034),0.0,0.0,0.0,OK,
TF35,Roos Roland,2025-04,RETRO,UVG-Bruttolohn (UVG-LAA-GrossSalary),50000.0,50000.0,0.0,OK,
TF35,Roos Roland,2025-04,RETRO,UVG-Basis (UVG-LAA-BaseSalary),50000.0,50000.0,0.0,OK,
TF35,Roos Roland,2025-04,RETRO,UVGZ-Basis (UVGZ-LAAC-BaseSalary),50000.0,50000.0,0.0,OK,
TF35,Roos Roland,2025-04,RETRO,KTG-Referenzlohn (Reference-AHV-AVS-Salary),50000.0,50000.0,0.0,OK,
TF35,Roos Roland,2025-04,RETRO,"Lohnausweis Bruttolohn (GrossIncome, Ziff. 8)",50000.0,50000.0,0.0,OK,
TF35,Roos Roland,2025-04,RETRO,Lohnausweis BVG ordentlich (Ziff. 10.1 = 5050+1972),1516.7,1516.68,0.02,OK,
TF36,Maldini Fabio,2025-04,RETRO,AHV-Basis (AHV-AVS-BaseSalary),50000.0,50000.0,0.0,OK,
TF36,Maldini Fabio,2025-04,RETRO,FAK-Basis (FAK-CAF-ContributorySalary),50000.0,50000.0,0.0,OK,
TF36,Maldini Fabio,2025-04,RETRO,FAK Kinderzulagen wiederkehrend (3000),0.0,0.0,0.0,OK,
TF36,Maldini Fabio,2025-04,RETRO,FAK Zulagen einmalig (3001+3034),0.0,0.0,0.0,OK,
TF36,Maldini Fabio,2025-04,RETRO,UVG-Bruttolohn (UVG-LAA-GrossSalary),50000.0,50000.0,0.0,OK,
TF36,Maldini Fabio,2025-04,RETRO,UVG-Basis (UVG-LAA-BaseSalary),50000.0,50000.0,0.0,OK,
TF36,Maldini Fabio,2025-04,RETRO,UVGZ-Basis (UVGZ-LAAC-BaseSalary),50000.0,50000.0,0.0,OK,
TF36,Maldini Fabio,2025-04,RETRO,KTG-Referenzlohn (Reference-AHV-AVS-Salary),50000.0,50000.0,0.0,OK,
TF36,Maldini Fabio,2025-04,RETRO,"Lohnausweis Bruttolohn (GrossIncome, Ziff. 8)",50000.0,50000.0,0.0,OK,
TF36,Maldini Fabio,2025-04,RETRO,Lohnausweis BVG ordentlich (Ziff. 10.1 = 5050+1972),1733.3,1733.32,-0.02,OK,
TF37,Oberli Christine,2025-04,RETRO,AHV-Basis (AHV-AVS-BaseSalary),5000.0,5000.0,0.0,OK,
TF37,Oberli Christine,2025-04,RETRO,FAK-Basis (FAK-CAF-ContributorySalary),5000.0,5000.0,0.0,OK,
TF37,Oberli Christine,2025-04,RETRO,FAK Kinderzulagen wiederkehrend (3000),250.0,250.0,0.0,OK,
TF37,Oberli Christine,2025-04,RETRO,FAK Zulagen einmalig (3001+3034),0.0,0.0,0.0,OK,
TF37,Oberli Christine,2025-04,RETRO,UVG-Bruttolohn (UVG-LAA-GrossSalary),5250.0,5250.0,0.0,OK,
TF37,Oberli Christine,2025-04,RETRO,UVG-Basis (UVG-LAA-BaseSalary),5000.0,5000.0,0.0,OK,
TF37,Oberli Christine,2025-04,RETRO,UVGZ-Basis (UVGZ-LAAC-BaseSalary),5000.0,5000.0,0.0,OK,
TF37,Oberli Christine,2025-04,RETRO,KTG-Referenzlohn (Reference-AHV-AVS-Salary),5000.0,5000.0,0.0,OK,
TF37,Oberli Christine,2025-04,RETRO,"Lohnausweis Bruttolohn (GrossIncome, Ziff. 8)",5250.0,5250.0,0.0,OK,
TF37,Oberli Christine,2025-04,RETRO,Lohnausweis BVG ordentlich (Ziff. 10.1 = 5050+1972),400.0,400.0,0.0,OK,
TF38,Jung Claude,2025-04,RETRO,AHV-Basis (AHV-AVS-BaseSalary),17000.0,17000.0,0.0,OK,
TF38,Jung Claude,2025-04,RETRO,FAK-Basis (FAK-CAF-ContributorySalary),17000.0,17000.0,0.0,OK,
TF38,Jung Claude,2025-04,RETRO,FAK Kinderzulagen wiederkehrend (3000),0.0,0.0,0.0,OK,
TF38,Jung Claude,2025-04,RETRO,FAK Zulagen einmalig (3001+3034),0.0,0.0,0.0,OK,
TF38,Jung Claude,2025-04,RETRO,UVG-Bruttolohn (UVG-LAA-GrossSalary),17000.0,17000.0,0.0,OK,
TF38,Jung Claude,2025-04,RETRO,UVG-Basis (UVG-LAA-BaseSalary),17000.0,17000.0,0.0,OK,
TF38,Jung Claude,2025-04,RETRO,UVGZ-Basis (UVGZ-LAAC-BaseSalary),17000.0,17000.0,0.0,OK,
TF38,Jung Claude,2025-04,RETRO,KTG-Referenzlohn (Reference-AHV-AVS-Salary),17000.0,17000.0,0.0,OK,
TF38,Jung Claude,2025-04,RETRO,"Lohnausweis Bruttolohn (GrossIncome, Ziff. 8)",17000.0,17000.0,0.0,OK,
TF38,Jung Claude,2025-04,RETRO,Lohnausweis BVG ordentlich (Ziff. 10.1 = 5050+1972),1573.3,1573.32,-0.02,OK,
TF39,Hasler Harald,2025-04,RETRO,UVG-Bruttolohn (UVG-LAA-GrossSalary),10000.0,10000.0,0.0,OK,
TF39,Hasler Harald,2025-04,RETRO,UVG-Basis (UVG-LAA-BaseSalary),10000.0,10000.0,0.0,OK,
TF39,Hasler Harald,2025-04,RETRO,UVGZ-Basis (UVGZ-LAAC-BaseSalary),10000.0,10000.0,0.0,OK,
TF39,Hasler Harald,2025-04,RETRO,KTG-Referenzlohn (Reference-AHV-AVS-Salary),10000.0,10000.0,0.0,OK,
TF39,Hasler Harald,2025-04,RETRO,"Lohnausweis Bruttolohn (GrossIncome, Ziff. 8)",10000.0,10000.0,0.0,OK,
TF39,Hasler Harald,2025-04,RETRO,Lohnausweis BVG ordentlich (Ziff. 10.1 = 5050+1972),0.0,0.0,0.0,OK,
TF40,Farine Corinne,2025-04,RETRO,AHV-Basis (AHV-AVS-BaseSalary),32300.0,32300.0,0.0,OK,
TF40,Farine Corinne,2025-04,RETRO,FAK-Basis (FAK-CAF-ContributorySalary),32300.0,32300.0,0.0,OK,
TF40,Farine Corinne,2025-04,RETRO,FAK Kinderzulagen wiederkehrend (3000),750.0,750.0,0.0,OK,
TF40,Farine Corinne,2025-04,RETRO,FAK Zulagen einmalig (3001+3034),0.0,0.0,0.0,OK,
TF40,Farine Corinne,2025-04,RETRO,UVG-Bruttolohn (UVG-LAA-GrossSalary),33050.0,33050.0,0.0,OK,
TF40,Farine Corinne,2025-04,RETRO,UVG-Basis (UVG-LAA-BaseSalary),32300.0,32300.0,0.0,OK,
TF40,Farine Corinne,2025-04,RETRO,UVGZ-Basis (UVGZ-LAAC-BaseSalary),32300.0,32300.0,0.0,OK,
TF40,Farine Corinne,2025-04,RETRO,KTG-Referenzlohn (Reference-AHV-AVS-Salary),32300.0,32300.0,0.0,OK,
TF40,Farine Corinne,2025-04,RETRO,"Lohnausweis Bruttolohn (GrossIncome, Ziff. 8)",33050.0,33050.0,0.0,OK,
TF40,Farine Corinne,2025-04,RETRO,Lohnausweis BVG ordentlich (Ziff. 10.1 = 5050+1972),1013.35,1013.34,0.01,OK,
TF41,Meier Max,2025-04,RETRO,AHV-Basis (AHV-AVS-BaseSalary),50000.0,50000.0,0.0,OK,
TF41,Meier Max,2025-04,RETRO,FAK-Basis (FAK-CAF-ContributorySalary),50000.0,50000.0,0.0,OK,
TF41,Meier Max,2025-04,RETRO,FAK Kinderzulagen wiederkehrend (3000),0.0,0.0,0.0,OK,
TF41,Meier Max,2025-04,RETRO,FAK Zulagen einmalig (3001+3034),0.0,0.0,0.0,OK,
TF41,Meier Max,2025-04,RETRO,UVG-Bruttolohn (UVG-LAA-GrossSalary),50000.0,50000.0,0.0,OK,
TF41,Meier Max,2025-04,RETRO,UVG-Basis (UVG-LAA-BaseSalary),50000.0,50000.0,0.0,OK,
TF41,Meier Max,2025-04,RETRO,UVGZ-Basis (UVGZ-LAAC-BaseSalary),50000.0,50000.0,0.0,OK,
TF41,Meier Max,2025-04,RETRO,KTG-Referenzlohn (Reference-AHV-AVS-Salary),50000.0,50000.0,0.0,OK,
TF41,Meier Max,2025-04,RETRO,"Lohnausweis Bruttolohn (GrossIncome, Ziff. 8)",50000.0,50000.0,0.0,OK,
TF41,Meier Max,2025-04,RETRO,Lohnausweis BVG ordentlich (Ziff. 10.1 = 5050+1972),0.0,0.0,0.0,OK,
TF44,Lusser Hans,2025-04,RETRO,AHV-Basis (AHV-AVS-BaseSalary),14000.0,14000.0,0.0,OK,
TF44,Lusser Hans,2025-04,RETRO,FAK-Basis (FAK-CAF-ContributorySalary),14000.0,14000.0,0.0,OK,
TF44,Lusser Hans,2025-04,RETRO,FAK Kinderzulagen wiederkehrend (3000),0.0,0.0,0.0,OK,
TF44,Lusser Hans,2025-04,RETRO,FAK Zulagen einmalig (3001+3034),0.0,0.0,0.0,OK,
TF44,Lusser Hans,2025-04,RETRO,UVG-Bruttolohn (UVG-LAA-GrossSalary),14000.0,14000.0,0.0,OK,
TF44,Lusser Hans,2025-04,RETRO,UVG-Basis (UVG-LAA-BaseSalary),14000.0,14000.0,0.0,OK,
TF44,Lusser Hans,2025-04,RETRO,UVGZ-Basis (UVGZ-LAAC-BaseSalary),14000.0,14000.0,0.0,OK,
TF44,Lusser Hans,2025-04,RETRO,KTG-Referenzlohn (Reference-AHV-AVS-Salary),14000.0,14000.0,0.0,OK,
TF44,Lusser Hans,2025-04,RETRO,"Lohnausweis Bruttolohn (GrossIncome, Ziff. 8)",14000.0,14000.0,0.0,OK,
TF44,Lusser Hans,2025-04,RETRO,Lohnausweis BVG ordentlich (Ziff. 10.1 = 5050+1972),770.0,770.0,0.0,OK,
TF02,Paganini Maria,2025-04,MONTHLY,Statistik Grundlohn (GrossBaseSalaryAndRegularAllowance),4985.9,4985.9,0.0,OK,
TF02,Paganini Maria,2025-04,MONTHLY,Statistik Zulagen (Allowances),35.0,0.0,35.0,DIFF,
TF02,Paganini Maria,2025-04,MONTHLY,Statistik Familienzulagen (FamilyIncomeSupplement),215.0,215.0,0.0,OK,
TF02,Paganini Maria,2025-04,MONTHLY,Statistik Leistungen Dritter (PaymentsByThird),0.0,0.0,0.0,OK,
TF02,Paganini Maria,2025-04,MONTHLY,Statistik BVG-Beitrag AN (BVG-LPP-RegularContribution),-408.33,-408.33,0.0,OK,
TF03,Lusser Pia,2025-04,MONTHLY,Statistik Grundlohn (GrossBaseSalaryAndRegularAllowance),5500.0,5500.0,0.0,OK,
TF03,Lusser Pia,2025-04,MONTHLY,Statistik Zulagen (Allowances),0.0,0.0,0.0,OK,
TF03,Lusser Pia,2025-04,MONTHLY,Statistik Familienzulagen (FamilyIncomeSupplement),0.0,0.0,0.0,OK,
TF03,Lusser Pia,2025-04,MONTHLY,Statistik Leistungen Dritter (PaymentsByThird),0.0,0.0,0.0,OK,
TF03,Lusser Pia,2025-04,MONTHLY,Statistik BVG-Beitrag AN (BVG-LPP-RegularContribution),-385.0,-385.0,0.0,OK,
TF04,Fankhauser Markus,2025-04,MONTHLY,Statistik Grundlohn (GrossBaseSalaryAndRegularAllowance),30000.0,30000.0,0.0,OK,
TF04,Fankhauser Markus,2025-04,MONTHLY,Statistik Zulagen (Allowances),0.0,0.0,0.0,OK,
TF04,Fankhauser Markus,2025-04,MONTHLY,Statistik Familienzulagen (FamilyIncomeSupplement),0.0,0.0,0.0,OK,
TF04,Fankhauser Markus,2025-04,MONTHLY,Statistik Leistungen Dritter (PaymentsByThird),0.0,0.0,0.0,OK,
TF04,Fankhauser Markus,2025-04,MONTHLY,Statistik BVG-Beitrag AN (BVG-LPP-RegularContribution),-2800.0,-2800.0,0.0,OK,
TF05,Moser Johann,2025-04,MONTHLY,Statistik Grundlohn (GrossBaseSalaryAndRegularAllowance),1350.0,1350.0,0.0,OK,
TF05,Moser Johann,2025-04,MONTHLY,Statistik Zulagen (Allowances),0.0,0.0,0.0,OK,
TF05,Moser Johann,2025-04,MONTHLY,Statistik Familienzulagen (FamilyIncomeSupplement),0.0,0.0,0.0,OK,
TF05,Moser Johann,2025-04,MONTHLY,Statistik Leistungen Dritter (PaymentsByThird),0.0,0.0,0.0,OK,
TF05,Moser Johann,2025-04,MONTHLY,Statistik BVG-Beitrag AN (BVG-LPP-RegularContribution),-117.0,-117.0,0.0,OK,
TF06,Zahnd Anita,2025-04,MONTHLY,Statistik Grundlohn (GrossBaseSalaryAndRegularAllowance),13500.0,13500.0,0.0,OK,
TF06,Zahnd Anita,2025-04,MONTHLY,Statistik Zulagen (Allowances),0.0,0.0,0.0,OK,
TF06,Zahnd Anita,2025-04,MONTHLY,Statistik Familienzulagen (FamilyIncomeSupplement),0.0,0.0,0.0,OK,
TF06,Zahnd Anita,2025-04,MONTHLY,Statistik Leistungen Dritter (PaymentsByThird),0.0,0.0,0.0,OK,
TF06,Zahnd Anita,2025-04,MONTHLY,Statistik BVG-Beitrag AN (BVG-LPP-RegularContribution),-1080.0,-1080.0,0.0,OK,
TF08,Lamon René,2025-04,MONTHLY,Statistik Grundlohn (GrossBaseSalaryAndRegularAllowance),9548.05,9548.05,0.0,OK,
TF08,Lamon René,2025-04,MONTHLY,Statistik Zulagen (Allowances),35.0,0.0,35.0,DIFF,
TF08,Lamon René,2025-04,MONTHLY,Statistik Familienzulagen (FamilyIncomeSupplement),250.0,250.0,0.0,OK,
TF08,Lamon René,2025-04,MONTHLY,Statistik Leistungen Dritter (PaymentsByThird),0.0,0.0,0.0,OK,
TF08,Lamon René,2025-04,MONTHLY,Statistik BVG-Beitrag AN (BVG-LPP-RegularContribution),-751.09,-751.09,0.0,OK,
TF09,Estermann Michael,2025-04,MONTHLY,Statistik Grundlohn (GrossBaseSalaryAndRegularAllowance),2000.0,2000.0,0.0,OK,
TF09,Estermann Michael,2025-04,MONTHLY,Statistik Zulagen (Allowances),0.0,0.0,0.0,OK,
TF09,Estermann Michael,2025-04,MONTHLY,Statistik Familienzulagen (FamilyIncomeSupplement),0.0,0.0,0.0,OK,
TF09,Estermann Michael,2025-04,MONTHLY,Statistik Leistungen Dritter (PaymentsByThird),0.0,0.0,0.0,OK,
TF09,Estermann Michael,2025-04,MONTHLY,Statistik BVG-Beitrag AN (BVG-LPP-RegularContribution),0.0,-0.0,0.0,OK,
TF10,Ganz Heinz,2025-04,MONTHLY,Statistik Grundlohn (GrossBaseSalaryAndRegularAllowance),6400.0,6400.0,0.0,OK,
TF10,Ganz Heinz,2025-04,MONTHLY,Statistik Zulagen (Allowances),0.0,0.0,0.0,OK,
TF10,Ganz Heinz,2025-04,MONTHLY,Statistik Familienzulagen (FamilyIncomeSupplement),0.0,0.0,0.0,OK,
TF10,Ganz Heinz,2025-04,MONTHLY,Statistik Leistungen Dritter (PaymentsByThird),0.0,0.0,0.0,OK,
TF10,Ganz Heinz,2025-04,MONTHLY,Statistik BVG-Beitrag AN (BVG-LPP-RegularContribution),-448.0,-448.0,0.0,OK,
TF11,Bosshard Peter,2025-04,MONTHLY,Statistik Grundlohn (GrossBaseSalaryAndRegularAllowance),10100.0,11550.0,-1450.0,DIFF,
TF11,Bosshard Peter,2025-04,MONTHLY,Statistik Zulagen (Allowances),0.0,0.0,0.0,OK,
TF11,Bosshard Peter,2025-04,MONTHLY,Statistik Familienzulagen (FamilyIncomeSupplement),475.0,475.0,0.0,OK,
TF11,Bosshard Peter,2025-04,MONTHLY,Statistik Leistungen Dritter (PaymentsByThird),0.0,0.0,0.0,OK,
TF11,Bosshard Peter,2025-04,MONTHLY,Statistik BVG-Beitrag AN (BVG-LPP-RegularContribution),-864.5,-864.5,0.0,OK,
TF12,Casanova Renato,2025-04,MONTHLY,Statistik Grundlohn (GrossBaseSalaryAndRegularAllowance),12000.0,12850.0,-850.0,DIFF,
TF12,Casanova Renato,2025-04,MONTHLY,Statistik Zulagen (Allowances),0.0,0.0,0.0,OK,
TF12,Casanova Renato,2025-04,MONTHLY,Statistik Familienzulagen (FamilyIncomeSupplement),0.0,0.0,0.0,OK,
TF12,Casanova Renato,2025-04,MONTHLY,Statistik Leistungen Dritter (PaymentsByThird),0.0,0.0,0.0,OK,
TF12,Casanova Renato,2025-04,MONTHLY,Statistik BVG-Beitrag AN (BVG-LPP-RegularContribution),-899.5,-899.5,0.0,OK,
TF13,Combertaldi Renato,2025-04,MONTHLY,Statistik Grundlohn (GrossBaseSalaryAndRegularAllowance),2200.0,2200.0,0.0,OK,
TF13,Combertaldi Renato,2025-04,MONTHLY,Statistik Zulagen (Allowances),0.0,0.0,0.0,OK,
TF13,Combertaldi Renato,2025-04,MONTHLY,Statistik Familienzulagen (FamilyIncomeSupplement),0.0,0.0,0.0,OK,
TF13,Combertaldi Renato,2025-04,MONTHLY,Statistik Leistungen Dritter (PaymentsByThird),0.0,0.0,0.0,OK,
TF13,Combertaldi Renato,2025-04,MONTHLY,Statistik BVG-Beitrag AN (BVG-LPP-RegularContribution),0.0,-0.0,0.0,OK,
TF14,Egli Anna,2025-04,MONTHLY,Statistik Grundlohn (GrossBaseSalaryAndRegularAllowance),2667.85,2667.85,0.0,OK,
TF14,Egli Anna,2025-04,MONTHLY,Statistik Zulagen (Allowances),0.0,0.0,0.0,OK,
TF14,Egli Anna,2025-04,MONTHLY,Statistik Familienzulagen (FamilyIncomeSupplement),0.0,0.0,0.0,OK,
TF14,Egli Anna,2025-04,MONTHLY,Statistik Leistungen Dritter (PaymentsByThird),0.0,0.0,0.0,OK,
TF14,Egli Anna,2025-04,MONTHLY,Statistik BVG-Beitrag AN (BVG-LPP-RegularContribution),0.0,-0.0,0.0,OK,
TF17,Binggeli Fritz,2025-04,MONTHLY,Statistik Grundlohn (GrossBaseSalaryAndRegularAllowance),4550.0,4550.0,0.0,OK,
TF17,Binggeli Fritz,2025-04,MONTHLY,Statistik Zulagen (Allowances),0.0,0.0,0.0,OK,
TF17,Binggeli Fritz,2025-04,MONTHLY,Statistik Familienzulagen (FamilyIncomeSupplement),0.0,0.0,0.0,OK,
TF17,Binggeli Fritz,2025-04,MONTHLY,Statistik Leistungen Dritter (PaymentsByThird),0.0,0.0,0.0,OK,
TF17,Binggeli Fritz,2025-04,MONTHLY,Statistik BVG-Beitrag AN (BVG-LPP-RegularContribution),-318.5,-318.5,0.0,OK,
TF17,Binggeli Fritz,2025-04,MONTHLY,QST steuerbarer Lohn TI A0N (TaxableEarning),4550.0,4550.0,0.0,OK,"Satz-Lohn 6500.00, QST 495.95"
TF18,Blanc Pierre,2025-04,MONTHLY,Statistik Grundlohn (GrossBaseSalaryAndRegularAllowance),1179.45,1179.45,0.0,OK,
TF18,Blanc Pierre,2025-04,MONTHLY,Statistik Zulagen (Allowances),0.0,0.0,0.0,OK,
TF18,Blanc Pierre,2025-04,MONTHLY,Statistik Familienzulagen (FamilyIncomeSupplement),0.0,0.0,0.0,OK,
TF18,Blanc Pierre,2025-04,MONTHLY,Statistik Leistungen Dritter (PaymentsByThird),0.0,0.0,0.0,OK,
TF18,Blanc Pierre,2025-04,MONTHLY,Statistik BVG-Beitrag AN (BVG-LPP-RegularContribution),-76.44,-76.44,0.0,OK,
TF18,Blanc Pierre,2025-04,MONTHLY,QST steuerbarer Lohn BE B0Y (TaxableEarning),1179.45,1179.45,0.0,OK,"Satz-Lohn 4859.35, QST 80.30"
TF19,Andrey Melanie,2025-04,MONTHLY,Statistik Grundlohn (GrossBaseSalaryAndRegularAllowance),2600.0,2600.0,0.0,OK,
TF19,Andrey Melanie,2025-04,MONTHLY,Statistik Zulagen (Allowances),0.0,0.0,0.0,OK,
TF19,Andrey Melanie,2025-04,MONTHLY,Statistik Familienzulagen (FamilyIncomeSupplement),0.0,0.0,0.0,OK,
TF19,Andrey Melanie,2025-04,MONTHLY,Statistik Leistungen Dritter (PaymentsByThird),0.0,0.0,0.0,OK,
TF19,Andrey Melanie,2025-04,MONTHLY,Statistik BVG-Beitrag AN (BVG-LPP-RegularContribution),-197.16,-197.16,0.0,OK,
TF19,Andrey Melanie,2025-04,MONTHLY,QST steuerbarer Lohn TI A0N (TaxableEarning),2600.0,2600.0,0.0,OK,"Satz-Lohn 4160.00, QST 91.00"
TF22,Bucher Elisabeth,2025-04,MONTHLY,Statistik Grundlohn (GrossBaseSalaryAndRegularAllowance),5307.6,5307.6,0.0,OK,
TF22,Bucher Elisabeth,2025-04,MONTHLY,Statistik Zulagen (Allowances),0.0,0.0,0.0,OK,
TF22,Bucher Elisabeth,2025-04,MONTHLY,Statistik Familienzulagen (FamilyIncomeSupplement),0.0,0.0,0.0,OK,
TF22,Bucher Elisabeth,2025-04,MONTHLY,Statistik Leistungen Dritter (PaymentsByThird),0.0,0.0,0.0,OK,
TF22,Bucher Elisabeth,2025-04,MONTHLY,Statistik BVG-Beitrag AN (BVG-LPP-RegularContribution),-320.83,-320.83,0.0,OK,
TF22,Bucher Elisabeth,2025-04,MONTHLY,QST steuerbarer Lohn TI A0N (TaxableEarning),5307.6,5307.6,0.0,OK,"Satz-Lohn 5012.75, QST 480.65"
TF23,Koller Ludwig,2025-04,MONTHLY,Statistik Grundlohn (GrossBaseSalaryAndRegularAllowance),5000.0,5000.0,0.0,OK,
TF23,Koller Ludwig,2025-04,MONTHLY,Statistik Zulagen (Allowances),0.0,0.0,0.0,OK,
TF23,Koller Ludwig,2025-04,MONTHLY,Statistik Familienzulagen (FamilyIncomeSupplement),0.0,0.0,0.0,OK,
TF23,Koller Ludwig,2025-04,MONTHLY,Statistik Leistungen Dritter (PaymentsByThird),0.0,0.0,0.0,OK,
TF23,Koller Ludwig,2025-04,MONTHLY,Statistik BVG-Beitrag AN (BVG-LPP-RegularContribution),-379.16,-379.16,0.0,OK,
TF23,Koller Ludwig,2025-04,MONTHLY,QST steuerbarer Lohn TI A0N (TaxableEarning),5000.0,5000.0,0.0,OK,"Satz-Lohn 7500.00, QST 615.00"
TF24,Utzinger Jan,2025-04,MONTHLY,Statistik Grundlohn (GrossBaseSalaryAndRegularAllowance),8000.0,8000.0,0.0,OK,
TF24,Utzinger Jan,2025-04,MONTHLY,Statistik Zulagen (Allowances),0.0,0.0,0.0,OK,
TF24,Utzinger Jan,2025-04,MONTHLY,Statistik Familienzulagen (FamilyIncomeSupplement),0.0,0.0,0.0,OK,
TF24,Utzinger Jan,2025-04,MONTHLY,Statistik Leistungen Dritter (PaymentsByThird),0.0,0.0,0.0,OK,
TF24,Utzinger Jan,2025-04,MONTHLY,Statistik BVG-Beitrag AN (BVG-LPP-RegularContribution),-606.67,-606.67,0.0,OK,
TF24,Utzinger Jan,2025-04,MONTHLY,QST steuerbarer Lohn TI B0N (TaxableEarning),8000.0,8000.0,0.0,OK,"Satz-Lohn 8000.00, QST 648.00"
TF25,Lehmann Nadine,2025-04,MONTHLY,Statistik Grundlohn (GrossBaseSalaryAndRegularAllowance),12000.0,12000.0,0.0,OK,
TF25,Lehmann Nadine,2025-04,MONTHLY,Statistik Zulagen (Allowances),0.0,0.0,0.0,OK,
TF25,Lehmann Nadine,2025-04,MONTHLY,Statistik Familienzulagen (FamilyIncomeSupplement),0.0,0.0,0.0,OK,
TF25,Lehmann Nadine,2025-04,MONTHLY,Statistik Leistungen Dritter (PaymentsByThird),0.0,0.0,0.0,OK,
TF25,Lehmann Nadine,2025-04,MONTHLY,Statistik BVG-Beitrag AN (BVG-LPP-RegularContribution),-910.0,-910.0,0.0,OK,
TF25,Lehmann Nadine,2025-04,MONTHLY,QST steuerbarer Lohn LU A0Y (TaxableEarning),10800.0,12000.0,-1200.0,DIFF,"Satz-Lohn 12000.00, QST 1637.30"
TF25,Lehmann Nadine,2025-04,MONTHLY,QST steuerbarer Lohn TI A0Y (TaxableEarning),0.0,12000.0,-12000.0,DIFF,"Satz-Lohn 0.00, QST 0.00"
TF26,Jenzer Marcel,2025-04,MONTHLY,Statistik Grundlohn (GrossBaseSalaryAndRegularAllowance),12000.0,12000.0,0.0,OK,
TF26,Jenzer Marcel,2025-04,MONTHLY,Statistik Zulagen (Allowances),0.0,0.0,0.0,OK,
TF26,Jenzer Marcel,2025-04,MONTHLY,Statistik Familienzulagen (FamilyIncomeSupplement),0.0,0.0,0.0,OK,
TF26,Jenzer Marcel,2025-04,MONTHLY,Statistik Leistungen Dritter (PaymentsByThird),0.0,0.0,0.0,OK,
TF26,Jenzer Marcel,2025-04,MONTHLY,Statistik BVG-Beitrag AN (BVG-LPP-RegularContribution),-910.0,-910.0,0.0,OK,
TF26,Jenzer Marcel,2025-04,MONTHLY,QST steuerbarer Lohn TI R0N (TaxableEarning),10800.0,12000.0,-1200.0,DIFF,"Satz-Lohn 11851.85, QST 1447.50"
TF28,Arbenz Esther,2025-04,MONTHLY,Statistik Grundlohn (GrossBaseSalaryAndRegularAllowance),6000.0,6000.0,0.0,OK,
TF28,Arbenz Esther,2025-04,MONTHLY,Statistik Zulagen (Allowances),0.0,0.0,0.0,OK,
TF28,Arbenz Esther,2025-04,MONTHLY,Statistik Familienzulagen (FamilyIncomeSupplement),0.0,0.0,0.0,OK,
TF28,Arbenz Esther,2025-04,MONTHLY,Statistik Leistungen Dritter (PaymentsByThird),0.0,0.0,0.0,OK,
TF28,Arbenz Esther,2025-04,MONTHLY,Statistik BVG-Beitrag AN (BVG-LPP-RegularContribution),-520.0,-520.0,0.0,OK,
TF28,Arbenz Esther,2025-04,MONTHLY,QST steuerbarer Lohn BE A0Y (TaxableEarning),4200.0,6000.0,-1800.0,DIFF,"Satz-Lohn 8000.00, QST 615.70"
TF29,Forster Moreno,2025-04,MONTHLY,Statistik Grundlohn (GrossBaseSalaryAndRegularAllowance),6000.0,6000.0,0.0,OK,
TF29,Forster Moreno,2025-04,MONTHLY,Statistik Zulagen (Allowances),0.0,0.0,0.0,OK,
TF29,Forster Moreno,2025-04,MONTHLY,Statistik Familienzulagen (FamilyIncomeSupplement),0.0,0.0,0.0,OK,
TF29,Forster Moreno,2025-04,MONTHLY,Statistik Leistungen Dritter (PaymentsByThird),0.0,0.0,0.0,OK,
TF29,Forster Moreno,2025-04,MONTHLY,Statistik BVG-Beitrag AN (BVG-LPP-RegularContribution),-455.0,-455.0,0.0,OK,
TF29,Forster Moreno,2025-04,MONTHLY,QST steuerbarer Lohn TI A0N (TaxableEarning),4200.0,6000.0,-1800.0,DIFF,"Satz-Lohn 9666.65, QST 613.20"
TF30,Müller Heinrich,2025-04,MONTHLY,Statistik Grundlohn (GrossBaseSalaryAndRegularAllowance),0.0,0.0,0.0,OK,
TF30,Müller Heinrich,2025-04,MONTHLY,Statistik Zulagen (Allowances),0.0,0.0,0.0,OK,
TF30,Müller Heinrich,2025-04,MONTHLY,Statistik Familienzulagen (FamilyIncomeSupplement),0.0,0.0,0.0,OK,
TF30,Müller Heinrich,2025-04,MONTHLY,Statistik Leistungen Dritter (PaymentsByThird),0.0,0.0,0.0,OK,
TF30,Müller Heinrich,2025-04,MONTHLY,Statistik BVG-Beitrag AN (BVG-LPP-RegularContribution),0.0,-0.0,0.0,OK,
TF30,Müller Heinrich,2025-04,MONTHLY,QST steuerbarer Lohn BE None (TaxableEarning),5500.0,5500.0,0.0,OK,"Satz-Lohn 5500.00, QST 1622.50"
TF31,Bolletto Franca,2025-04,MONTHLY,Statistik Grundlohn (GrossBaseSalaryAndRegularAllowance),5000.0,5000.0,0.0,OK,
TF31,Bolletto Franca,2025-04,MONTHLY,Statistik Zulagen (Allowances),0.0,0.0,0.0,OK,
TF31,Bolletto Franca,2025-04,MONTHLY,Statistik Familienzulagen (FamilyIncomeSupplement),0.0,0.0,0.0,OK,
TF31,Bolletto Franca,2025-04,MONTHLY,Statistik Leistungen Dritter (PaymentsByThird),0.0,0.0,0.0,OK,
TF31,Bolletto Franca,2025-04,MONTHLY,Statistik BVG-Beitrag AN (BVG-LPP-RegularContribution),-325.0,-325.0,0.0,OK,
TF31,Bolletto Franca,2025-04,MONTHLY,QST steuerbarer Lohn VD A0N (TaxableEarning),5000.0,5000.0,0.0,OK,"Satz-Lohn 5000.00, QST 419.00"
TF33,Châtelain Pierre,2025-04,MONTHLY,Statistik Grundlohn (GrossBaseSalaryAndRegularAllowance),5000.0,5000.0,0.0,OK,
TF33,Châtelain Pierre,2025-04,MONTHLY,Statistik Zulagen (Allowances),0.0,0.0,0.0,OK,
TF33,Châtelain Pierre,2025-04,MONTHLY,Statistik Familienzulagen (FamilyIncomeSupplement),0.0,0.0,0.0,OK,
TF33,Châtelain Pierre,2025-04,MONTHLY,Statistik Leistungen Dritter (PaymentsByThird),0.0,0.0,0.0,OK,
TF33,Châtelain Pierre,2025-04,MONTHLY,Statistik BVG-Beitrag AN (BVG-LPP-RegularContribution),-379.17,-379.17,0.0,OK,
TF33,Châtelain Pierre,2025-04,MONTHLY,QST steuerbarer Lohn BE A0Y (TaxableEarning),5000.0,5000.0,0.0,OK,"Satz-Lohn 5000.00, QST 547.50"
TF34,Rinaldi Massimo,2025-04,MONTHLY,Statistik Grundlohn (GrossBaseSalaryAndRegularAllowance),5000.0,5000.0,0.0,OK,
TF34,Rinaldi Massimo,2025-04,MONTHLY,Statistik Zulagen (Allowances),0.0,0.0,0.0,OK,
TF34,Rinaldi Massimo,2025-04,MONTHLY,Statistik Familienzulagen (FamilyIncomeSupplement),0.0,0.0,0.0,OK,
TF34,Rinaldi Massimo,2025-04,MONTHLY,Statistik Leistungen Dritter (PaymentsByThird),0.0,0.0,0.0,OK,
TF34,Rinaldi Massimo,2025-04,MONTHLY,Statistik BVG-Beitrag AN (BVG-LPP-RegularContribution),0.0,-0.0,0.0,OK,
TF34,Rinaldi Massimo,2025-04,MONTHLY,QST steuerbarer Lohn TI A0N (TaxableEarning),5000.0,5000.0,0.0,OK,"Satz-Lohn 5000.00, QST 425.00"
TF35,Roos Roland,2025-04,MONTHLY,Statistik Grundlohn (GrossBaseSalaryAndRegularAllowance),5000.0,5000.0,0.0,OK,
TF35,Roos Roland,2025-04,MONTHLY,Statistik Zulagen (Allowances),0.0,0.0,0.0,OK,
TF35,Roos Roland,2025-04,MONTHLY,Statistik Familienzulagen (FamilyIncomeSupplement),0.0,0.0,0.0,OK,
TF35,Roos Roland,2025-04,MONTHLY,Statistik Leistungen Dritter (PaymentsByThird),0.0,0.0,0.0,OK,
TF35,Roos Roland,2025-04,MONTHLY,Statistik BVG-Beitrag AN (BVG-LPP-RegularContribution),-379.17,-379.17,0.0,OK,
TF35,Roos Roland,2025-04,MONTHLY,QST steuerbarer Lohn TI A0N (TaxableEarning),5000.0,5000.0,0.0,OK,"Satz-Lohn 7500.00, QST 615.00"
TF36,Maldini Fabio,2025-04,MONTHLY,Statistik Grundlohn (GrossBaseSalaryAndRegularAllowance),5000.0,5000.0,0.0,OK,
TF36,Maldini Fabio,2025-04,MONTHLY,Statistik Zulagen (Allowances),0.0,0.0,0.0,OK,
TF36,Maldini Fabio,2025-04,MONTHLY,Statistik Familienzulagen (FamilyIncomeSupplement),0.0,0.0,0.0,OK,
TF36,Maldini Fabio,2025-04,MONTHLY,Statistik Leistungen Dritter (PaymentsByThird),0.0,0.0,0.0,OK,
TF36,Maldini Fabio,2025-04,MONTHLY,Statistik BVG-Beitrag AN (BVG-LPP-RegularContribution),-433.33,-433.33,0.0,OK,
TF36,Maldini Fabio,2025-04,MONTHLY,QST steuerbarer Lohn BE A0Y (TaxableEarning),5000.0,5000.0,0.0,OK,"Satz-Lohn 5000.00, QST 547.50"
TF38,Jung Claude,2025-04,MONTHLY,Statistik Grundlohn (GrossBaseSalaryAndRegularAllowance),3000.0,3000.0,0.0,OK,
TF38,Jung Claude,2025-04,MONTHLY,Statistik Zulagen (Allowances),0.0,0.0,0.0,OK,
TF38,Jung Claude,2025-04,MONTHLY,Statistik Familienzulagen (FamilyIncomeSupplement),0.0,0.0,0.0,OK,
TF38,Jung Claude,2025-04,MONTHLY,Statistik Leistungen Dritter (PaymentsByThird),0.0,0.0,0.0,OK,
TF38,Jung Claude,2025-04,MONTHLY,Statistik BVG-Beitrag AN (BVG-LPP-RegularContribution),-393.33,-393.33,0.0,OK,
TF38,Jung Claude,2025-04,MONTHLY,QST steuerbarer Lohn BE A0Y (TaxableEarning),3000.0,3000.0,0.0,OK,"Satz-Lohn 3000.00, QST 171.60"
TF39,Hasler Harald,2025-04,MONTHLY,Statistik Grundlohn (GrossBaseSalaryAndRegularAllowance),0.0,0.0,0.0,OK,
TF39,Hasler Harald,2025-04,MONTHLY,Statistik Zulagen (Allowances),0.0,0.0,0.0,OK,
TF39,Hasler Harald,2025-04,MONTHLY,Statistik Familienzulagen (FamilyIncomeSupplement),0.0,0.0,0.0,OK,
TF39,Hasler Harald,2025-04,MONTHLY,Statistik Leistungen Dritter (PaymentsByThird),0.0,0.0,0.0,OK,
TF39,Hasler Harald,2025-04,MONTHLY,Statistik BVG-Beitrag AN (BVG-LPP-RegularContribution),0.0,-0.0,0.0,OK,
TF39,Hasler Harald,2025-04,MONTHLY,QST steuerbarer Lohn BE None (TaxableEarning),10000.0,10000.0,0.0,OK,"Satz-Lohn 10000.00, QST 2300.00"
TF44,Lusser Hans,2025-04,MONTHLY,Statistik Grundlohn (GrossBaseSalaryAndRegularAllowance),1500.0,1500.0,0.0,OK,
TF44,Lusser Hans,2025-04,MONTHLY,Statistik Zulagen (Allowances),0.0,0.0,0.0,OK,
TF44,Lusser Hans,2025-04,MONTHLY,Statistik Familienzulagen (FamilyIncomeSupplement),0.0,0.0,0.0,OK,
TF44,Lusser Hans,2025-04,MONTHLY,Statistik Leistungen Dritter (PaymentsByThird),0.0,0.0,0.0,OK,
TF44,Lusser Hans,2025-04,MONTHLY,Statistik BVG-Beitrag AN (BVG-LPP-RegularContribution),0.0,-0.0,0.0,OK,
TF01,Herz Monica,2025-05,RETRO,AHV-Basis (AHV-AVS-BaseSalary),35359.3,35359.3,0.0,OK,
TF01,Herz Monica,2025-05,RETRO,FAK-Basis (FAK-CAF-ContributorySalary),35359.3,35359.3,0.0,OK,
TF01,Herz Monica,2025-05,RETRO,FAK Kinderzulagen wiederkehrend (3000),0.0,0.0,0.0,OK,
TF01,Herz Monica,2025-05,RETRO,FAK Zulagen einmalig (3001+3034),0.0,0.0,0.0,OK,
TF01,Herz Monica,2025-05,RETRO,UVG-Bruttolohn (UVG-LAA-GrossSalary),39359.3,39359.3,0.0,OK,
TF01,Herz Monica,2025-05,RETRO,UVG-Basis (UVG-LAA-BaseSalary),32859.3,32859.3,0.0,OK,
TF01,Herz Monica,2025-05,RETRO,UVGZ-Basis (UVGZ-LAAC-BaseSalary),32859.3,32859.3,0.0,OK,
TF01,Herz Monica,2025-05,RETRO,KTG-Referenzlohn (Reference-AHV-AVS-Salary),35359.3,35359.3,0.0,OK,
TF01,Herz Monica,2025-05,RETRO,"Lohnausweis Bruttolohn (GrossIncome, Ziff. 8)",39359.3,39359.3,0.0,OK,
TF01,Herz Monica,2025-05,RETRO,Lohnausweis BVG ordentlich (Ziff. 10.1 = 5050+1972),2205.0,2205.0,0.0,OK,
TF02,Paganini Maria,2025-05,RETRO,AHV-Basis (AHV-AVS-BaseSalary),24954.2,24954.2,0.0,OK,
TF02,Paganini Maria,2025-05,RETRO,FAK-Basis (FAK-CAF-ContributorySalary),24954.2,24954.2,0.0,OK,
TF02,Paganini Maria,2025-05,RETRO,FAK Kinderzulagen wiederkehrend (3000),1075.0,1075.0,0.0,OK,
TF02,Paganini Maria,2025-05,RETRO,FAK Zulagen einmalig (3001+3034),0.0,0.0,0.0,OK,
TF02,Paganini Maria,2025-05,RETRO,UVG-Bruttolohn (UVG-LAA-GrossSalary),24829.2,24829.2,0.0,OK,
TF02,Paganini Maria,2025-05,RETRO,UVG-Basis (UVG-LAA-BaseSalary),24954.2,24954.2,0.0,OK,
TF02,Paganini Maria,2025-05,RETRO,UVGZ-Basis (UVGZ-LAAC-BaseSalary),24954.2,24954.2,0.0,OK,
TF02,Paganini Maria,2025-05,RETRO,KTG-Referenzlohn (Reference-AHV-AVS-Salary),24954.2,24954.2,0.0,OK,
TF02,Paganini Maria,2025-05,RETRO,"Lohnausweis Bruttolohn (GrossIncome, Ziff. 8)",24829.2,24829.2,0.0,OK,
TF02,Paganini Maria,2025-05,RETRO,Lohnausweis BVG ordentlich (Ziff. 10.1 = 5050+1972),2041.65,2041.65,0.0,OK,
TF03,Lusser Pia,2025-05,RETRO,AHV-Basis (AHV-AVS-BaseSalary),64700.0,64700.0,0.0,OK,
TF03,Lusser Pia,2025-05,RETRO,FAK-Basis (FAK-CAF-ContributorySalary),64700.0,64700.0,0.0,OK,
TF03,Lusser Pia,2025-05,RETRO,FAK Kinderzulagen wiederkehrend (3000),0.0,0.0,0.0,OK,
TF03,Lusser Pia,2025-05,RETRO,FAK Zulagen einmalig (3001+3034),0.0,0.0,0.0,OK,
TF03,Lusser Pia,2025-05,RETRO,UVG-Bruttolohn (UVG-LAA-GrossSalary),70700.0,70700.0,0.0,OK,
TF03,Lusser Pia,2025-05,RETRO,UVG-Basis (UVG-LAA-BaseSalary),64700.0,64700.0,0.0,OK,
TF03,Lusser Pia,2025-05,RETRO,UVGZ-Basis (UVGZ-LAAC-BaseSalary),64700.0,64700.0,0.0,OK,
TF03,Lusser Pia,2025-05,RETRO,KTG-Referenzlohn (Reference-AHV-AVS-Salary),64700.0,64700.0,0.0,OK,
TF03,Lusser Pia,2025-05,RETRO,"Lohnausweis Bruttolohn (GrossIncome, Ziff. 8)",70700.0,70700.0,0.0,OK,
TF03,Lusser Pia,2025-05,RETRO,Lohnausweis BVG ordentlich (Ziff. 10.1 = 5050+1972),1925.0,1925.0,0.0,OK,
TF04,Fankhauser Markus,2025-05,RETRO,AHV-Basis (AHV-AVS-BaseSalary),150000.0,150000.0,0.0,OK,
TF04,Fankhauser Markus,2025-05,RETRO,FAK-Basis (FAK-CAF-ContributorySalary),150000.0,150000.0,0.0,OK,
TF04,Fankhauser Markus,2025-05,RETRO,FAK Kinderzulagen wiederkehrend (3000),0.0,0.0,0.0,OK,
TF04,Fankhauser Markus,2025-05,RETRO,FAK Zulagen einmalig (3001+3034),0.0,0.0,0.0,OK,
TF04,Fankhauser Markus,2025-05,RETRO,UVG-Bruttolohn (UVG-LAA-GrossSalary),150000.0,150000.0,0.0,OK,
TF04,Fankhauser Markus,2025-05,RETRO,UVG-Basis (UVG-LAA-BaseSalary),150000.0,150000.0,0.0,OK,
TF04,Fankhauser Markus,2025-05,RETRO,UVGZ-Basis (UVGZ-LAAC-BaseSalary),150000.0,150000.0,0.0,OK,
TF04,Fankhauser Markus,2025-05,RETRO,KTG-Referenzlohn (Reference-AHV-AVS-Salary),150000.0,150000.0,0.0,OK,
TF04,Fankhauser Markus,2025-05,RETRO,"Lohnausweis Bruttolohn (GrossIncome, Ziff. 8)",150000.0,150000.0,0.0,OK,
TF04,Fankhauser Markus,2025-05,RETRO,Lohnausweis BVG ordentlich (Ziff. 10.1 = 5050+1972),14000.0,14000.0,0.0,OK,
TF05,Moser Johann,2025-05,RETRO,FAK-Basis (FAK-CAF-ContributorySalary),5400.0,6750.0,-1350.0,DIFF,
TF05,Moser Johann,2025-05,RETRO,FAK Kinderzulagen wiederkehrend (3000),0.0,0.0,0.0,OK,
TF05,Moser Johann,2025-05,RETRO,FAK Zulagen einmalig (3001+3034),0.0,0.0,0.0,OK,
TF05,Moser Johann,2025-05,RETRO,UVG-Bruttolohn (UVG-LAA-GrossSalary),6750.0,6750.0,0.0,OK,
TF05,Moser Johann,2025-05,RETRO,UVG-Basis (UVG-LAA-BaseSalary),6750.0,6750.0,0.0,OK,
TF05,Moser Johann,2025-05,RETRO,UVGZ-Basis (UVGZ-LAAC-BaseSalary),6750.0,6750.0,0.0,OK,
TF05,Moser Johann,2025-05,RETRO,KTG-Referenzlohn (Reference-AHV-AVS-Salary),6750.0,6750.0,0.0,OK,
TF05,Moser Johann,2025-05,RETRO,"Lohnausweis Bruttolohn (GrossIncome, Ziff. 8)",6750.0,6750.0,0.0,OK,
TF05,Moser Johann,2025-05,RETRO,Lohnausweis BVG ordentlich (Ziff. 10.1 = 5050+1972),468.0,468.0,0.0,OK,
TF06,Zahnd Anita,2025-05,RETRO,AHV-Basis (AHV-AVS-BaseSalary),67500.0,67500.0,0.0,OK,
TF06,Zahnd Anita,2025-05,RETRO,FAK-Basis (FAK-CAF-ContributorySalary),67500.0,67500.0,0.0,OK,
TF06,Zahnd Anita,2025-05,RETRO,FAK Kinderzulagen wiederkehrend (3000),0.0,0.0,0.0,OK,
TF06,Zahnd Anita,2025-05,RETRO,FAK Zulagen einmalig (3001+3034),0.0,0.0,0.0,OK,
TF06,Zahnd Anita,2025-05,RETRO,UVG-Bruttolohn (UVG-LAA-GrossSalary),67500.0,67500.0,0.0,OK,
TF06,Zahnd Anita,2025-05,RETRO,UVG-Basis (UVG-LAA-BaseSalary),67500.0,67500.0,0.0,OK,
TF06,Zahnd Anita,2025-05,RETRO,UVGZ-Basis (UVGZ-LAAC-BaseSalary),67500.0,67500.0,0.0,OK,
TF06,Zahnd Anita,2025-05,RETRO,KTG-Referenzlohn (Reference-AHV-AVS-Salary),67500.0,67500.0,0.0,OK,
TF06,Zahnd Anita,2025-05,RETRO,"Lohnausweis Bruttolohn (GrossIncome, Ziff. 8)",67500.0,67500.0,0.0,OK,
TF06,Zahnd Anita,2025-05,RETRO,Lohnausweis BVG ordentlich (Ziff. 10.1 = 5050+1972),5400.0,5400.0,0.0,OK,
TF07,Burri Heidi,2025-05,RETRO,AHV-Basis (AHV-AVS-BaseSalary),5500.0,5500.0,0.0,OK,
TF07,Burri Heidi,2025-05,RETRO,FAK-Basis (FAK-CAF-ContributorySalary),5500.0,5500.0,0.0,OK,
TF07,Burri Heidi,2025-05,RETRO,FAK Kinderzulagen wiederkehrend (3000),0.0,0.0,0.0,OK,
TF07,Burri Heidi,2025-05,RETRO,FAK Zulagen einmalig (3001+3034),0.0,0.0,0.0,OK,
TF07,Burri Heidi,2025-05,RETRO,UVG-Bruttolohn (UVG-LAA-GrossSalary),15000.0,15000.0,0.0,OK,
TF07,Burri Heidi,2025-05,RETRO,UVG-Basis (UVG-LAA-BaseSalary),5500.0,5500.0,0.0,OK,
TF07,Burri Heidi,2025-05,RETRO,UVGZ-Basis (UVGZ-LAAC-BaseSalary),5500.0,5500.0,0.0,OK,
TF07,Burri Heidi,2025-05,RETRO,KTG-Referenzlohn (Reference-AHV-AVS-Salary),5500.0,5500.0,0.0,OK,
TF07,Burri Heidi,2025-05,RETRO,"Lohnausweis Bruttolohn (GrossIncome, Ziff. 8)",15000.0,15000.0,0.0,OK,
TF07,Burri Heidi,2025-05,RETRO,Lohnausweis BVG ordentlich (Ziff. 10.1 = 5050+1972),0.0,0.0,0.0,OK,
TF08,Lamon René,2025-05,RETRO,AHV-Basis (AHV-AVS-BaseSalary),51817.0,51817.0,0.0,OK,
TF08,Lamon René,2025-05,RETRO,FAK-Basis (FAK-CAF-ContributorySalary),51817.0,51817.0,0.0,OK,
TF08,Lamon René,2025-05,RETRO,FAK Kinderzulagen wiederkehrend (3000),1250.0,1250.0,0.0,OK,
TF08,Lamon René,2025-05,RETRO,FAK Zulagen einmalig (3001+3034),0.0,0.0,0.0,OK,
TF08,Lamon René,2025-05,RETRO,UVG-Bruttolohn (UVG-LAA-GrossSalary),53067.0,53067.0,0.0,OK,
TF08,Lamon René,2025-05,RETRO,UVG-Basis (UVG-LAA-BaseSalary),51817.0,51817.0,0.0,OK,
TF08,Lamon René,2025-05,RETRO,UVGZ-Basis (UVGZ-LAAC-BaseSalary),51817.0,51817.0,0.0,OK,
TF08,Lamon René,2025-05,RETRO,KTG-Referenzlohn (Reference-AHV-AVS-Salary),51817.0,51817.0,0.0,OK,
TF08,Lamon René,2025-05,RETRO,"Lohnausweis Bruttolohn (GrossIncome, Ziff. 8)",53067.0,53067.0,0.0,OK,
TF08,Lamon René,2025-05,RETRO,Lohnausweis BVG ordentlich (Ziff. 10.1 = 5050+1972),3755.45,3755.45,0.0,OK,
TF09,Estermann Michael,2025-05,RETRO,FAK-Basis (FAK-CAF-ContributorySalary),38000.0,45000.0,-7000.0,DIFF,
TF09,Estermann Michael,2025-05,RETRO,FAK Kinderzulagen wiederkehrend (3000),0.0,0.0,0.0,OK,
TF09,Estermann Michael,2025-05,RETRO,FAK Zulagen einmalig (3001+3034),0.0,0.0,0.0,OK,
TF09,Estermann Michael,2025-05,RETRO,UVG-Bruttolohn (UVG-LAA-GrossSalary),45000.0,45000.0,0.0,OK,
TF09,Estermann Michael,2025-05,RETRO,UVG-Basis (UVG-LAA-BaseSalary),45000.0,45000.0,0.0,OK,
TF09,Estermann Michael,2025-05,RETRO,UVGZ-Basis (UVGZ-LAAC-BaseSalary),45000.0,45000.0,0.0,OK,
TF09,Estermann Michael,2025-05,RETRO,KTG-Referenzlohn (Reference-AHV-AVS-Salary),45000.0,45000.0,0.0,OK,
TF09,Estermann Michael,2025-05,RETRO,"Lohnausweis Bruttolohn (GrossIncome, Ziff. 8)",45000.0,45000.0,0.0,OK,
TF09,Estermann Michael,2025-05,RETRO,Lohnausweis BVG ordentlich (Ziff. 10.1 = 5050+1972),0.0,0.0,0.0,OK,
TF10,Ganz Heinz,2025-05,RETRO,AHV-Basis (AHV-AVS-BaseSalary),25600.0,25600.0,0.0,OK,
TF10,Ganz Heinz,2025-05,RETRO,FAK-Basis (FAK-CAF-ContributorySalary),25600.0,25600.0,0.0,OK,
TF10,Ganz Heinz,2025-05,RETRO,FAK Kinderzulagen wiederkehrend (3000),0.0,0.0,0.0,OK,
TF10,Ganz Heinz,2025-05,RETRO,FAK Zulagen einmalig (3001+3034),0.0,0.0,0.0,OK,
TF10,Ganz Heinz,2025-05,RETRO,UVG-Bruttolohn (UVG-LAA-GrossSalary),25000.0,25000.0,0.0,OK,
TF10,Ganz Heinz,2025-05,RETRO,UVG-Basis (UVG-LAA-BaseSalary),24600.0,24600.0,0.0,OK,
TF10,Ganz Heinz,2025-05,RETRO,UVGZ-Basis (UVGZ-LAAC-BaseSalary),24600.0,24600.0,0.0,OK,
TF10,Ganz Heinz,2025-05,RETRO,KTG-Referenzlohn (Reference-AHV-AVS-Salary),25600.0,25600.0,0.0,OK,
TF10,Ganz Heinz,2025-05,RETRO,"Lohnausweis Bruttolohn (GrossIncome, Ziff. 8)",25000.0,25000.0,0.0,OK,
TF10,Ganz Heinz,2025-05,RETRO,Lohnausweis BVG ordentlich (Ziff. 10.1 = 5050+1972),1792.0,1792.0,0.0,OK,
TF11,Bosshard Peter,2025-05,RETRO,AHV-Basis (AHV-AVS-BaseSalary),95150.0,75150.0,20000.0,DIFF,
TF11,Bosshard Peter,2025-05,RETRO,FAK-Basis (FAK-CAF-ContributorySalary),95150.0,75150.0,20000.0,DIFF,
TF11,Bosshard Peter,2025-05,RETRO,FAK Kinderzulagen wiederkehrend (3000),1945.0,1945.0,0.0,OK,
TF11,Bosshard Peter,2025-05,RETRO,FAK Zulagen einmalig (3001+3034),1000.0,1000.0,0.0,OK,
TF11,Bosshard Peter,2025-05,RETRO,UVG-Bruttolohn (UVG-LAA-GrossSalary),148095.0,128095.0,20000.0,DIFF,
TF11,Bosshard Peter,2025-05,RETRO,UVG-Basis (UVG-LAA-BaseSalary),95150.0,75150.0,20000.0,DIFF,
TF11,Bosshard Peter,2025-05,RETRO,UVGZ-Basis (UVGZ-LAAC-BaseSalary),190300.0,75150.0,115150.0,DIFF,
TF11,Bosshard Peter,2025-05,RETRO,KTG-Referenzlohn (Reference-AHV-AVS-Salary),190300.0,75150.0,115150.0,DIFF,
TF11,Bosshard Peter,2025-05,RETRO,"Lohnausweis Bruttolohn (GrossIncome, Ziff. 8)",148095.0,128095.0,20000.0,DIFF,
TF11,Bosshard Peter,2025-05,RETRO,Lohnausweis BVG ordentlich (Ziff. 10.1 = 5050+1972),4322.5,4322.5,0.0,OK,
TF11,Bosshard Peter,2025-05,RETRO,Lohnausweis BVG Einkauf (Ziff. 10.2 = 1973),5000.0,5000.0,0.0,OK,
TF12,Casanova Renato,2025-05,RETRO,AHV-Basis (AHV-AVS-BaseSalary),41000.0,41000.0,0.0,OK,
TF12,Casanova Renato,2025-05,RETRO,FAK-Basis (FAK-CAF-ContributorySalary),41000.0,41000.0,0.0,OK,
TF12,Casanova Renato,2025-05,RETRO,FAK Kinderzulagen wiederkehrend (3000),0.0,0.0,0.0,OK,
TF12,Casanova Renato,2025-05,RETRO,FAK Zulagen einmalig (3001+3034),0.0,0.0,0.0,OK,
TF12,Casanova Renato,2025-05,RETRO,UVG-Bruttolohn (UVG-LAA-GrossSalary),43000.0,43000.0,0.0,OK,
TF12,Casanova Renato,2025-05,RETRO,UVG-Basis (UVG-LAA-BaseSalary),41000.0,41000.0,0.0,OK,
TF12,Casanova Renato,2025-05,RETRO,UVGZ-Basis (UVGZ-LAAC-BaseSalary),41000.0,41000.0,0.0,OK,
TF12,Casanova Renato,2025-05,RETRO,KTG-Referenzlohn (Reference-AHV-AVS-Salary),41000.0,41000.0,0.0,OK,
TF12,Casanova Renato,2025-05,RETRO,"Lohnausweis Bruttolohn (GrossIncome, Ziff. 8)",41000.0,43000.0,-2000.0,DIFF,
TF12,Casanova Renato,2025-05,RETRO,Lohnausweis BVG ordentlich (Ziff. 10.1 = 5050+1972),3598.0,3598.0,0.0,OK,
TF13,Combertaldi Renato,2025-05,RETRO,UVG-Bruttolohn (UVG-LAA-GrossSalary),11180.0,11180.0,0.0,OK,
TF13,Combertaldi Renato,2025-05,RETRO,UVG-Basis (UVG-LAA-BaseSalary),11180.0,11180.0,0.0,OK,
TF13,Combertaldi Renato,2025-05,RETRO,UVGZ-Basis (UVGZ-LAAC-BaseSalary),11180.0,11180.0,0.0,OK,
TF13,Combertaldi Renato,2025-05,RETRO,KTG-Referenzlohn (Reference-AHV-AVS-Salary),11180.0,11180.0,0.0,OK,
TF13,Combertaldi Renato,2025-05,RETRO,"Lohnausweis Bruttolohn (GrossIncome, Ziff. 8)",11180.0,11180.0,0.0,OK,
TF13,Combertaldi Renato,2025-05,RETRO,Lohnausweis BVG ordentlich (Ziff. 10.1 = 5050+1972),0.0,0.0,0.0,OK,
TF14,Egli Anna,2025-05,RETRO,UVG-Bruttolohn (UVG-LAA-GrossSalary),19165.75,19165.75,0.0,OK,
TF14,Egli Anna,2025-05,RETRO,UVG-Basis (UVG-LAA-BaseSalary),19165.75,19165.75,0.0,OK,
TF14,Egli Anna,2025-05,RETRO,UVGZ-Basis (UVGZ-LAAC-BaseSalary),19165.75,19165.75,0.0,OK,
TF14,Egli Anna,2025-05,RETRO,KTG-Referenzlohn (Reference-AHV-AVS-Salary),19165.75,19165.75,0.0,OK,
TF14,Egli Anna,2025-05,RETRO,"Lohnausweis Bruttolohn (GrossIncome, Ziff. 8)",19165.75,19165.75,0.0,OK,
TF14,Egli Anna,2025-05,RETRO,Lohnausweis BVG ordentlich (Ziff. 10.1 = 5050+1972),0.0,0.0,0.0,OK,
TF15,Degelo Lorenz,2025-05,RETRO,AHV-Basis (AHV-AVS-BaseSalary),2800.35,2800.35,0.0,OK,
TF15,Degelo Lorenz,2025-05,RETRO,FAK-Basis (FAK-CAF-ContributorySalary),2800.35,2800.35,0.0,OK,
TF15,Degelo Lorenz,2025-05,RETRO,FAK Kinderzulagen wiederkehrend (3000),0.0,0.0,0.0,OK,
TF15,Degelo Lorenz,2025-05,RETRO,FAK Zulagen einmalig (3001+3034),0.0,0.0,0.0,OK,
TF15,Degelo Lorenz,2025-05,RETRO,UVG-Bruttolohn (UVG-LAA-GrossSalary),2800.35,2800.35,0.0,OK,
TF15,Degelo Lorenz,2025-05,RETRO,UVG-Basis (UVG-LAA-BaseSalary),2800.35,2800.35,0.0,OK,
TF15,Degelo Lorenz,2025-05,RETRO,UVGZ-Basis (UVGZ-LAAC-BaseSalary),2800.35,2800.35,0.0,OK,
TF15,Degelo Lorenz,2025-05,RETRO,KTG-Referenzlohn (Reference-AHV-AVS-Salary),2800.35,2800.35,0.0,OK,
TF15,Degelo Lorenz,2025-05,RETRO,"Lohnausweis Bruttolohn (GrossIncome, Ziff. 8)",2800.35,2800.35,0.0,OK,
TF15,Degelo Lorenz,2025-05,RETRO,Lohnausweis BVG ordentlich (Ziff. 10.1 = 5050+1972),0.0,0.0,0.0,OK,
TF16,Aebi Anna,2025-05,RETRO,FAK-Basis (FAK-CAF-ContributorySalary),30365.05,34565.05,-4200.0,DIFF,
TF16,Aebi Anna,2025-05,RETRO,FAK Kinderzulagen wiederkehrend (3000),0.0,0.0,0.0,OK,
TF16,Aebi Anna,2025-05,RETRO,FAK Zulagen einmalig (3001+3034),0.0,0.0,0.0,OK,
TF16,Aebi Anna,2025-05,RETRO,UVG-Bruttolohn (UVG-LAA-GrossSalary),34565.05,34565.05,0.0,OK,
TF16,Aebi Anna,2025-05,RETRO,UVG-Basis (UVG-LAA-BaseSalary),34565.05,34565.05,0.0,OK,
TF16,Aebi Anna,2025-05,RETRO,UVGZ-Basis (UVGZ-LAAC-BaseSalary),34565.05,34565.05,0.0,OK,
TF16,Aebi Anna,2025-05,RETRO,KTG-Referenzlohn (Reference-AHV-AVS-Salary),34565.05,34565.05,0.0,OK,
TF16,Aebi Anna,2025-05,RETRO,"Lohnausweis Bruttolohn (GrossIncome, Ziff. 8)",34565.05,34565.05,0.0,OK,
TF16,Aebi Anna,2025-05,RETRO,Lohnausweis BVG ordentlich (Ziff. 10.1 = 5050+1972),0.0,0.0,0.0,OK,
TF17,Binggeli Fritz,2025-05,RETRO,AHV-Basis (AHV-AVS-BaseSalary),22750.0,22750.0,0.0,OK,
TF17,Binggeli Fritz,2025-05,RETRO,FAK-Basis (FAK-CAF-ContributorySalary),22750.0,22750.0,0.0,OK,
TF17,Binggeli Fritz,2025-05,RETRO,FAK Kinderzulagen wiederkehrend (3000),0.0,0.0,0.0,OK,
TF17,Binggeli Fritz,2025-05,RETRO,FAK Zulagen einmalig (3001+3034),0.0,0.0,0.0,OK,
TF17,Binggeli Fritz,2025-05,RETRO,UVG-Bruttolohn (UVG-LAA-GrossSalary),22750.0,22750.0,0.0,OK,
TF17,Binggeli Fritz,2025-05,RETRO,UVG-Basis (UVG-LAA-BaseSalary),22750.0,22750.0,0.0,OK,
TF17,Binggeli Fritz,2025-05,RETRO,UVGZ-Basis (UVGZ-LAAC-BaseSalary),22750.0,22750.0,0.0,OK,
TF17,Binggeli Fritz,2025-05,RETRO,KTG-Referenzlohn (Reference-AHV-AVS-Salary),22750.0,22750.0,0.0,OK,
TF17,Binggeli Fritz,2025-05,RETRO,"Lohnausweis Bruttolohn (GrossIncome, Ziff. 8)",22750.0,22750.0,0.0,OK,
TF17,Binggeli Fritz,2025-05,RETRO,Lohnausweis BVG ordentlich (Ziff. 10.1 = 5050+1972),1592.5,1592.5,0.0,OK,
TF18,Blanc Pierre,2025-05,RETRO,AHV-Basis (AHV-AVS-BaseSalary),5897.25,5897.25,0.0,OK,
TF18,Blanc Pierre,2025-05,RETRO,FAK-Basis (FAK-CAF-ContributorySalary),5897.25,5897.25,0.0,OK,
TF18,Blanc Pierre,2025-05,RETRO,FAK Kinderzulagen wiederkehrend (3000),0.0,0.0,0.0,OK,
TF18,Blanc Pierre,2025-05,RETRO,FAK Zulagen einmalig (3001+3034),0.0,0.0,0.0,OK,
TF18,Blanc Pierre,2025-05,RETRO,UVG-Bruttolohn (UVG-LAA-GrossSalary),5897.25,5897.25,0.0,OK,
TF18,Blanc Pierre,2025-05,RETRO,UVG-Basis (UVG-LAA-BaseSalary),5897.25,5897.25,0.0,OK,
TF18,Blanc Pierre,2025-05,RETRO,UVGZ-Basis (UVGZ-LAAC-BaseSalary),5897.25,5897.25,0.0,OK,
TF18,Blanc Pierre,2025-05,RETRO,KTG-Referenzlohn (Reference-AHV-AVS-Salary),5897.25,5897.25,0.0,OK,
TF18,Blanc Pierre,2025-05,RETRO,"Lohnausweis Bruttolohn (GrossIncome, Ziff. 8)",5897.25,5897.25,0.0,OK,
TF18,Blanc Pierre,2025-05,RETRO,Lohnausweis BVG ordentlich (Ziff. 10.1 = 5050+1972),382.2,382.2,0.0,OK,
TF19,Andrey Melanie,2025-05,RETRO,AHV-Basis (AHV-AVS-BaseSalary),13000.0,13000.0,0.0,OK,
TF19,Andrey Melanie,2025-05,RETRO,FAK-Basis (FAK-CAF-ContributorySalary),13000.0,13000.0,0.0,OK,
TF19,Andrey Melanie,2025-05,RETRO,FAK Kinderzulagen wiederkehrend (3000),0.0,0.0,0.0,OK,
TF19,Andrey Melanie,2025-05,RETRO,FAK Zulagen einmalig (3001+3034),0.0,0.0,0.0,OK,
TF19,Andrey Melanie,2025-05,RETRO,UVG-Bruttolohn (UVG-LAA-GrossSalary),13000.0,13000.0,0.0,OK,
TF19,Andrey Melanie,2025-05,RETRO,UVG-Basis (UVG-LAA-BaseSalary),13000.0,13000.0,0.0,OK,
TF19,Andrey Melanie,2025-05,RETRO,UVGZ-Basis (UVGZ-LAAC-BaseSalary),13000.0,13000.0,0.0,OK,
TF19,Andrey Melanie,2025-05,RETRO,KTG-Referenzlohn (Reference-AHV-AVS-Salary),13000.0,13000.0,0.0,OK,
TF19,Andrey Melanie,2025-05,RETRO,"Lohnausweis Bruttolohn (GrossIncome, Ziff. 8)",13000.0,13000.0,0.0,OK,
TF19,Andrey Melanie,2025-05,RETRO,Lohnausweis BVG ordentlich (Ziff. 10.1 = 5050+1972),985.8,985.8,0.0,OK,
TF20,Arnold Lukas,2025-05,RETRO,AHV-Basis (AHV-AVS-BaseSalary),10416.65,10416.65,0.0,OK,
TF20,Arnold Lukas,2025-05,RETRO,FAK-Basis (FAK-CAF-ContributorySalary),10416.65,10416.65,0.0,OK,
TF20,Arnold Lukas,2025-05,RETRO,FAK Kinderzulagen wiederkehrend (3000),0.0,0.0,0.0,OK,
TF20,Arnold Lukas,2025-05,RETRO,FAK Zulagen einmalig (3001+3034),0.0,0.0,0.0,OK,
TF20,Arnold Lukas,2025-05,RETRO,UVG-Bruttolohn (UVG-LAA-GrossSalary),10416.65,10416.65,0.0,OK,
TF20,Arnold Lukas,2025-05,RETRO,UVG-Basis (UVG-LAA-BaseSalary),9916.65,9916.65,0.0,OK,
TF20,Arnold Lukas,2025-05,RETRO,UVGZ-Basis (UVGZ-LAAC-BaseSalary),9916.65,9916.65,0.0,OK,
TF20,Arnold Lukas,2025-05,RETRO,KTG-Referenzlohn (Reference-AHV-AVS-Salary),10416.65,10416.65,0.0,OK,
TF20,Arnold Lukas,2025-05,RETRO,"Lohnausweis Bruttolohn (GrossIncome, Ziff. 8)",10416.65,10416.65,0.0,OK,
TF20,Arnold Lukas,2025-05,RETRO,Lohnausweis BVG ordentlich (Ziff. 10.1 = 5050+1972),520.0,519.99,0.01,OK,
TF21,Meier Christian,2025-05,RETRO,AHV-Basis (AHV-AVS-BaseSalary),10416.65,10416.65,0.0,OK,
TF21,Meier Christian,2025-05,RETRO,FAK-Basis (FAK-CAF-ContributorySalary),10416.65,10416.65,0.0,OK,
TF21,Meier Christian,2025-05,RETRO,FAK Kinderzulagen wiederkehrend (3000),0.0,0.0,0.0,OK,
TF21,Meier Christian,2025-05,RETRO,FAK Zulagen einmalig (3001+3034),0.0,0.0,0.0,OK,
TF21,Meier Christian,2025-05,RETRO,UVG-Bruttolohn (UVG-LAA-GrossSalary),10416.65,10416.65,0.0,OK,
TF21,Meier Christian,2025-05,RETRO,UVG-Basis (UVG-LAA-BaseSalary),9916.65,9916.65,0.0,OK,
TF21,Meier Christian,2025-05,RETRO,UVGZ-Basis (UVGZ-LAAC-BaseSalary),9916.65,9916.65,0.0,OK,
TF21,Meier Christian,2025-05,RETRO,KTG-Referenzlohn (Reference-AHV-AVS-Salary),10416.65,10416.65,0.0,OK,
TF21,Meier Christian,2025-05,RETRO,"Lohnausweis Bruttolohn (GrossIncome, Ziff. 8)",10416.65,10416.65,0.0,OK,
TF21,Meier Christian,2025-05,RETRO,Lohnausweis BVG ordentlich (Ziff. 10.1 = 5050+1972),455.0,455.01,-0.01,OK,
TF22,Bucher Elisabeth,2025-05,RETRO,AHV-Basis (AHV-AVS-BaseSalary),24572.2,24572.2,0.0,OK,
TF22,Bucher Elisabeth,2025-05,RETRO,FAK-Basis (FAK-CAF-ContributorySalary),24572.2,24572.2,0.0,OK,
TF22,Bucher Elisabeth,2025-05,RETRO,FAK Kinderzulagen wiederkehrend (3000),0.0,0.0,0.0,OK,
TF22,Bucher Elisabeth,2025-05,RETRO,FAK Zulagen einmalig (3001+3034),0.0,0.0,0.0,OK,
TF22,Bucher Elisabeth,2025-05,RETRO,UVG-Bruttolohn (UVG-LAA-GrossSalary),24572.2,24572.2,0.0,OK,
TF22,Bucher Elisabeth,2025-05,RETRO,UVG-Basis (UVG-LAA-BaseSalary),24572.2,24572.2,0.0,OK,
TF22,Bucher Elisabeth,2025-05,RETRO,UVGZ-Basis (UVGZ-LAAC-BaseSalary),24572.2,24572.2,0.0,OK,
TF22,Bucher Elisabeth,2025-05,RETRO,KTG-Referenzlohn (Reference-AHV-AVS-Salary),24572.2,24572.2,0.0,OK,
TF22,Bucher Elisabeth,2025-05,RETRO,"Lohnausweis Bruttolohn (GrossIncome, Ziff. 8)",24572.2,24572.2,0.0,OK,
TF22,Bucher Elisabeth,2025-05,RETRO,Lohnausweis BVG ordentlich (Ziff. 10.1 = 5050+1972),1435.0,1434.98,0.02,OK,
TF23,Koller Ludwig,2025-05,RETRO,AHV-Basis (AHV-AVS-BaseSalary),55000.0,55000.0,0.0,OK,
TF23,Koller Ludwig,2025-05,RETRO,FAK-Basis (FAK-CAF-ContributorySalary),55000.0,55000.0,0.0,OK,
TF23,Koller Ludwig,2025-05,RETRO,FAK Kinderzulagen wiederkehrend (3000),0.0,0.0,0.0,OK,
TF23,Koller Ludwig,2025-05,RETRO,FAK Zulagen einmalig (3001+3034),0.0,0.0,0.0,OK,
TF23,Koller Ludwig,2025-05,RETRO,UVG-Bruttolohn (UVG-LAA-GrossSalary),55000.0,55000.0,0.0,OK,
TF23,Koller Ludwig,2025-05,RETRO,UVG-Basis (UVG-LAA-BaseSalary),55000.0,55000.0,0.0,OK,
TF23,Koller Ludwig,2025-05,RETRO,UVGZ-Basis (UVGZ-LAAC-BaseSalary),55000.0,55000.0,0.0,OK,
TF23,Koller Ludwig,2025-05,RETRO,KTG-Referenzlohn (Reference-AHV-AVS-Salary),55000.0,55000.0,0.0,OK,
TF23,Koller Ludwig,2025-05,RETRO,"Lohnausweis Bruttolohn (GrossIncome, Ziff. 8)",55000.0,55000.0,0.0,OK,
TF23,Koller Ludwig,2025-05,RETRO,Lohnausweis BVG ordentlich (Ziff. 10.1 = 5050+1972),1895.8,1895.8,0.0,OK,
TF24,Utzinger Jan,2025-05,RETRO,AHV-Basis (AHV-AVS-BaseSalary),40000.0,40000.0,0.0,OK,
TF24,Utzinger Jan,2025-05,RETRO,FAK-Basis (FAK-CAF-ContributorySalary),40000.0,40000.0,0.0,OK,
TF24,Utzinger Jan,2025-05,RETRO,FAK Kinderzulagen wiederkehrend (3000),0.0,0.0,0.0,OK,
TF24,Utzinger Jan,2025-05,RETRO,FAK Zulagen einmalig (3001+3034),0.0,0.0,0.0,OK,
TF24,Utzinger Jan,2025-05,RETRO,UVG-Bruttolohn (UVG-LAA-GrossSalary),40000.0,40000.0,0.0,OK,
TF24,Utzinger Jan,2025-05,RETRO,UVG-Basis (UVG-LAA-BaseSalary),40000.0,40000.0,0.0,OK,
TF24,Utzinger Jan,2025-05,RETRO,UVGZ-Basis (UVGZ-LAAC-BaseSalary),40000.0,40000.0,0.0,OK,
TF24,Utzinger Jan,2025-05,RETRO,KTG-Referenzlohn (Reference-AHV-AVS-Salary),40000.0,40000.0,0.0,OK,
TF24,Utzinger Jan,2025-05,RETRO,"Lohnausweis Bruttolohn (GrossIncome, Ziff. 8)",40000.0,40000.0,0.0,OK,
TF24,Utzinger Jan,2025-05,RETRO,Lohnausweis BVG ordentlich (Ziff. 10.1 = 5050+1972),3033.35,3033.35,0.0,OK,
TF25,Lehmann Nadine,2025-05,RETRO,AHV-Basis (AHV-AVS-BaseSalary),44000.0,44000.0,0.0,OK,
TF25,Lehmann Nadine,2025-05,RETRO,FAK-Basis (FAK-CAF-ContributorySalary),44000.0,44000.0,0.0,OK,
TF25,Lehmann Nadine,2025-05,RETRO,FAK Kinderzulagen wiederkehrend (3000),0.0,0.0,0.0,OK,
TF25,Lehmann Nadine,2025-05,RETRO,FAK Zulagen einmalig (3001+3034),0.0,0.0,0.0,OK,
TF25,Lehmann Nadine,2025-05,RETRO,UVG-Bruttolohn (UVG-LAA-GrossSalary),44000.0,44000.0,0.0,OK,
TF25,Lehmann Nadine,2025-05,RETRO,UVG-Basis (UVG-LAA-BaseSalary),44000.0,44000.0,0.0,OK,
TF25,Lehmann Nadine,2025-05,RETRO,UVGZ-Basis (UVGZ-LAAC-BaseSalary),44000.0,44000.0,0.0,OK,
TF25,Lehmann Nadine,2025-05,RETRO,KTG-Referenzlohn (Reference-AHV-AVS-Salary),44000.0,44000.0,0.0,OK,
TF25,Lehmann Nadine,2025-05,RETRO,"Lohnausweis Bruttolohn (GrossIncome, Ziff. 8)",44000.0,44000.0,0.0,OK,
TF25,Lehmann Nadine,2025-05,RETRO,Lohnausweis BVG ordentlich (Ziff. 10.1 = 5050+1972),3640.0,3640.0,0.0,OK,
TF26,Jenzer Marcel,2025-05,RETRO,AHV-Basis (AHV-AVS-BaseSalary),44000.0,44000.0,0.0,OK,
TF26,Jenzer Marcel,2025-05,RETRO,FAK-Basis (FAK-CAF-ContributorySalary),44000.0,44000.0,0.0,OK,
TF26,Jenzer Marcel,2025-05,RETRO,FAK Kinderzulagen wiederkehrend (3000),0.0,0.0,0.0,OK,
TF26,Jenzer Marcel,2025-05,RETRO,FAK Zulagen einmalig (3001+3034),0.0,0.0,0.0,OK,
TF26,Jenzer Marcel,2025-05,RETRO,UVG-Bruttolohn (UVG-LAA-GrossSalary),44000.0,44000.0,0.0,OK,
TF26,Jenzer Marcel,2025-05,RETRO,UVG-Basis (UVG-LAA-BaseSalary),44000.0,44000.0,0.0,OK,
TF26,Jenzer Marcel,2025-05,RETRO,UVGZ-Basis (UVGZ-LAAC-BaseSalary),44000.0,44000.0,0.0,OK,
TF26,Jenzer Marcel,2025-05,RETRO,KTG-Referenzlohn (Reference-AHV-AVS-Salary),44000.0,44000.0,0.0,OK,
TF26,Jenzer Marcel,2025-05,RETRO,"Lohnausweis Bruttolohn (GrossIncome, Ziff. 8)",44000.0,44000.0,0.0,OK,
TF26,Jenzer Marcel,2025-05,RETRO,Lohnausweis BVG ordentlich (Ziff. 10.1 = 5050+1972),3640.0,3640.0,0.0,OK,
TF27,Rast Eva,2025-05,RETRO,AHV-Basis (AHV-AVS-BaseSalary),10000.0,10000.0,0.0,OK,
TF27,Rast Eva,2025-05,RETRO,FAK-Basis (FAK-CAF-ContributorySalary),10000.0,10000.0,0.0,OK,
TF27,Rast Eva,2025-05,RETRO,FAK Kinderzulagen wiederkehrend (3000),0.0,0.0,0.0,OK,
TF27,Rast Eva,2025-05,RETRO,FAK Zulagen einmalig (3001+3034),0.0,0.0,0.0,OK,
TF27,Rast Eva,2025-05,RETRO,UVG-Bruttolohn (UVG-LAA-GrossSalary),10000.0,10000.0,0.0,OK,
TF27,Rast Eva,2025-05,RETRO,UVG-Basis (UVG-LAA-BaseSalary),10000.0,10000.0,0.0,OK,
TF27,Rast Eva,2025-05,RETRO,UVGZ-Basis (UVGZ-LAAC-BaseSalary),10000.0,10000.0,0.0,OK,
TF27,Rast Eva,2025-05,RETRO,KTG-Referenzlohn (Reference-AHV-AVS-Salary),10000.0,10000.0,0.0,OK,
TF27,Rast Eva,2025-05,RETRO,"Lohnausweis Bruttolohn (GrossIncome, Ziff. 8)",10000.0,10000.0,0.0,OK,
TF27,Rast Eva,2025-05,RETRO,Lohnausweis BVG ordentlich (Ziff. 10.1 = 5050+1972),800.0,800.0,0.0,OK,
TF28,Arbenz Esther,2025-05,RETRO,AHV-Basis (AHV-AVS-BaseSalary),50000.0,50000.0,0.0,OK,
TF28,Arbenz Esther,2025-05,RETRO,FAK-Basis (FAK-CAF-ContributorySalary),50000.0,50000.0,0.0,OK,
TF28,Arbenz Esther,2025-05,RETRO,FAK Kinderzulagen wiederkehrend (3000),0.0,0.0,0.0,OK,
TF28,Arbenz Esther,2025-05,RETRO,FAK Zulagen einmalig (3001+3034),0.0,0.0,0.0,OK,
TF28,Arbenz Esther,2025-05,RETRO,UVG-Bruttolohn (UVG-LAA-GrossSalary),50000.0,50000.0,0.0,OK,
TF28,Arbenz Esther,2025-05,RETRO,UVG-Basis (UVG-LAA-BaseSalary),50000.0,50000.0,0.0,OK,
TF28,Arbenz Esther,2025-05,RETRO,UVGZ-Basis (UVGZ-LAAC-BaseSalary),50000.0,50000.0,0.0,OK,
TF28,Arbenz Esther,2025-05,RETRO,KTG-Referenzlohn (Reference-AHV-AVS-Salary),50000.0,50000.0,0.0,OK,
TF28,Arbenz Esther,2025-05,RETRO,"Lohnausweis Bruttolohn (GrossIncome, Ziff. 8)",50000.0,50000.0,0.0,OK,
TF28,Arbenz Esther,2025-05,RETRO,Lohnausweis BVG ordentlich (Ziff. 10.1 = 5050+1972),2600.0,2600.0,0.0,OK,
TF29,Forster Moreno,2025-05,RETRO,AHV-Basis (AHV-AVS-BaseSalary),50000.0,50000.0,0.0,OK,
TF29,Forster Moreno,2025-05,RETRO,FAK-Basis (FAK-CAF-ContributorySalary),50000.0,50000.0,0.0,OK,
TF29,Forster Moreno,2025-05,RETRO,FAK Kinderzulagen wiederkehrend (3000),0.0,0.0,0.0,OK,
TF29,Forster Moreno,2025-05,RETRO,FAK Zulagen einmalig (3001+3034),0.0,0.0,0.0,OK,
TF29,Forster Moreno,2025-05,RETRO,UVG-Bruttolohn (UVG-LAA-GrossSalary),50000.0,50000.0,0.0,OK,
TF29,Forster Moreno,2025-05,RETRO,UVG-Basis (UVG-LAA-BaseSalary),50000.0,50000.0,0.0,OK,
TF29,Forster Moreno,2025-05,RETRO,UVGZ-Basis (UVGZ-LAAC-BaseSalary),50000.0,50000.0,0.0,OK,
TF29,Forster Moreno,2025-05,RETRO,KTG-Referenzlohn (Reference-AHV-AVS-Salary),50000.0,50000.0,0.0,OK,
TF29,Forster Moreno,2025-05,RETRO,"Lohnausweis Bruttolohn (GrossIncome, Ziff. 8)",50000.0,50000.0,0.0,OK,
TF29,Forster Moreno,2025-05,RETRO,Lohnausweis BVG ordentlich (Ziff. 10.1 = 5050+1972),2275.0,2275.0,0.0,OK,
TF30,Müller Heinrich,2025-05,RETRO,AHV-Basis (AHV-AVS-BaseSalary),27500.0,27500.0,0.0,OK,
TF30,Müller Heinrich,2025-05,RETRO,FAK-Basis (FAK-CAF-ContributorySalary),27500.0,27500.0,0.0,OK,
TF30,Müller Heinrich,2025-05,RETRO,FAK Kinderzulagen wiederkehrend (3000),0.0,0.0,0.0,OK,
TF30,Müller Heinrich,2025-05,RETRO,FAK Zulagen einmalig (3001+3034),0.0,0.0,0.0,OK,
TF30,Müller Heinrich,2025-05,RETRO,UVG-Bruttolohn (UVG-LAA-GrossSalary),27500.0,27500.0,0.0,OK,
TF30,Müller Heinrich,2025-05,RETRO,UVG-Basis (UVG-LAA-BaseSalary),27500.0,27500.0,0.0,OK,
TF30,Müller Heinrich,2025-05,RETRO,UVGZ-Basis (UVGZ-LAAC-BaseSalary),27500.0,27500.0,0.0,OK,
TF30,Müller Heinrich,2025-05,RETRO,KTG-Referenzlohn (Reference-AHV-AVS-Salary),27500.0,27500.0,0.0,OK,
TF30,Müller Heinrich,2025-05,RETRO,"Lohnausweis Bruttolohn (GrossIncome, Ziff. 8)",27500.0,27500.0,0.0,OK,
TF30,Müller Heinrich,2025-05,RETRO,Lohnausweis BVG ordentlich (Ziff. 10.1 = 5050+1972),440.0,440.0,0.0,OK,
TF31,Bolletto Franca,2025-05,RETRO,AHV-Basis (AHV-AVS-BaseSalary),25000.0,25000.0,0.0,OK,
TF31,Bolletto Franca,2025-05,RETRO,FAK-Basis (FAK-CAF-ContributorySalary),25000.0,25000.0,0.0,OK,
TF31,Bolletto Franca,2025-05,RETRO,FAK Kinderzulagen wiederkehrend (3000),0.0,0.0,0.0,OK,
TF31,Bolletto Franca,2025-05,RETRO,FAK Zulagen einmalig (3001+3034),0.0,0.0,0.0,OK,
TF31,Bolletto Franca,2025-05,RETRO,UVG-Bruttolohn (UVG-LAA-GrossSalary),25000.0,25000.0,0.0,OK,
TF31,Bolletto Franca,2025-05,RETRO,UVG-Basis (UVG-LAA-BaseSalary),25000.0,25000.0,0.0,OK,
TF31,Bolletto Franca,2025-05,RETRO,UVGZ-Basis (UVGZ-LAAC-BaseSalary),25000.0,25000.0,0.0,OK,
TF31,Bolletto Franca,2025-05,RETRO,KTG-Referenzlohn (Reference-AHV-AVS-Salary),25000.0,25000.0,0.0,OK,
TF31,Bolletto Franca,2025-05,RETRO,"Lohnausweis Bruttolohn (GrossIncome, Ziff. 8)",25000.0,25000.0,0.0,OK,
TF31,Bolletto Franca,2025-05,RETRO,Lohnausweis BVG ordentlich (Ziff. 10.1 = 5050+1972),1625.0,1625.0,0.0,OK,
TF33,Châtelain Pierre,2025-05,RETRO,AHV-Basis (AHV-AVS-BaseSalary),25000.0,25000.0,0.0,OK,
TF33,Châtelain Pierre,2025-05,RETRO,FAK-Basis (FAK-CAF-ContributorySalary),25000.0,25000.0,0.0,OK,
TF33,Châtelain Pierre,2025-05,RETRO,FAK Kinderzulagen wiederkehrend (3000),0.0,0.0,0.0,OK,
TF33,Châtelain Pierre,2025-05,RETRO,FAK Zulagen einmalig (3001+3034),0.0,0.0,0.0,OK,
TF33,Châtelain Pierre,2025-05,RETRO,UVG-Bruttolohn (UVG-LAA-GrossSalary),25000.0,25000.0,0.0,OK,
TF33,Châtelain Pierre,2025-05,RETRO,UVG-Basis (UVG-LAA-BaseSalary),25000.0,25000.0,0.0,OK,
TF33,Châtelain Pierre,2025-05,RETRO,UVGZ-Basis (UVGZ-LAAC-BaseSalary),25000.0,25000.0,0.0,OK,
TF33,Châtelain Pierre,2025-05,RETRO,KTG-Referenzlohn (Reference-AHV-AVS-Salary),25000.0,25000.0,0.0,OK,
TF33,Châtelain Pierre,2025-05,RETRO,"Lohnausweis Bruttolohn (GrossIncome, Ziff. 8)",25000.0,25000.0,0.0,OK,
TF33,Châtelain Pierre,2025-05,RETRO,Lohnausweis BVG ordentlich (Ziff. 10.1 = 5050+1972),1895.85,1895.85,0.0,OK,
TF34,Rinaldi Massimo,2025-05,RETRO,AHV-Basis (AHV-AVS-BaseSalary),25000.0,25000.0,0.0,OK,
TF34,Rinaldi Massimo,2025-05,RETRO,FAK-Basis (FAK-CAF-ContributorySalary),25000.0,25000.0,0.0,OK,
TF34,Rinaldi Massimo,2025-05,RETRO,FAK Kinderzulagen wiederkehrend (3000),0.0,0.0,0.0,OK,
TF34,Rinaldi Massimo,2025-05,RETRO,FAK Zulagen einmalig (3001+3034),0.0,0.0,0.0,OK,
TF34,Rinaldi Massimo,2025-05,RETRO,UVG-Bruttolohn (UVG-LAA-GrossSalary),25000.0,25000.0,0.0,OK,
TF34,Rinaldi Massimo,2025-05,RETRO,UVG-Basis (UVG-LAA-BaseSalary),25000.0,25000.0,0.0,OK,
TF34,Rinaldi Massimo,2025-05,RETRO,UVGZ-Basis (UVGZ-LAAC-BaseSalary),25000.0,25000.0,0.0,OK,
TF34,Rinaldi Massimo,2025-05,RETRO,KTG-Referenzlohn (Reference-AHV-AVS-Salary),25000.0,25000.0,0.0,OK,
TF34,Rinaldi Massimo,2025-05,RETRO,"Lohnausweis Bruttolohn (GrossIncome, Ziff. 8)",25000.0,25000.0,0.0,OK,
TF34,Rinaldi Massimo,2025-05,RETRO,Lohnausweis BVG ordentlich (Ziff. 10.1 = 5050+1972),0.0,0.0,0.0,OK,
TF35,Roos Roland,2025-05,RETRO,AHV-Basis (AHV-AVS-BaseSalary),55000.0,55000.0,0.0,OK,
TF35,Roos Roland,2025-05,RETRO,FAK-Basis (FAK-CAF-ContributorySalary),55000.0,55000.0,0.0,OK,
TF35,Roos Roland,2025-05,RETRO,FAK Kinderzulagen wiederkehrend (3000),0.0,0.0,0.0,OK,
TF35,Roos Roland,2025-05,RETRO,FAK Zulagen einmalig (3001+3034),0.0,0.0,0.0,OK,
TF35,Roos Roland,2025-05,RETRO,UVG-Bruttolohn (UVG-LAA-GrossSalary),55000.0,55000.0,0.0,OK,
TF35,Roos Roland,2025-05,RETRO,UVG-Basis (UVG-LAA-BaseSalary),55000.0,55000.0,0.0,OK,
TF35,Roos Roland,2025-05,RETRO,UVGZ-Basis (UVGZ-LAAC-BaseSalary),55000.0,55000.0,0.0,OK,
TF35,Roos Roland,2025-05,RETRO,KTG-Referenzlohn (Reference-AHV-AVS-Salary),55000.0,55000.0,0.0,OK,
TF35,Roos Roland,2025-05,RETRO,"Lohnausweis Bruttolohn (GrossIncome, Ziff. 8)",55000.0,55000.0,0.0,OK,
TF35,Roos Roland,2025-05,RETRO,Lohnausweis BVG ordentlich (Ziff. 10.1 = 5050+1972),1895.85,1895.85,0.0,OK,
TF36,Maldini Fabio,2025-05,RETRO,AHV-Basis (AHV-AVS-BaseSalary),55000.0,55000.0,0.0,OK,
TF36,Maldini Fabio,2025-05,RETRO,FAK-Basis (FAK-CAF-ContributorySalary),55000.0,55000.0,0.0,OK,
TF36,Maldini Fabio,2025-05,RETRO,FAK Kinderzulagen wiederkehrend (3000),0.0,0.0,0.0,OK,
TF36,Maldini Fabio,2025-05,RETRO,FAK Zulagen einmalig (3001+3034),0.0,0.0,0.0,OK,
TF36,Maldini Fabio,2025-05,RETRO,UVG-Bruttolohn (UVG-LAA-GrossSalary),55000.0,55000.0,0.0,OK,
TF36,Maldini Fabio,2025-05,RETRO,UVG-Basis (UVG-LAA-BaseSalary),55000.0,55000.0,0.0,OK,
TF36,Maldini Fabio,2025-05,RETRO,UVGZ-Basis (UVGZ-LAAC-BaseSalary),55000.0,55000.0,0.0,OK,
TF36,Maldini Fabio,2025-05,RETRO,KTG-Referenzlohn (Reference-AHV-AVS-Salary),55000.0,55000.0,0.0,OK,
TF36,Maldini Fabio,2025-05,RETRO,"Lohnausweis Bruttolohn (GrossIncome, Ziff. 8)",55000.0,55000.0,0.0,OK,
TF36,Maldini Fabio,2025-05,RETRO,Lohnausweis BVG ordentlich (Ziff. 10.1 = 5050+1972),2166.65,2166.65,0.0,OK,
TF37,Oberli Christine,2025-05,RETRO,AHV-Basis (AHV-AVS-BaseSalary),5000.0,5000.0,0.0,OK,
TF37,Oberli Christine,2025-05,RETRO,FAK-Basis (FAK-CAF-ContributorySalary),5000.0,5000.0,0.0,OK,
TF37,Oberli Christine,2025-05,RETRO,FAK Kinderzulagen wiederkehrend (3000),250.0,250.0,0.0,OK,
TF37,Oberli Christine,2025-05,RETRO,FAK Zulagen einmalig (3001+3034),0.0,0.0,0.0,OK,
TF37,Oberli Christine,2025-05,RETRO,UVG-Bruttolohn (UVG-LAA-GrossSalary),5250.0,5250.0,0.0,OK,
TF37,Oberli Christine,2025-05,RETRO,UVG-Basis (UVG-LAA-BaseSalary),5000.0,5000.0,0.0,OK,
TF37,Oberli Christine,2025-05,RETRO,UVGZ-Basis (UVGZ-LAAC-BaseSalary),5000.0,5000.0,0.0,OK,
TF37,Oberli Christine,2025-05,RETRO,KTG-Referenzlohn (Reference-AHV-AVS-Salary),5000.0,5000.0,0.0,OK,
TF37,Oberli Christine,2025-05,RETRO,"Lohnausweis Bruttolohn (GrossIncome, Ziff. 8)",5250.0,5250.0,0.0,OK,
TF37,Oberli Christine,2025-05,RETRO,Lohnausweis BVG ordentlich (Ziff. 10.1 = 5050+1972),400.0,400.0,0.0,OK,
TF38,Jung Claude,2025-05,RETRO,AHV-Basis (AHV-AVS-BaseSalary),20000.0,20000.0,0.0,OK,
TF38,Jung Claude,2025-05,RETRO,FAK-Basis (FAK-CAF-ContributorySalary),20000.0,20000.0,0.0,OK,
TF38,Jung Claude,2025-05,RETRO,FAK Kinderzulagen wiederkehrend (3000),0.0,0.0,0.0,OK,
TF38,Jung Claude,2025-05,RETRO,FAK Zulagen einmalig (3001+3034),0.0,0.0,0.0,OK,
TF38,Jung Claude,2025-05,RETRO,UVG-Bruttolohn (UVG-LAA-GrossSalary),20000.0,20000.0,0.0,OK,
TF38,Jung Claude,2025-05,RETRO,UVG-Basis (UVG-LAA-BaseSalary),20000.0,20000.0,0.0,OK,
TF38,Jung Claude,2025-05,RETRO,UVGZ-Basis (UVGZ-LAAC-BaseSalary),20000.0,20000.0,0.0,OK,
TF38,Jung Claude,2025-05,RETRO,KTG-Referenzlohn (Reference-AHV-AVS-Salary),20000.0,20000.0,0.0,OK,
TF38,Jung Claude,2025-05,RETRO,"Lohnausweis Bruttolohn (GrossIncome, Ziff. 8)",20000.0,20000.0,0.0,OK,
TF38,Jung Claude,2025-05,RETRO,Lohnausweis BVG ordentlich (Ziff. 10.1 = 5050+1972),1966.65,1966.65,0.0,OK,
TF39,Hasler Harald,2025-05,RETRO,UVG-Bruttolohn (UVG-LAA-GrossSalary),10000.0,10000.0,0.0,OK,
TF39,Hasler Harald,2025-05,RETRO,UVG-Basis (UVG-LAA-BaseSalary),10000.0,10000.0,0.0,OK,
TF39,Hasler Harald,2025-05,RETRO,UVGZ-Basis (UVGZ-LAAC-BaseSalary),10000.0,10000.0,0.0,OK,
TF39,Hasler Harald,2025-05,RETRO,KTG-Referenzlohn (Reference-AHV-AVS-Salary),10000.0,10000.0,0.0,OK,
TF39,Hasler Harald,2025-05,RETRO,"Lohnausweis Bruttolohn (GrossIncome, Ziff. 8)",10000.0,10000.0,0.0,OK,
TF39,Hasler Harald,2025-05,RETRO,Lohnausweis BVG ordentlich (Ziff. 10.1 = 5050+1972),0.0,0.0,0.0,OK,
TF40,Farine Corinne,2025-05,RETRO,AHV-Basis (AHV-AVS-BaseSalary),32300.0,32300.0,0.0,OK,
TF40,Farine Corinne,2025-05,RETRO,FAK-Basis (FAK-CAF-ContributorySalary),32300.0,32300.0,0.0,OK,
TF40,Farine Corinne,2025-05,RETRO,FAK Kinderzulagen wiederkehrend (3000),750.0,750.0,0.0,OK,
TF40,Farine Corinne,2025-05,RETRO,FAK Zulagen einmalig (3001+3034),0.0,0.0,0.0,OK,
TF40,Farine Corinne,2025-05,RETRO,UVG-Bruttolohn (UVG-LAA-GrossSalary),33050.0,33050.0,0.0,OK,
TF40,Farine Corinne,2025-05,RETRO,UVG-Basis (UVG-LAA-BaseSalary),32300.0,32300.0,0.0,OK,
TF40,Farine Corinne,2025-05,RETRO,UVGZ-Basis (UVGZ-LAAC-BaseSalary),32300.0,32300.0,0.0,OK,
TF40,Farine Corinne,2025-05,RETRO,KTG-Referenzlohn (Reference-AHV-AVS-Salary),32300.0,32300.0,0.0,OK,
TF40,Farine Corinne,2025-05,RETRO,"Lohnausweis Bruttolohn (GrossIncome, Ziff. 8)",33050.0,33050.0,0.0,OK,
TF40,Farine Corinne,2025-05,RETRO,Lohnausweis BVG ordentlich (Ziff. 10.1 = 5050+1972),1013.35,1013.34,0.01,OK,
TF41,Meier Max,2025-05,RETRO,AHV-Basis (AHV-AVS-BaseSalary),80000.0,80000.0,0.0,OK,
TF41,Meier Max,2025-05,RETRO,FAK-Basis (FAK-CAF-ContributorySalary),80000.0,80000.0,0.0,OK,
TF41,Meier Max,2025-05,RETRO,FAK Kinderzulagen wiederkehrend (3000),0.0,0.0,0.0,OK,
TF41,Meier Max,2025-05,RETRO,FAK Zulagen einmalig (3001+3034),0.0,0.0,0.0,OK,
TF41,Meier Max,2025-05,RETRO,UVG-Bruttolohn (UVG-LAA-GrossSalary),80000.0,80000.0,0.0,OK,
TF41,Meier Max,2025-05,RETRO,UVG-Basis (UVG-LAA-BaseSalary),80000.0,80000.0,0.0,OK,
TF41,Meier Max,2025-05,RETRO,UVGZ-Basis (UVGZ-LAAC-BaseSalary),80000.0,80000.0,0.0,OK,
TF41,Meier Max,2025-05,RETRO,KTG-Referenzlohn (Reference-AHV-AVS-Salary),80000.0,80000.0,0.0,OK,
TF41,Meier Max,2025-05,RETRO,"Lohnausweis Bruttolohn (GrossIncome, Ziff. 8)",80000.0,80000.0,0.0,OK,
TF41,Meier Max,2025-05,RETRO,Lohnausweis BVG ordentlich (Ziff. 10.1 = 5050+1972),0.0,0.0,0.0,OK,
TF44,Lusser Hans,2025-05,RETRO,AHV-Basis (AHV-AVS-BaseSalary),15500.0,15500.0,0.0,OK,
TF44,Lusser Hans,2025-05,RETRO,FAK-Basis (FAK-CAF-ContributorySalary),15500.0,15500.0,0.0,OK,
TF44,Lusser Hans,2025-05,RETRO,FAK Kinderzulagen wiederkehrend (3000),0.0,0.0,0.0,OK,
TF44,Lusser Hans,2025-05,RETRO,FAK Zulagen einmalig (3001+3034),0.0,0.0,0.0,OK,
TF44,Lusser Hans,2025-05,RETRO,UVG-Bruttolohn (UVG-LAA-GrossSalary),15500.0,15500.0,0.0,OK,
TF44,Lusser Hans,2025-05,RETRO,UVG-Basis (UVG-LAA-BaseSalary),15500.0,15500.0,0.0,OK,
TF44,Lusser Hans,2025-05,RETRO,UVGZ-Basis (UVGZ-LAAC-BaseSalary),15500.0,15500.0,0.0,OK,
TF44,Lusser Hans,2025-05,RETRO,KTG-Referenzlohn (Reference-AHV-AVS-Salary),15500.0,15500.0,0.0,OK,
TF44,Lusser Hans,2025-05,RETRO,"Lohnausweis Bruttolohn (GrossIncome, Ziff. 8)",15500.0,15500.0,0.0,OK,
TF44,Lusser Hans,2025-05,RETRO,Lohnausweis BVG ordentlich (Ziff. 10.1 = 5050+1972),770.0,770.0,0.0,OK,
TF02,Paganini Maria,2025-05,MONTHLY,Statistik Grundlohn (GrossBaseSalaryAndRegularAllowance),1404.5,1404.5,0.0,OK,
TF02,Paganini Maria,2025-05,MONTHLY,Statistik Zulagen (Allowances),40.0,0.0,40.0,DIFF,
TF02,Paganini Maria,2025-05,MONTHLY,Statistik Familienzulagen (FamilyIncomeSupplement),215.0,215.0,0.0,OK,
TF02,Paganini Maria,2025-05,MONTHLY,Statistik Leistungen Dritter (PaymentsByThird),0.0,0.0,0.0,OK,
TF02,Paganini Maria,2025-05,MONTHLY,Statistik BVG-Beitrag AN (BVG-LPP-RegularContribution),-408.33,-408.33,0.0,OK,
TF03,Lusser Pia,2025-05,MONTHLY,Statistik Grundlohn (GrossBaseSalaryAndRegularAllowance),5500.0,5500.0,0.0,OK,
TF03,Lusser Pia,2025-05,MONTHLY,Statistik Zulagen (Allowances),0.0,0.0,0.0,OK,
TF03,Lusser Pia,2025-05,MONTHLY,Statistik Familienzulagen (FamilyIncomeSupplement),0.0,0.0,0.0,OK,
TF03,Lusser Pia,2025-05,MONTHLY,Statistik Leistungen Dritter (PaymentsByThird),0.0,0.0,0.0,OK,
TF03,Lusser Pia,2025-05,MONTHLY,Statistik BVG-Beitrag AN (BVG-LPP-RegularContribution),-385.0,-385.0,0.0,OK,
TF04,Fankhauser Markus,2025-05,MONTHLY,Statistik Grundlohn (GrossBaseSalaryAndRegularAllowance),30000.0,30000.0,0.0,OK,
TF04,Fankhauser Markus,2025-05,MONTHLY,Statistik Zulagen (Allowances),0.0,0.0,0.0,OK,
TF04,Fankhauser Markus,2025-05,MONTHLY,Statistik Familienzulagen (FamilyIncomeSupplement),0.0,0.0,0.0,OK,
TF04,Fankhauser Markus,2025-05,MONTHLY,Statistik Leistungen Dritter (PaymentsByThird),0.0,0.0,0.0,OK,
TF04,Fankhauser Markus,2025-05,MONTHLY,Statistik BVG-Beitrag AN (BVG-LPP-RegularContribution),-2800.0,-2800.0,0.0,OK,
TF05,Moser Johann,2025-05,MONTHLY,Statistik Grundlohn (GrossBaseSalaryAndRegularAllowance),1350.0,1350.0,0.0,OK,
TF05,Moser Johann,2025-05,MONTHLY,Statistik Zulagen (Allowances),0.0,0.0,0.0,OK,
TF05,Moser Johann,2025-05,MONTHLY,Statistik Familienzulagen (FamilyIncomeSupplement),0.0,0.0,0.0,OK,
TF05,Moser Johann,2025-05,MONTHLY,Statistik Leistungen Dritter (PaymentsByThird),0.0,0.0,0.0,OK,
TF05,Moser Johann,2025-05,MONTHLY,Statistik BVG-Beitrag AN (BVG-LPP-RegularContribution),0.0,-0.0,0.0,OK,
TF06,Zahnd Anita,2025-05,MONTHLY,Statistik Grundlohn (GrossBaseSalaryAndRegularAllowance),13500.0,13500.0,0.0,OK,
TF06,Zahnd Anita,2025-05,MONTHLY,Statistik Zulagen (Allowances),0.0,0.0,0.0,OK,
TF06,Zahnd Anita,2025-05,MONTHLY,Statistik Familienzulagen (FamilyIncomeSupplement),0.0,0.0,0.0,OK,
TF06,Zahnd Anita,2025-05,MONTHLY,Statistik Leistungen Dritter (PaymentsByThird),0.0,0.0,0.0,OK,
TF06,Zahnd Anita,2025-05,MONTHLY,Statistik BVG-Beitrag AN (BVG-LPP-RegularContribution),-1080.0,-1080.0,0.0,OK,
TF08,Lamon René,2025-05,MONTHLY,Statistik Grundlohn (GrossBaseSalaryAndRegularAllowance),9548.05,9548.05,0.0,OK,
TF08,Lamon René,2025-05,MONTHLY,Statistik Zulagen (Allowances),40.0,0.0,40.0,DIFF,
TF08,Lamon René,2025-05,MONTHLY,Statistik Familienzulagen (FamilyIncomeSupplement),250.0,250.0,0.0,OK,
TF08,Lamon René,2025-05,MONTHLY,Statistik Leistungen Dritter (PaymentsByThird),0.0,0.0,0.0,OK,
TF08,Lamon René,2025-05,MONTHLY,Statistik BVG-Beitrag AN (BVG-LPP-RegularContribution),-751.09,-751.09,0.0,OK,
TF09,Estermann Michael,2025-05,MONTHLY,Statistik Grundlohn (GrossBaseSalaryAndRegularAllowance),2000.0,2000.0,0.0,OK,
TF09,Estermann Michael,2025-05,MONTHLY,Statistik Zulagen (Allowances),0.0,0.0,0.0,OK,
TF09,Estermann Michael,2025-05,MONTHLY,Statistik Familienzulagen (FamilyIncomeSupplement),0.0,0.0,0.0,OK,
TF09,Estermann Michael,2025-05,MONTHLY,Statistik Leistungen Dritter (PaymentsByThird),0.0,0.0,0.0,OK,
TF09,Estermann Michael,2025-05,MONTHLY,Statistik BVG-Beitrag AN (BVG-LPP-RegularContribution),0.0,-0.0,0.0,OK,
TF10,Ganz Heinz,2025-05,MONTHLY,Statistik Grundlohn (GrossBaseSalaryAndRegularAllowance),6400.0,6400.0,0.0,OK,
TF10,Ganz Heinz,2025-05,MONTHLY,Statistik Zulagen (Allowances),0.0,0.0,0.0,OK,
TF10,Ganz Heinz,2025-05,MONTHLY,Statistik Familienzulagen (FamilyIncomeSupplement),0.0,0.0,0.0,OK,
TF10,Ganz Heinz,2025-05,MONTHLY,Statistik Leistungen Dritter (PaymentsByThird),0.0,0.0,0.0,OK,
TF10,Ganz Heinz,2025-05,MONTHLY,Statistik BVG-Beitrag AN (BVG-LPP-RegularContribution),-448.0,-448.0,0.0,OK,
TF11,Bosshard Peter,2025-05,MONTHLY,Statistik Grundlohn (GrossBaseSalaryAndRegularAllowance),10100.0,11550.0,-1450.0,DIFF,
TF11,Bosshard Peter,2025-05,MONTHLY,Statistik Zulagen (Allowances),0.0,0.0,0.0,OK,
TF11,Bosshard Peter,2025-05,MONTHLY,Statistik Familienzulagen (FamilyIncomeSupplement),475.0,475.0,0.0,OK,
TF11,Bosshard Peter,2025-05,MONTHLY,Statistik Leistungen Dritter (PaymentsByThird),0.0,0.0,0.0,OK,
TF11,Bosshard Peter,2025-05,MONTHLY,Statistik BVG-Beitrag AN (BVG-LPP-RegularContribution),-864.5,-864.5,0.0,OK,
TF12,Casanova Renato,2025-05,MONTHLY,Statistik Grundlohn (GrossBaseSalaryAndRegularAllowance),12000.0,12850.0,-850.0,DIFF,
TF12,Casanova Renato,2025-05,MONTHLY,Statistik Zulagen (Allowances),0.0,0.0,0.0,OK,
TF12,Casanova Renato,2025-05,MONTHLY,Statistik Familienzulagen (FamilyIncomeSupplement),0.0,0.0,0.0,OK,
TF12,Casanova Renato,2025-05,MONTHLY,Statistik Leistungen Dritter (PaymentsByThird),0.0,0.0,0.0,OK,
TF12,Casanova Renato,2025-05,MONTHLY,Statistik BVG-Beitrag AN (BVG-LPP-RegularContribution),-899.5,-899.5,0.0,OK,
TF13,Combertaldi Renato,2025-05,MONTHLY,Statistik Grundlohn (GrossBaseSalaryAndRegularAllowance),2200.0,2200.0,0.0,OK,
TF13,Combertaldi Renato,2025-05,MONTHLY,Statistik Zulagen (Allowances),0.0,0.0,0.0,OK,
TF13,Combertaldi Renato,2025-05,MONTHLY,Statistik Familienzulagen (FamilyIncomeSupplement),0.0,0.0,0.0,OK,
TF13,Combertaldi Renato,2025-05,MONTHLY,Statistik Leistungen Dritter (PaymentsByThird),0.0,0.0,0.0,OK,
TF13,Combertaldi Renato,2025-05,MONTHLY,Statistik BVG-Beitrag AN (BVG-LPP-RegularContribution),0.0,-0.0,0.0,OK,
TF14,Egli Anna,2025-05,MONTHLY,Statistik Grundlohn (GrossBaseSalaryAndRegularAllowance),3931.55,3931.55,0.0,OK,
TF14,Egli Anna,2025-05,MONTHLY,Statistik Zulagen (Allowances),0.0,0.0,0.0,OK,
TF14,Egli Anna,2025-05,MONTHLY,Statistik Familienzulagen (FamilyIncomeSupplement),0.0,0.0,0.0,OK,
TF14,Egli Anna,2025-05,MONTHLY,Statistik Leistungen Dritter (PaymentsByThird),0.0,0.0,0.0,OK,
TF14,Egli Anna,2025-05,MONTHLY,Statistik BVG-Beitrag AN (BVG-LPP-RegularContribution),0.0,-0.0,0.0,OK,
TF17,Binggeli Fritz,2025-05,MONTHLY,Statistik Grundlohn (GrossBaseSalaryAndRegularAllowance),4550.0,4550.0,0.0,OK,
TF17,Binggeli Fritz,2025-05,MONTHLY,Statistik Zulagen (Allowances),0.0,0.0,0.0,OK,
TF17,Binggeli Fritz,2025-05,MONTHLY,Statistik Familienzulagen (FamilyIncomeSupplement),0.0,0.0,0.0,OK,
TF17,Binggeli Fritz,2025-05,MONTHLY,Statistik Leistungen Dritter (PaymentsByThird),0.0,0.0,0.0,OK,
TF17,Binggeli Fritz,2025-05,MONTHLY,Statistik BVG-Beitrag AN (BVG-LPP-RegularContribution),-318.5,-318.5,0.0,OK,
TF17,Binggeli Fritz,2025-05,MONTHLY,QST steuerbarer Lohn TI A0N (TaxableEarning),4550.0,4550.0,0.0,OK,"Satz-Lohn 6500.00, QST 495.95"
TF18,Blanc Pierre,2025-05,MONTHLY,Statistik Grundlohn (GrossBaseSalaryAndRegularAllowance),1179.45,1179.45,0.0,OK,
TF18,Blanc Pierre,2025-05,MONTHLY,Statistik Zulagen (Allowances),0.0,0.0,0.0,OK,
TF18,Blanc Pierre,2025-05,MONTHLY,Statistik Familienzulagen (FamilyIncomeSupplement),0.0,0.0,0.0,OK,
TF18,Blanc Pierre,2025-05,MONTHLY,Statistik Leistungen Dritter (PaymentsByThird),0.0,0.0,0.0,OK,
TF18,Blanc Pierre,2025-05,MONTHLY,Statistik BVG-Beitrag AN (BVG-LPP-RegularContribution),-76.44,-76.44,0.0,OK,
TF18,Blanc Pierre,2025-05,MONTHLY,QST steuerbarer Lohn BE B0Y (TaxableEarning),1179.45,1179.45,0.0,OK,"Satz-Lohn 4859.35, QST 80.30"
TF19,Andrey Melanie,2025-05,MONTHLY,Statistik Grundlohn (GrossBaseSalaryAndRegularAllowance),2600.0,2600.0,0.0,OK,
TF19,Andrey Melanie,2025-05,MONTHLY,Statistik Zulagen (Allowances),0.0,0.0,0.0,OK,
TF19,Andrey Melanie,2025-05,MONTHLY,Statistik Familienzulagen (FamilyIncomeSupplement),0.0,0.0,0.0,OK,
TF19,Andrey Melanie,2025-05,MONTHLY,Statistik Leistungen Dritter (PaymentsByThird),0.0,0.0,0.0,OK,
TF19,Andrey Melanie,2025-05,MONTHLY,Statistik BVG-Beitrag AN (BVG-LPP-RegularContribution),-197.16,-197.16,0.0,OK,
TF19,Andrey Melanie,2025-05,MONTHLY,QST steuerbarer Lohn TI A0N (TaxableEarning),2600.0,2600.0,0.0,OK,"Satz-Lohn 3848.00, QST 85.80"
TF22,Bucher Elisabeth,2025-05,MONTHLY,Statistik Grundlohn (GrossBaseSalaryAndRegularAllowance),4521.3,4521.3,0.0,OK,
TF22,Bucher Elisabeth,2025-05,MONTHLY,Statistik Zulagen (Allowances),0.0,0.0,0.0,OK,
TF22,Bucher Elisabeth,2025-05,MONTHLY,Statistik Familienzulagen (FamilyIncomeSupplement),0.0,0.0,0.0,OK,
TF22,Bucher Elisabeth,2025-05,MONTHLY,Statistik Leistungen Dritter (PaymentsByThird),0.0,0.0,0.0,OK,
TF22,Bucher Elisabeth,2025-05,MONTHLY,Statistik BVG-Beitrag AN (BVG-LPP-RegularContribution),-320.83,-320.83,0.0,OK,
TF22,Bucher Elisabeth,2025-05,MONTHLY,QST steuerbarer Lohn TI A0N (TaxableEarning),4521.3,4521.3,0.0,OK,"Satz-Lohn 4914.45, QST 335.15"
TF23,Koller Ludwig,2025-05,MONTHLY,Statistik Grundlohn (GrossBaseSalaryAndRegularAllowance),5000.0,5000.0,0.0,OK,
TF23,Koller Ludwig,2025-05,MONTHLY,Statistik Zulagen (Allowances),0.0,0.0,0.0,OK,
TF23,Koller Ludwig,2025-05,MONTHLY,Statistik Familienzulagen (FamilyIncomeSupplement),0.0,0.0,0.0,OK,
TF23,Koller Ludwig,2025-05,MONTHLY,Statistik Leistungen Dritter (PaymentsByThird),0.0,0.0,0.0,OK,
TF23,Koller Ludwig,2025-05,MONTHLY,Statistik BVG-Beitrag AN (BVG-LPP-RegularContribution),-379.16,-379.16,0.0,OK,
TF23,Koller Ludwig,2025-05,MONTHLY,QST steuerbarer Lohn TI A0N (TaxableEarning),5000.0,5000.0,0.0,OK,"Satz-Lohn 7500.00, QST 615.00"
TF24,Utzinger Jan,2025-05,MONTHLY,Statistik Grundlohn (GrossBaseSalaryAndRegularAllowance),8000.0,8000.0,0.0,OK,
TF24,Utzinger Jan,2025-05,MONTHLY,Statistik Zulagen (Allowances),0.0,0.0,0.0,OK,
TF24,Utzinger Jan,2025-05,MONTHLY,Statistik Familienzulagen (FamilyIncomeSupplement),0.0,0.0,0.0,OK,
TF24,Utzinger Jan,2025-05,MONTHLY,Statistik Leistungen Dritter (PaymentsByThird),0.0,0.0,0.0,OK,
TF24,Utzinger Jan,2025-05,MONTHLY,Statistik BVG-Beitrag AN (BVG-LPP-RegularContribution),-606.67,-606.67,0.0,OK,
TF24,Utzinger Jan,2025-05,MONTHLY,QST steuerbarer Lohn TI B0N (TaxableEarning),8000.0,8000.0,0.0,OK,"Satz-Lohn 8000.00, QST 648.00"
TF25,Lehmann Nadine,2025-05,MONTHLY,Statistik Grundlohn (GrossBaseSalaryAndRegularAllowance),12000.0,12000.0,0.0,OK,
TF25,Lehmann Nadine,2025-05,MONTHLY,Statistik Zulagen (Allowances),0.0,0.0,0.0,OK,
TF25,Lehmann Nadine,2025-05,MONTHLY,Statistik Familienzulagen (FamilyIncomeSupplement),0.0,0.0,0.0,OK,
TF25,Lehmann Nadine,2025-05,MONTHLY,Statistik Leistungen Dritter (PaymentsByThird),0.0,0.0,0.0,OK,
TF25,Lehmann Nadine,2025-05,MONTHLY,Statistik BVG-Beitrag AN (BVG-LPP-RegularContribution),-910.0,-910.0,0.0,OK,
TF25,Lehmann Nadine,2025-05,MONTHLY,QST steuerbarer Lohn LU A0Y (TaxableEarning),12000.0,12000.0,0.0,OK,"Satz-Lohn 12000.00, QST 1819.20"
TF26,Jenzer Marcel,2025-05,MONTHLY,Statistik Grundlohn (GrossBaseSalaryAndRegularAllowance),12000.0,12000.0,0.0,OK,
TF26,Jenzer Marcel,2025-05,MONTHLY,Statistik Zulagen (Allowances),0.0,0.0,0.0,OK,
TF26,Jenzer Marcel,2025-05,MONTHLY,Statistik Familienzulagen (FamilyIncomeSupplement),0.0,0.0,0.0,OK,
TF26,Jenzer Marcel,2025-05,MONTHLY,Statistik Leistungen Dritter (PaymentsByThird),0.0,0.0,0.0,OK,
TF26,Jenzer Marcel,2025-05,MONTHLY,Statistik BVG-Beitrag AN (BVG-LPP-RegularContribution),-910.0,-910.0,0.0,OK,
TF26,Jenzer Marcel,2025-05,MONTHLY,QST steuerbarer Lohn TI R0N (TaxableEarning),0.0,12000.0,-12000.0,DIFF,"Satz-Lohn 11891.90, QST 0.00"
TF27,Rast Eva,2025-05,MONTHLY,Statistik Grundlohn (GrossBaseSalaryAndRegularAllowance),10000.0,10000.0,0.0,OK,
TF27,Rast Eva,2025-05,MONTHLY,Statistik Zulagen (Allowances),0.0,0.0,0.0,OK,
TF27,Rast Eva,2025-05,MONTHLY,Statistik Familienzulagen (FamilyIncomeSupplement),0.0,0.0,0.0,OK,
TF27,Rast Eva,2025-05,MONTHLY,Statistik Leistungen Dritter (PaymentsByThird),0.0,0.0,0.0,OK,
TF27,Rast Eva,2025-05,MONTHLY,Statistik BVG-Beitrag AN (BVG-LPP-RegularContribution),-800.0,-800.0,0.0,OK,
TF27,Rast Eva,2025-05,MONTHLY,QST steuerbarer Lohn BE L0N (TaxableEarning),10000.0,10000.0,0.0,OK,"Satz-Lohn 10000.00, QST 450.00"
TF28,Arbenz Esther,2025-05,MONTHLY,Statistik Grundlohn (GrossBaseSalaryAndRegularAllowance),6000.0,6000.0,0.0,OK,
TF28,Arbenz Esther,2025-05,MONTHLY,Statistik Zulagen (Allowances),0.0,0.0,0.0,OK,
TF28,Arbenz Esther,2025-05,MONTHLY,Statistik Familienzulagen (FamilyIncomeSupplement),0.0,0.0,0.0,OK,
TF28,Arbenz Esther,2025-05,MONTHLY,Statistik Leistungen Dritter (PaymentsByThird),0.0,0.0,0.0,OK,
TF28,Arbenz Esther,2025-05,MONTHLY,Statistik BVG-Beitrag AN (BVG-LPP-RegularContribution),-520.0,-520.0,0.0,OK,
TF28,Arbenz Esther,2025-05,MONTHLY,QST steuerbarer Lohn BE A0Y (TaxableEarning),6000.0,6000.0,0.0,OK,"Satz-Lohn 8000.00, QST 879.60"
TF29,Forster Moreno,2025-05,MONTHLY,Statistik Grundlohn (GrossBaseSalaryAndRegularAllowance),6000.0,6000.0,0.0,OK,
TF29,Forster Moreno,2025-05,MONTHLY,Statistik Zulagen (Allowances),0.0,0.0,0.0,OK,
TF29,Forster Moreno,2025-05,MONTHLY,Statistik Familienzulagen (FamilyIncomeSupplement),0.0,0.0,0.0,OK,
TF29,Forster Moreno,2025-05,MONTHLY,Statistik Leistungen Dritter (PaymentsByThird),0.0,0.0,0.0,OK,
TF29,Forster Moreno,2025-05,MONTHLY,Statistik BVG-Beitrag AN (BVG-LPP-RegularContribution),-455.0,-455.0,0.0,OK,
TF29,Forster Moreno,2025-05,MONTHLY,QST steuerbarer Lohn TI A0N (TaxableEarning),6000.0,6000.0,0.0,OK,"Satz-Lohn 9666.65, QST 876.00"
TF30,Müller Heinrich,2025-05,MONTHLY,Statistik Grundlohn (GrossBaseSalaryAndRegularAllowance),5500.0,5500.0,0.0,OK,
TF30,Müller Heinrich,2025-05,MONTHLY,Statistik Zulagen (Allowances),0.0,0.0,0.0,OK,
TF30,Müller Heinrich,2025-05,MONTHLY,Statistik Familienzulagen (FamilyIncomeSupplement),0.0,0.0,0.0,OK,
TF30,Müller Heinrich,2025-05,MONTHLY,Statistik Leistungen Dritter (PaymentsByThird),0.0,0.0,0.0,OK,
TF30,Müller Heinrich,2025-05,MONTHLY,Statistik BVG-Beitrag AN (BVG-LPP-RegularContribution),-440.0,-440.0,0.0,OK,
TF30,Müller Heinrich,2025-05,MONTHLY,QST steuerbarer Lohn BE A0Y (TaxableEarning),5500.0,5500.0,0.0,OK,"Satz-Lohn 5500.00, QST 651.75"
TF31,Bolletto Franca,2025-05,MONTHLY,Statistik Grundlohn (GrossBaseSalaryAndRegularAllowance),5000.0,5000.0,0.0,OK,
TF31,Bolletto Franca,2025-05,MONTHLY,Statistik Zulagen (Allowances),0.0,0.0,0.0,OK,
TF31,Bolletto Franca,2025-05,MONTHLY,Statistik Familienzulagen (FamilyIncomeSupplement),0.0,0.0,0.0,OK,
TF31,Bolletto Franca,2025-05,MONTHLY,Statistik Leistungen Dritter (PaymentsByThird),0.0,0.0,0.0,OK,
TF31,Bolletto Franca,2025-05,MONTHLY,Statistik BVG-Beitrag AN (BVG-LPP-RegularContribution),-325.0,-325.0,0.0,OK,
TF31,Bolletto Franca,2025-05,MONTHLY,QST steuerbarer Lohn VD A0N (TaxableEarning),5000.0,5000.0,0.0,OK,"Satz-Lohn 5000.00, QST 419.00"
TF33,Châtelain Pierre,2025-05,MONTHLY,Statistik Grundlohn (GrossBaseSalaryAndRegularAllowance),5000.0,5000.0,0.0,OK,
TF33,Châtelain Pierre,2025-05,MONTHLY,Statistik Zulagen (Allowances),0.0,0.0,0.0,OK,
TF33,Châtelain Pierre,2025-05,MONTHLY,Statistik Familienzulagen (FamilyIncomeSupplement),0.0,0.0,0.0,OK,
TF33,Châtelain Pierre,2025-05,MONTHLY,Statistik Leistungen Dritter (PaymentsByThird),0.0,0.0,0.0,OK,
TF33,Châtelain Pierre,2025-05,MONTHLY,Statistik BVG-Beitrag AN (BVG-LPP-RegularContribution),-379.17,-379.17,0.0,OK,
TF33,Châtelain Pierre,2025-05,MONTHLY,QST steuerbarer Lohn BE A0Y (TaxableEarning),5000.0,5000.0,0.0,OK,"Satz-Lohn 5000.00, QST 547.50"
TF34,Rinaldi Massimo,2025-05,MONTHLY,Statistik Grundlohn (GrossBaseSalaryAndRegularAllowance),5000.0,5000.0,0.0,OK,
TF34,Rinaldi Massimo,2025-05,MONTHLY,Statistik Zulagen (Allowances),0.0,0.0,0.0,OK,
TF34,Rinaldi Massimo,2025-05,MONTHLY,Statistik Familienzulagen (FamilyIncomeSupplement),0.0,0.0,0.0,OK,
TF34,Rinaldi Massimo,2025-05,MONTHLY,Statistik Leistungen Dritter (PaymentsByThird),0.0,0.0,0.0,OK,
TF34,Rinaldi Massimo,2025-05,MONTHLY,Statistik BVG-Beitrag AN (BVG-LPP-RegularContribution),0.0,-0.0,0.0,OK,
TF34,Rinaldi Massimo,2025-05,MONTHLY,QST steuerbarer Lohn TI A0N (TaxableEarning),5000.0,5000.0,0.0,OK,"Satz-Lohn 5000.00, QST 425.00"
TF35,Roos Roland,2025-05,MONTHLY,Statistik Grundlohn (GrossBaseSalaryAndRegularAllowance),5000.0,5000.0,0.0,OK,
TF35,Roos Roland,2025-05,MONTHLY,Statistik Zulagen (Allowances),0.0,0.0,0.0,OK,
TF35,Roos Roland,2025-05,MONTHLY,Statistik Familienzulagen (FamilyIncomeSupplement),0.0,0.0,0.0,OK,
TF35,Roos Roland,2025-05,MONTHLY,Statistik Leistungen Dritter (PaymentsByThird),0.0,0.0,0.0,OK,
TF35,Roos Roland,2025-05,MONTHLY,Statistik BVG-Beitrag AN (BVG-LPP-RegularContribution),-379.17,-379.17,0.0,OK,
TF35,Roos Roland,2025-05,MONTHLY,QST steuerbarer Lohn TI A0N (TaxableEarning),5000.0,5000.0,0.0,OK,"Satz-Lohn 7500.00, QST 615.00"
TF36,Maldini Fabio,2025-05,MONTHLY,Statistik Grundlohn (GrossBaseSalaryAndRegularAllowance),5000.0,5000.0,0.0,OK,
TF36,Maldini Fabio,2025-05,MONTHLY,Statistik Zulagen (Allowances),0.0,0.0,0.0,OK,
TF36,Maldini Fabio,2025-05,MONTHLY,Statistik Familienzulagen (FamilyIncomeSupplement),0.0,0.0,0.0,OK,
TF36,Maldini Fabio,2025-05,MONTHLY,Statistik Leistungen Dritter (PaymentsByThird),0.0,0.0,0.0,OK,
TF36,Maldini Fabio,2025-05,MONTHLY,Statistik BVG-Beitrag AN (BVG-LPP-RegularContribution),-433.33,-433.33,0.0,OK,
TF36,Maldini Fabio,2025-05,MONTHLY,QST steuerbarer Lohn BE A0Y (TaxableEarning),5000.0,5000.0,0.0,OK,"Satz-Lohn 5000.00, QST 547.50"
TF38,Jung Claude,2025-05,MONTHLY,Statistik Grundlohn (GrossBaseSalaryAndRegularAllowance),3000.0,3000.0,0.0,OK,
TF38,Jung Claude,2025-05,MONTHLY,Statistik Zulagen (Allowances),0.0,0.0,0.0,OK,
TF38,Jung Claude,2025-05,MONTHLY,Statistik Familienzulagen (FamilyIncomeSupplement),0.0,0.0,0.0,OK,
TF38,Jung Claude,2025-05,MONTHLY,Statistik Leistungen Dritter (PaymentsByThird),0.0,0.0,0.0,OK,
TF38,Jung Claude,2025-05,MONTHLY,Statistik BVG-Beitrag AN (BVG-LPP-RegularContribution),-393.33,-393.33,0.0,OK,
TF38,Jung Claude,2025-05,MONTHLY,QST steuerbarer Lohn BE A0Y (TaxableEarning),3000.0,3000.0,0.0,OK,"Satz-Lohn 3000.00, QST 171.60"
TF39,Hasler Harald,2025-05,MONTHLY,Statistik Grundlohn (GrossBaseSalaryAndRegularAllowance),0.0,0.0,0.0,OK,
TF39,Hasler Harald,2025-05,MONTHLY,Statistik Zulagen (Allowances),0.0,0.0,0.0,OK,
TF39,Hasler Harald,2025-05,MONTHLY,Statistik Familienzulagen (FamilyIncomeSupplement),0.0,0.0,0.0,OK,
TF39,Hasler Harald,2025-05,MONTHLY,Statistik Leistungen Dritter (PaymentsByThird),0.0,0.0,0.0,OK,
TF39,Hasler Harald,2025-05,MONTHLY,Statistik BVG-Beitrag AN (BVG-LPP-RegularContribution),0.0,-0.0,0.0,OK,
TF39,Hasler Harald,2025-05,MONTHLY,QST steuerbarer Lohn BE None (TaxableEarning),0.0,0.0,0.0,OK,"Satz-Lohn 0.00, QST 0.00"
TF41,Meier Max,2025-05,MONTHLY,QST steuerbarer Lohn TI A0N (TaxableEarning),30000.0,30000.0,0.0,OK,"Satz-Lohn 14166.65, QST 5580.00"
TF44,Lusser Hans,2025-05,MONTHLY,Statistik Grundlohn (GrossBaseSalaryAndRegularAllowance),1500.0,1500.0,0.0,OK,
TF44,Lusser Hans,2025-05,MONTHLY,Statistik Zulagen (Allowances),0.0,0.0,0.0,OK,
TF44,Lusser Hans,2025-05,MONTHLY,Statistik Familienzulagen (FamilyIncomeSupplement),0.0,0.0,0.0,OK,
TF44,Lusser Hans,2025-05,MONTHLY,Statistik Leistungen Dritter (PaymentsByThird),0.0,0.0,0.0,OK,
TF44,Lusser Hans,2025-05,MONTHLY,Statistik BVG-Beitrag AN (BVG-LPP-RegularContribution),0.0,-0.0,0.0,OK,
TF01,Herz Monica,2025-05,MONTHLY,Person fehlt im XML,0.0,2300.0,-2300.0,DIFF,"CSV hat Lohn im Monat, MONTHLY ohne Person"
TF01,Herz Monica,2025-06,RETRO,AHV-Basis (AHV-AVS-BaseSalary),35359.3,35359.3,0.0,OK,
TF01,Herz Monica,2025-06,RETRO,FAK-Basis (FAK-CAF-ContributorySalary),35359.3,35359.3,0.0,OK,
TF01,Herz Monica,2025-06,RETRO,FAK Kinderzulagen wiederkehrend (3000),0.0,0.0,0.0,OK,
TF01,Herz Monica,2025-06,RETRO,FAK Zulagen einmalig (3001+3034),0.0,0.0,0.0,OK,
TF01,Herz Monica,2025-06,RETRO,UVG-Bruttolohn (UVG-LAA-GrossSalary),39359.3,39359.3,0.0,OK,
TF01,Herz Monica,2025-06,RETRO,UVG-Basis (UVG-LAA-BaseSalary),32859.3,32859.3,0.0,OK,
TF01,Herz Monica,2025-06,RETRO,UVGZ-Basis (UVGZ-LAAC-BaseSalary),32859.3,32859.3,0.0,OK,
TF01,Herz Monica,2025-06,RETRO,KTG-Referenzlohn (Reference-AHV-AVS-Salary),35359.3,35359.3,0.0,OK,
TF01,Herz Monica,2025-06,RETRO,"Lohnausweis Bruttolohn (GrossIncome, Ziff. 8)",39359.3,39359.3,0.0,OK,
TF01,Herz Monica,2025-06,RETRO,Lohnausweis BVG ordentlich (Ziff. 10.1 = 5050+1972),2205.0,2205.0,0.0,OK,
TF02,Paganini Maria,2025-06,RETRO,AHV-Basis (AHV-AVS-BaseSalary),30279.4,30279.4,0.0,OK,
TF02,Paganini Maria,2025-06,RETRO,FAK-Basis (FAK-CAF-ContributorySalary),30279.4,30279.4,0.0,OK,
TF02,Paganini Maria,2025-06,RETRO,FAK Kinderzulagen wiederkehrend (3000),1290.0,1290.0,0.0,OK,
TF02,Paganini Maria,2025-06,RETRO,FAK Zulagen einmalig (3001+3034),0.0,0.0,0.0,OK,
TF02,Paganini Maria,2025-06,RETRO,UVG-Bruttolohn (UVG-LAA-GrossSalary),30369.4,30369.4,0.0,OK,
TF02,Paganini Maria,2025-06,RETRO,UVG-Basis (UVG-LAA-BaseSalary),30279.4,30279.4,0.0,OK,
TF02,Paganini Maria,2025-06,RETRO,UVGZ-Basis (UVGZ-LAAC-BaseSalary),30279.4,30279.4,0.0,OK,
TF02,Paganini Maria,2025-06,RETRO,KTG-Referenzlohn (Reference-AHV-AVS-Salary),30279.4,30279.4,0.0,OK,
TF02,Paganini Maria,2025-06,RETRO,"Lohnausweis Bruttolohn (GrossIncome, Ziff. 8)",30369.4,30369.4,0.0,OK,
TF02,Paganini Maria,2025-06,RETRO,Lohnausweis BVG ordentlich (Ziff. 10.1 = 5050+1972),2450.0,2449.98,0.02,OK,
TF03,Lusser Pia,2025-06,RETRO,FAK-Basis (FAK-CAF-ContributorySalary),68000.0,69400.0,-1400.0,DIFF,
TF03,Lusser Pia,2025-06,RETRO,FAK Kinderzulagen wiederkehrend (3000),0.0,0.0,0.0,OK,
TF03,Lusser Pia,2025-06,RETRO,FAK Zulagen einmalig (3001+3034),0.0,0.0,0.0,OK,
TF03,Lusser Pia,2025-06,RETRO,UVG-Bruttolohn (UVG-LAA-GrossSalary),75400.0,75400.0,0.0,OK,
TF03,Lusser Pia,2025-06,RETRO,UVG-Basis (UVG-LAA-BaseSalary),69400.0,69400.0,0.0,OK,
TF03,Lusser Pia,2025-06,RETRO,UVGZ-Basis (UVGZ-LAAC-BaseSalary),69400.0,69400.0,0.0,OK,
TF03,Lusser Pia,2025-06,RETRO,KTG-Referenzlohn (Reference-AHV-AVS-Salary),69400.0,69400.0,0.0,OK,
TF03,Lusser Pia,2025-06,RETRO,"Lohnausweis Bruttolohn (GrossIncome, Ziff. 8)",75400.0,75400.0,0.0,OK,
TF03,Lusser Pia,2025-06,RETRO,Lohnausweis BVG ordentlich (Ziff. 10.1 = 5050+1972),1925.0,1925.0,0.0,OK,
TF04,Fankhauser Markus,2025-06,RETRO,AHV-Basis (AHV-AVS-BaseSalary),180000.0,180000.0,0.0,OK,
TF04,Fankhauser Markus,2025-06,RETRO,FAK-Basis (FAK-CAF-ContributorySalary),180000.0,180000.0,0.0,OK,
TF04,Fankhauser Markus,2025-06,RETRO,FAK Kinderzulagen wiederkehrend (3000),0.0,0.0,0.0,OK,
TF04,Fankhauser Markus,2025-06,RETRO,FAK Zulagen einmalig (3001+3034),0.0,0.0,0.0,OK,
TF04,Fankhauser Markus,2025-06,RETRO,UVG-Bruttolohn (UVG-LAA-GrossSalary),180000.0,180000.0,0.0,OK,
TF04,Fankhauser Markus,2025-06,RETRO,UVG-Basis (UVG-LAA-BaseSalary),180000.0,180000.0,0.0,OK,
TF04,Fankhauser Markus,2025-06,RETRO,UVGZ-Basis (UVGZ-LAAC-BaseSalary),180000.0,180000.0,0.0,OK,
TF04,Fankhauser Markus,2025-06,RETRO,KTG-Referenzlohn (Reference-AHV-AVS-Salary),180000.0,180000.0,0.0,OK,
TF04,Fankhauser Markus,2025-06,RETRO,"Lohnausweis Bruttolohn (GrossIncome, Ziff. 8)",180000.0,180000.0,0.0,OK,
TF04,Fankhauser Markus,2025-06,RETRO,Lohnausweis BVG ordentlich (Ziff. 10.1 = 5050+1972),16800.0,16800.0,0.0,OK,
TF05,Moser Johann,2025-06,RETRO,FAK-Basis (FAK-CAF-ContributorySalary),5400.0,8100.0,-2700.0,DIFF,
TF05,Moser Johann,2025-06,RETRO,FAK Kinderzulagen wiederkehrend (3000),0.0,0.0,0.0,OK,
TF05,Moser Johann,2025-06,RETRO,FAK Zulagen einmalig (3001+3034),0.0,0.0,0.0,OK,
TF05,Moser Johann,2025-06,RETRO,UVG-Bruttolohn (UVG-LAA-GrossSalary),8100.0,8100.0,0.0,OK,
TF05,Moser Johann,2025-06,RETRO,UVG-Basis (UVG-LAA-BaseSalary),8100.0,8100.0,0.0,OK,
TF05,Moser Johann,2025-06,RETRO,UVGZ-Basis (UVGZ-LAAC-BaseSalary),8100.0,8100.0,0.0,OK,
TF05,Moser Johann,2025-06,RETRO,KTG-Referenzlohn (Reference-AHV-AVS-Salary),8100.0,8100.0,0.0,OK,
TF05,Moser Johann,2025-06,RETRO,"Lohnausweis Bruttolohn (GrossIncome, Ziff. 8)",8100.0,8100.0,0.0,OK,
TF05,Moser Johann,2025-06,RETRO,Lohnausweis BVG ordentlich (Ziff. 10.1 = 5050+1972),468.0,468.0,0.0,OK,
TF06,Zahnd Anita,2025-06,RETRO,AHV-Basis (AHV-AVS-BaseSalary),81000.0,81000.0,0.0,OK,
TF06,Zahnd Anita,2025-06,RETRO,FAK-Basis (FAK-CAF-ContributorySalary),81000.0,81000.0,0.0,OK,
TF06,Zahnd Anita,2025-06,RETRO,FAK Kinderzulagen wiederkehrend (3000),0.0,0.0,0.0,OK,
TF06,Zahnd Anita,2025-06,RETRO,FAK Zulagen einmalig (3001+3034),0.0,0.0,0.0,OK,
TF06,Zahnd Anita,2025-06,RETRO,UVG-Bruttolohn (UVG-LAA-GrossSalary),81000.0,81000.0,0.0,OK,
TF06,Zahnd Anita,2025-06,RETRO,UVG-Basis (UVG-LAA-BaseSalary),81000.0,81000.0,0.0,OK,
TF06,Zahnd Anita,2025-06,RETRO,UVGZ-Basis (UVGZ-LAAC-BaseSalary),81000.0,81000.0,0.0,OK,
TF06,Zahnd Anita,2025-06,RETRO,KTG-Referenzlohn (Reference-AHV-AVS-Salary),81000.0,81000.0,0.0,OK,
TF06,Zahnd Anita,2025-06,RETRO,"Lohnausweis Bruttolohn (GrossIncome, Ziff. 8)",81000.0,81000.0,0.0,OK,
TF06,Zahnd Anita,2025-06,RETRO,Lohnausweis BVG ordentlich (Ziff. 10.1 = 5050+1972),6480.0,6480.0,0.0,OK,
TF07,Burri Heidi,2025-06,RETRO,AHV-Basis (AHV-AVS-BaseSalary),5500.0,5500.0,0.0,OK,
TF07,Burri Heidi,2025-06,RETRO,FAK-Basis (FAK-CAF-ContributorySalary),5500.0,5500.0,0.0,OK,
TF07,Burri Heidi,2025-06,RETRO,FAK Kinderzulagen wiederkehrend (3000),0.0,0.0,0.0,OK,
TF07,Burri Heidi,2025-06,RETRO,FAK Zulagen einmalig (3001+3034),0.0,0.0,0.0,OK,
TF07,Burri Heidi,2025-06,RETRO,UVG-Bruttolohn (UVG-LAA-GrossSalary),15000.0,15000.0,0.0,OK,
TF07,Burri Heidi,2025-06,RETRO,UVG-Basis (UVG-LAA-BaseSalary),5500.0,5500.0,0.0,OK,
TF07,Burri Heidi,2025-06,RETRO,UVGZ-Basis (UVGZ-LAAC-BaseSalary),5500.0,5500.0,0.0,OK,
TF07,Burri Heidi,2025-06,RETRO,KTG-Referenzlohn (Reference-AHV-AVS-Salary),5500.0,5500.0,0.0,OK,
TF07,Burri Heidi,2025-06,RETRO,"Lohnausweis Bruttolohn (GrossIncome, Ziff. 8)",15000.0,15000.0,0.0,OK,
TF07,Burri Heidi,2025-06,RETRO,Lohnausweis BVG ordentlich (Ziff. 10.1 = 5050+1972),0.0,0.0,0.0,OK,
TF08,Lamon René,2025-06,RETRO,AHV-Basis (AHV-AVS-BaseSalary),62160.4,62160.4,0.0,OK,
TF08,Lamon René,2025-06,RETRO,FAK-Basis (FAK-CAF-ContributorySalary),62160.4,62160.4,0.0,OK,
TF08,Lamon René,2025-06,RETRO,FAK Kinderzulagen wiederkehrend (3000),1500.0,1500.0,0.0,OK,
TF08,Lamon René,2025-06,RETRO,FAK Zulagen einmalig (3001+3034),0.0,0.0,0.0,OK,
TF08,Lamon René,2025-06,RETRO,UVG-Bruttolohn (UVG-LAA-GrossSalary),63660.4,63660.4,0.0,OK,
TF08,Lamon René,2025-06,RETRO,UVG-Basis (UVG-LAA-BaseSalary),62160.4,62160.4,0.0,OK,
TF08,Lamon René,2025-06,RETRO,UVGZ-Basis (UVGZ-LAAC-BaseSalary),62160.4,62160.4,0.0,OK,
TF08,Lamon René,2025-06,RETRO,KTG-Referenzlohn (Reference-AHV-AVS-Salary),62160.4,62160.4,0.0,OK,
TF08,Lamon René,2025-06,RETRO,"Lohnausweis Bruttolohn (GrossIncome, Ziff. 8)",63660.4,63660.4,0.0,OK,
TF08,Lamon René,2025-06,RETRO,Lohnausweis BVG ordentlich (Ziff. 10.1 = 5050+1972),4506.55,4506.54,0.01,OK,
TF09,Estermann Michael,2025-06,RETRO,FAK-Basis (FAK-CAF-ContributorySalary),38600.0,47000.0,-8400.0,DIFF,
TF09,Estermann Michael,2025-06,RETRO,FAK Kinderzulagen wiederkehrend (3000),0.0,0.0,0.0,OK,
TF09,Estermann Michael,2025-06,RETRO,FAK Zulagen einmalig (3001+3034),0.0,0.0,0.0,OK,
TF09,Estermann Michael,2025-06,RETRO,UVG-Bruttolohn (UVG-LAA-GrossSalary),47000.0,47000.0,0.0,OK,
TF09,Estermann Michael,2025-06,RETRO,UVG-Basis (UVG-LAA-BaseSalary),47000.0,47000.0,0.0,OK,
TF09,Estermann Michael,2025-06,RETRO,UVGZ-Basis (UVGZ-LAAC-BaseSalary),47000.0,47000.0,0.0,OK,
TF09,Estermann Michael,2025-06,RETRO,KTG-Referenzlohn (Reference-AHV-AVS-Salary),47000.0,47000.0,0.0,OK,
TF09,Estermann Michael,2025-06,RETRO,"Lohnausweis Bruttolohn (GrossIncome, Ziff. 8)",47000.0,47000.0,0.0,OK,
TF09,Estermann Michael,2025-06,RETRO,Lohnausweis BVG ordentlich (Ziff. 10.1 = 5050+1972),0.0,0.0,0.0,OK,
TF10,Ganz Heinz,2025-06,RETRO,AHV-Basis (AHV-AVS-BaseSalary),32000.0,32000.0,0.0,OK,
TF10,Ganz Heinz,2025-06,RETRO,FAK-Basis (FAK-CAF-ContributorySalary),32000.0,32000.0,0.0,OK,
TF10,Ganz Heinz,2025-06,RETRO,FAK Kinderzulagen wiederkehrend (3000),0.0,0.0,0.0,OK,
TF10,Ganz Heinz,2025-06,RETRO,FAK Zulagen einmalig (3001+3034),0.0,0.0,0.0,OK,
TF10,Ganz Heinz,2025-06,RETRO,UVG-Bruttolohn (UVG-LAA-GrossSalary),31400.0,31400.0,0.0,OK,
TF10,Ganz Heinz,2025-06,RETRO,UVG-Basis (UVG-LAA-BaseSalary),31000.0,31000.0,0.0,OK,
TF10,Ganz Heinz,2025-06,RETRO,UVGZ-Basis (UVGZ-LAAC-BaseSalary),31000.0,31000.0,0.0,OK,
TF10,Ganz Heinz,2025-06,RETRO,KTG-Referenzlohn (Reference-AHV-AVS-Salary),32000.0,32000.0,0.0,OK,
TF10,Ganz Heinz,2025-06,RETRO,"Lohnausweis Bruttolohn (GrossIncome, Ziff. 8)",31400.0,31400.0,0.0,OK,
TF10,Ganz Heinz,2025-06,RETRO,Lohnausweis BVG ordentlich (Ziff. 10.1 = 5050+1972),2240.0,2240.0,0.0,OK,
TF11,Bosshard Peter,2025-06,RETRO,AHV-Basis (AHV-AVS-BaseSalary),107100.0,107100.0,0.0,OK,
TF11,Bosshard Peter,2025-06,RETRO,FAK-Basis (FAK-CAF-ContributorySalary),107100.0,107100.0,0.0,OK,
TF11,Bosshard Peter,2025-06,RETRO,FAK Kinderzulagen wiederkehrend (3000),2420.0,2420.0,0.0,OK,
TF11,Bosshard Peter,2025-06,RETRO,FAK Zulagen einmalig (3001+3034),1000.0,1000.0,0.0,OK,
TF11,Bosshard Peter,2025-06,RETRO,UVG-Bruttolohn (UVG-LAA-GrossSalary),160520.0,160520.0,0.0,OK,
TF11,Bosshard Peter,2025-06,RETRO,UVG-Basis (UVG-LAA-BaseSalary),107100.0,107100.0,0.0,OK,
TF11,Bosshard Peter,2025-06,RETRO,UVGZ-Basis (UVGZ-LAAC-BaseSalary),214200.0,107100.0,107100.0,DIFF,
TF11,Bosshard Peter,2025-06,RETRO,KTG-Referenzlohn (Reference-AHV-AVS-Salary),214200.0,107100.0,107100.0,DIFF,
TF11,Bosshard Peter,2025-06,RETRO,"Lohnausweis Bruttolohn (GrossIncome, Ziff. 8)",160520.0,160520.0,0.0,OK,
TF11,Bosshard Peter,2025-06,RETRO,Lohnausweis BVG ordentlich (Ziff. 10.1 = 5050+1972),6792.35,6792.33,0.02,OK,
TF11,Bosshard Peter,2025-06,RETRO,Lohnausweis BVG Einkauf (Ziff. 10.2 = 1973),5000.0,5000.0,0.0,OK,
TF12,Casanova Renato,2025-06,RETRO,AHV-Basis (AHV-AVS-BaseSalary),50850.0,50850.0,0.0,OK,
TF12,Casanova Renato,2025-06,RETRO,FAK-Basis (FAK-CAF-ContributorySalary),50850.0,50850.0,0.0,OK,
TF12,Casanova Renato,2025-06,RETRO,FAK Kinderzulagen wiederkehrend (3000),0.0,0.0,0.0,OK,
TF12,Casanova Renato,2025-06,RETRO,FAK Zulagen einmalig (3001+3034),0.0,0.0,0.0,OK,
TF12,Casanova Renato,2025-06,RETRO,UVG-Bruttolohn (UVG-LAA-GrossSalary),55850.0,55850.0,0.0,OK,
TF12,Casanova Renato,2025-06,RETRO,UVG-Basis (UVG-LAA-BaseSalary),48850.0,48850.0,0.0,OK,
TF12,Casanova Renato,2025-06,RETRO,UVGZ-Basis (UVGZ-LAAC-BaseSalary),48850.0,48850.0,0.0,OK,
TF12,Casanova Renato,2025-06,RETRO,KTG-Referenzlohn (Reference-AHV-AVS-Salary),50850.0,50850.0,0.0,OK,
TF12,Casanova Renato,2025-06,RETRO,"Lohnausweis Bruttolohn (GrossIncome, Ziff. 8)",53850.0,55850.0,-2000.0,DIFF,
TF12,Casanova Renato,2025-06,RETRO,Lohnausweis BVG ordentlich (Ziff. 10.1 = 5050+1972),4497.5,4497.5,0.0,OK,
TF13,Combertaldi Renato,2025-06,RETRO,UVG-Bruttolohn (UVG-LAA-GrossSalary),13380.0,13380.0,0.0,OK,
TF13,Combertaldi Renato,2025-06,RETRO,UVG-Basis (UVG-LAA-BaseSalary),13380.0,13380.0,0.0,OK,
TF13,Combertaldi Renato,2025-06,RETRO,UVGZ-Basis (UVGZ-LAAC-BaseSalary),13380.0,13380.0,0.0,OK,
TF13,Combertaldi Renato,2025-06,RETRO,KTG-Referenzlohn (Reference-AHV-AVS-Salary),13380.0,13380.0,0.0,OK,
TF13,Combertaldi Renato,2025-06,RETRO,"Lohnausweis Bruttolohn (GrossIncome, Ziff. 8)",13380.0,13380.0,0.0,OK,
TF13,Combertaldi Renato,2025-06,RETRO,Lohnausweis BVG ordentlich (Ziff. 10.1 = 5050+1972),0.0,0.0,0.0,OK,
TF14,Egli Anna,2025-06,RETRO,UVG-Bruttolohn (UVG-LAA-GrossSalary),23424.8,23424.8,0.0,OK,
TF14,Egli Anna,2025-06,RETRO,UVG-Basis (UVG-LAA-BaseSalary),23424.8,23424.8,0.0,OK,
TF14,Egli Anna,2025-06,RETRO,UVGZ-Basis (UVGZ-LAAC-BaseSalary),23424.8,23424.8,0.0,OK,
TF14,Egli Anna,2025-06,RETRO,KTG-Referenzlohn (Reference-AHV-AVS-Salary),23424.8,23424.8,0.0,OK,
TF14,Egli Anna,2025-06,RETRO,"Lohnausweis Bruttolohn (GrossIncome, Ziff. 8)",23424.8,23424.8,0.0,OK,
TF14,Egli Anna,2025-06,RETRO,Lohnausweis BVG ordentlich (Ziff. 10.1 = 5050+1972),0.0,0.0,0.0,OK,
TF15,Degelo Lorenz,2025-06,RETRO,AHV-Basis (AHV-AVS-BaseSalary),2800.35,2800.35,0.0,OK,
TF15,Degelo Lorenz,2025-06,RETRO,FAK-Basis (FAK-CAF-ContributorySalary),2800.35,2800.35,0.0,OK,
TF15,Degelo Lorenz,2025-06,RETRO,FAK Kinderzulagen wiederkehrend (3000),0.0,0.0,0.0,OK,
TF15,Degelo Lorenz,2025-06,RETRO,FAK Zulagen einmalig (3001+3034),0.0,0.0,0.0,OK,
TF15,Degelo Lorenz,2025-06,RETRO,UVG-Bruttolohn (UVG-LAA-GrossSalary),2800.35,2800.35,0.0,OK,
TF15,Degelo Lorenz,2025-06,RETRO,UVG-Basis (UVG-LAA-BaseSalary),2800.35,2800.35,0.0,OK,
TF15,Degelo Lorenz,2025-06,RETRO,UVGZ-Basis (UVGZ-LAAC-BaseSalary),2800.35,2800.35,0.0,OK,
TF15,Degelo Lorenz,2025-06,RETRO,KTG-Referenzlohn (Reference-AHV-AVS-Salary),2800.35,2800.35,0.0,OK,
TF15,Degelo Lorenz,2025-06,RETRO,"Lohnausweis Bruttolohn (GrossIncome, Ziff. 8)",2800.35,2800.35,0.0,OK,
TF15,Degelo Lorenz,2025-06,RETRO,Lohnausweis BVG ordentlich (Ziff. 10.1 = 5050+1972),0.0,0.0,0.0,OK,
TF16,Aebi Anna,2025-06,RETRO,FAK-Basis (FAK-CAF-ContributorySalary),30365.05,34565.05,-4200.0,DIFF,
TF16,Aebi Anna,2025-06,RETRO,FAK Kinderzulagen wiederkehrend (3000),0.0,0.0,0.0,OK,
TF16,Aebi Anna,2025-06,RETRO,FAK Zulagen einmalig (3001+3034),0.0,0.0,0.0,OK,
TF16,Aebi Anna,2025-06,RETRO,UVG-Bruttolohn (UVG-LAA-GrossSalary),34565.05,34565.05,0.0,OK,
TF16,Aebi Anna,2025-06,RETRO,UVG-Basis (UVG-LAA-BaseSalary),34565.05,34565.05,0.0,OK,
TF16,Aebi Anna,2025-06,RETRO,UVGZ-Basis (UVGZ-LAAC-BaseSalary),34565.05,34565.05,0.0,OK,
TF16,Aebi Anna,2025-06,RETRO,KTG-Referenzlohn (Reference-AHV-AVS-Salary),34565.05,34565.05,0.0,OK,
TF16,Aebi Anna,2025-06,RETRO,"Lohnausweis Bruttolohn (GrossIncome, Ziff. 8)",34565.05,34565.05,0.0,OK,
TF16,Aebi Anna,2025-06,RETRO,Lohnausweis BVG ordentlich (Ziff. 10.1 = 5050+1972),0.0,0.0,0.0,OK,
TF17,Binggeli Fritz,2025-06,RETRO,AHV-Basis (AHV-AVS-BaseSalary),27300.0,27300.0,0.0,OK,
TF17,Binggeli Fritz,2025-06,RETRO,FAK-Basis (FAK-CAF-ContributorySalary),27300.0,27300.0,0.0,OK,
TF17,Binggeli Fritz,2025-06,RETRO,FAK Kinderzulagen wiederkehrend (3000),0.0,0.0,0.0,OK,
TF17,Binggeli Fritz,2025-06,RETRO,FAK Zulagen einmalig (3001+3034),0.0,0.0,0.0,OK,
TF17,Binggeli Fritz,2025-06,RETRO,UVG-Bruttolohn (UVG-LAA-GrossSalary),27300.0,27300.0,0.0,OK,
TF17,Binggeli Fritz,2025-06,RETRO,UVG-Basis (UVG-LAA-BaseSalary),27300.0,27300.0,0.0,OK,
TF17,Binggeli Fritz,2025-06,RETRO,UVGZ-Basis (UVGZ-LAAC-BaseSalary),27300.0,27300.0,0.0,OK,
TF17,Binggeli Fritz,2025-06,RETRO,KTG-Referenzlohn (Reference-AHV-AVS-Salary),27300.0,27300.0,0.0,OK,
TF17,Binggeli Fritz,2025-06,RETRO,"Lohnausweis Bruttolohn (GrossIncome, Ziff. 8)",27300.0,27300.0,0.0,OK,
TF17,Binggeli Fritz,2025-06,RETRO,Lohnausweis BVG ordentlich (Ziff. 10.1 = 5050+1972),1911.0,1911.0,0.0,OK,
TF18,Blanc Pierre,2025-06,RETRO,AHV-Basis (AHV-AVS-BaseSalary),7076.7,7076.7,0.0,OK,
TF18,Blanc Pierre,2025-06,RETRO,FAK-Basis (FAK-CAF-ContributorySalary),7076.7,7076.7,0.0,OK,
TF18,Blanc Pierre,2025-06,RETRO,FAK Kinderzulagen wiederkehrend (3000),0.0,0.0,0.0,OK,
TF18,Blanc Pierre,2025-06,RETRO,FAK Zulagen einmalig (3001+3034),0.0,0.0,0.0,OK,
TF18,Blanc Pierre,2025-06,RETRO,UVG-Bruttolohn (UVG-LAA-GrossSalary),7076.7,7076.7,0.0,OK,
TF18,Blanc Pierre,2025-06,RETRO,UVG-Basis (UVG-LAA-BaseSalary),7076.7,7076.7,0.0,OK,
TF18,Blanc Pierre,2025-06,RETRO,UVGZ-Basis (UVGZ-LAAC-BaseSalary),7076.7,7076.7,0.0,OK,
TF18,Blanc Pierre,2025-06,RETRO,KTG-Referenzlohn (Reference-AHV-AVS-Salary),7076.7,7076.7,0.0,OK,
TF18,Blanc Pierre,2025-06,RETRO,"Lohnausweis Bruttolohn (GrossIncome, Ziff. 8)",7076.7,7076.7,0.0,OK,
TF18,Blanc Pierre,2025-06,RETRO,Lohnausweis BVG ordentlich (Ziff. 10.1 = 5050+1972),458.65,458.64,0.01,OK,
TF19,Andrey Melanie,2025-06,RETRO,AHV-Basis (AHV-AVS-BaseSalary),15600.0,15600.0,0.0,OK,
TF19,Andrey Melanie,2025-06,RETRO,FAK-Basis (FAK-CAF-ContributorySalary),15600.0,15600.0,0.0,OK,
TF19,Andrey Melanie,2025-06,RETRO,FAK Kinderzulagen wiederkehrend (3000),0.0,0.0,0.0,OK,
TF19,Andrey Melanie,2025-06,RETRO,FAK Zulagen einmalig (3001+3034),0.0,0.0,0.0,OK,
TF19,Andrey Melanie,2025-06,RETRO,UVG-Bruttolohn (UVG-LAA-GrossSalary),15600.0,15600.0,0.0,OK,
TF19,Andrey Melanie,2025-06,RETRO,UVG-Basis (UVG-LAA-BaseSalary),15600.0,15600.0,0.0,OK,
TF19,Andrey Melanie,2025-06,RETRO,UVGZ-Basis (UVGZ-LAAC-BaseSalary),15600.0,15600.0,0.0,OK,
TF19,Andrey Melanie,2025-06,RETRO,KTG-Referenzlohn (Reference-AHV-AVS-Salary),15600.0,15600.0,0.0,OK,
TF19,Andrey Melanie,2025-06,RETRO,"Lohnausweis Bruttolohn (GrossIncome, Ziff. 8)",15600.0,15600.0,0.0,OK,
TF19,Andrey Melanie,2025-06,RETRO,Lohnausweis BVG ordentlich (Ziff. 10.1 = 5050+1972),1182.95,1182.96,-0.01,OK,
TF20,Arnold Lukas,2025-06,RETRO,AHV-Basis (AHV-AVS-BaseSalary),10416.65,10416.65,0.0,OK,
TF20,Arnold Lukas,2025-06,RETRO,FAK-Basis (FAK-CAF-ContributorySalary),10416.65,10416.65,0.0,OK,
TF20,Arnold Lukas,2025-06,RETRO,FAK Kinderzulagen wiederkehrend (3000),0.0,0.0,0.0,OK,
TF20,Arnold Lukas,2025-06,RETRO,FAK Zulagen einmalig (3001+3034),0.0,0.0,0.0,OK,
TF20,Arnold Lukas,2025-06,RETRO,UVG-Bruttolohn (UVG-LAA-GrossSalary),10416.65,10416.65,0.0,OK,
TF20,Arnold Lukas,2025-06,RETRO,UVG-Basis (UVG-LAA-BaseSalary),9916.65,9916.65,0.0,OK,
TF20,Arnold Lukas,2025-06,RETRO,UVGZ-Basis (UVGZ-LAAC-BaseSalary),9916.65,9916.65,0.0,OK,
TF20,Arnold Lukas,2025-06,RETRO,KTG-Referenzlohn (Reference-AHV-AVS-Salary),10416.65,10416.65,0.0,OK,
TF20,Arnold Lukas,2025-06,RETRO,"Lohnausweis Bruttolohn (GrossIncome, Ziff. 8)",10416.65,10416.65,0.0,OK,
TF20,Arnold Lukas,2025-06,RETRO,Lohnausweis BVG ordentlich (Ziff. 10.1 = 5050+1972),520.0,519.99,0.01,OK,
TF21,Meier Christian,2025-06,RETRO,AHV-Basis (AHV-AVS-BaseSalary),10416.65,10416.65,0.0,OK,
TF21,Meier Christian,2025-06,RETRO,FAK-Basis (FAK-CAF-ContributorySalary),10416.65,10416.65,0.0,OK,
TF21,Meier Christian,2025-06,RETRO,FAK Kinderzulagen wiederkehrend (3000),0.0,0.0,0.0,OK,
TF21,Meier Christian,2025-06,RETRO,FAK Zulagen einmalig (3001+3034),0.0,0.0,0.0,OK,
TF21,Meier Christian,2025-06,RETRO,UVG-Bruttolohn (UVG-LAA-GrossSalary),10416.65,10416.65,0.0,OK,
TF21,Meier Christian,2025-06,RETRO,UVG-Basis (UVG-LAA-BaseSalary),9916.65,9916.65,0.0,OK,
TF21,Meier Christian,2025-06,RETRO,UVGZ-Basis (UVGZ-LAAC-BaseSalary),9916.65,9916.65,0.0,OK,
TF21,Meier Christian,2025-06,RETRO,KTG-Referenzlohn (Reference-AHV-AVS-Salary),10416.65,10416.65,0.0,OK,
TF21,Meier Christian,2025-06,RETRO,"Lohnausweis Bruttolohn (GrossIncome, Ziff. 8)",10416.65,10416.65,0.0,OK,
TF21,Meier Christian,2025-06,RETRO,Lohnausweis BVG ordentlich (Ziff. 10.1 = 5050+1972),455.0,455.01,-0.01,OK,
TF22,Bucher Elisabeth,2025-06,RETRO,AHV-Basis (AHV-AVS-BaseSalary),28503.75,28503.75,0.0,OK,
TF22,Bucher Elisabeth,2025-06,RETRO,FAK-Basis (FAK-CAF-ContributorySalary),28503.75,28503.75,0.0,OK,
TF22,Bucher Elisabeth,2025-06,RETRO,FAK Kinderzulagen wiederkehrend (3000),0.0,0.0,0.0,OK,
TF22,Bucher Elisabeth,2025-06,RETRO,FAK Zulagen einmalig (3001+3034),0.0,0.0,0.0,OK,
TF22,Bucher Elisabeth,2025-06,RETRO,UVG-Bruttolohn (UVG-LAA-GrossSalary),28503.75,28503.75,0.0,OK,
TF22,Bucher Elisabeth,2025-06,RETRO,UVG-Basis (UVG-LAA-BaseSalary),28503.75,28503.75,0.0,OK,
TF22,Bucher Elisabeth,2025-06,RETRO,UVGZ-Basis (UVGZ-LAAC-BaseSalary),28503.75,28503.75,0.0,OK,
TF22,Bucher Elisabeth,2025-06,RETRO,KTG-Referenzlohn (Reference-AHV-AVS-Salary),28503.75,28503.75,0.0,OK,
TF22,Bucher Elisabeth,2025-06,RETRO,"Lohnausweis Bruttolohn (GrossIncome, Ziff. 8)",28503.75,28503.75,0.0,OK,
TF22,Bucher Elisabeth,2025-06,RETRO,Lohnausweis BVG ordentlich (Ziff. 10.1 = 5050+1972),1755.8,1755.81,-0.01,OK,
TF23,Koller Ludwig,2025-06,RETRO,AHV-Basis (AHV-AVS-BaseSalary),60000.0,60000.0,0.0,OK,
TF23,Koller Ludwig,2025-06,RETRO,FAK-Basis (FAK-CAF-ContributorySalary),60000.0,60000.0,0.0,OK,
TF23,Koller Ludwig,2025-06,RETRO,FAK Kinderzulagen wiederkehrend (3000),0.0,0.0,0.0,OK,
TF23,Koller Ludwig,2025-06,RETRO,FAK Zulagen einmalig (3001+3034),0.0,0.0,0.0,OK,
TF23,Koller Ludwig,2025-06,RETRO,UVG-Bruttolohn (UVG-LAA-GrossSalary),60000.0,60000.0,0.0,OK,
TF23,Koller Ludwig,2025-06,RETRO,UVG-Basis (UVG-LAA-BaseSalary),60000.0,60000.0,0.0,OK,
TF23,Koller Ludwig,2025-06,RETRO,UVGZ-Basis (UVGZ-LAAC-BaseSalary),60000.0,60000.0,0.0,OK,
TF23,Koller Ludwig,2025-06,RETRO,KTG-Referenzlohn (Reference-AHV-AVS-Salary),60000.0,60000.0,0.0,OK,
TF23,Koller Ludwig,2025-06,RETRO,"Lohnausweis Bruttolohn (GrossIncome, Ziff. 8)",60000.0,60000.0,0.0,OK,
TF23,Koller Ludwig,2025-06,RETRO,Lohnausweis BVG ordentlich (Ziff. 10.1 = 5050+1972),2274.95,2274.96,-0.01,OK,
TF24,Utzinger Jan,2025-06,RETRO,AHV-Basis (AHV-AVS-BaseSalary),48000.0,48000.0,0.0,OK,
TF24,Utzinger Jan,2025-06,RETRO,FAK-Basis (FAK-CAF-ContributorySalary),48000.0,48000.0,0.0,OK,
TF24,Utzinger Jan,2025-06,RETRO,FAK Kinderzulagen wiederkehrend (3000),0.0,0.0,0.0,OK,
TF24,Utzinger Jan,2025-06,RETRO,FAK Zulagen einmalig (3001+3034),0.0,0.0,0.0,OK,
TF24,Utzinger Jan,2025-06,RETRO,UVG-Bruttolohn (UVG-LAA-GrossSalary),48000.0,48000.0,0.0,OK,
TF24,Utzinger Jan,2025-06,RETRO,UVG-Basis (UVG-LAA-BaseSalary),48000.0,48000.0,0.0,OK,
TF24,Utzinger Jan,2025-06,RETRO,UVGZ-Basis (UVGZ-LAAC-BaseSalary),48000.0,48000.0,0.0,OK,
TF24,Utzinger Jan,2025-06,RETRO,KTG-Referenzlohn (Reference-AHV-AVS-Salary),48000.0,48000.0,0.0,OK,
TF24,Utzinger Jan,2025-06,RETRO,"Lohnausweis Bruttolohn (GrossIncome, Ziff. 8)",48000.0,48000.0,0.0,OK,
TF24,Utzinger Jan,2025-06,RETRO,Lohnausweis BVG ordentlich (Ziff. 10.1 = 5050+1972),3640.0,3640.02,-0.02,OK,
TF25,Lehmann Nadine,2025-06,RETRO,AHV-Basis (AHV-AVS-BaseSalary),54166.65,54166.65,0.0,OK,
TF25,Lehmann Nadine,2025-06,RETRO,FAK-Basis (FAK-CAF-ContributorySalary),54166.65,54166.65,0.0,OK,
TF25,Lehmann Nadine,2025-06,RETRO,FAK Kinderzulagen wiederkehrend (3000),0.0,0.0,0.0,OK,
TF25,Lehmann Nadine,2025-06,RETRO,FAK Zulagen einmalig (3001+3034),0.0,0.0,0.0,OK,
TF25,Lehmann Nadine,2025-06,RETRO,UVG-Bruttolohn (UVG-LAA-GrossSalary),54166.65,54166.65,0.0,OK,
TF25,Lehmann Nadine,2025-06,RETRO,UVG-Basis (UVG-LAA-BaseSalary),54166.65,54166.65,0.0,OK,
TF25,Lehmann Nadine,2025-06,RETRO,UVGZ-Basis (UVGZ-LAAC-BaseSalary),54166.65,54166.65,0.0,OK,
TF25,Lehmann Nadine,2025-06,RETRO,KTG-Referenzlohn (Reference-AHV-AVS-Salary),54166.65,54166.65,0.0,OK,
TF25,Lehmann Nadine,2025-06,RETRO,"Lohnausweis Bruttolohn (GrossIncome, Ziff. 8)",54166.65,54166.65,0.0,OK,
TF25,Lehmann Nadine,2025-06,RETRO,Lohnausweis BVG ordentlich (Ziff. 10.1 = 5050+1972),4550.0,4550.0,0.0,OK,
TF26,Jenzer Marcel,2025-06,RETRO,AHV-Basis (AHV-AVS-BaseSalary),54166.65,54166.65,0.0,OK,
TF26,Jenzer Marcel,2025-06,RETRO,FAK-Basis (FAK-CAF-ContributorySalary),54166.65,54166.65,0.0,OK,
TF26,Jenzer Marcel,2025-06,RETRO,FAK Kinderzulagen wiederkehrend (3000),0.0,0.0,0.0,OK,
TF26,Jenzer Marcel,2025-06,RETRO,FAK Zulagen einmalig (3001+3034),0.0,0.0,0.0,OK,
TF26,Jenzer Marcel,2025-06,RETRO,UVG-Bruttolohn (UVG-LAA-GrossSalary),54166.65,54166.65,0.0,OK,
TF26,Jenzer Marcel,2025-06,RETRO,UVG-Basis (UVG-LAA-BaseSalary),54166.65,54166.65,0.0,OK,
TF26,Jenzer Marcel,2025-06,RETRO,UVGZ-Basis (UVGZ-LAAC-BaseSalary),54166.65,54166.65,0.0,OK,
TF26,Jenzer Marcel,2025-06,RETRO,KTG-Referenzlohn (Reference-AHV-AVS-Salary),54166.65,54166.65,0.0,OK,
TF26,Jenzer Marcel,2025-06,RETRO,"Lohnausweis Bruttolohn (GrossIncome, Ziff. 8)",54166.65,54166.65,0.0,OK,
TF26,Jenzer Marcel,2025-06,RETRO,Lohnausweis BVG ordentlich (Ziff. 10.1 = 5050+1972),4550.0,4550.0,0.0,OK,
TF27,Rast Eva,2025-06,RETRO,AHV-Basis (AHV-AVS-BaseSalary),20000.0,20000.0,0.0,OK,
TF27,Rast Eva,2025-06,RETRO,FAK-Basis (FAK-CAF-ContributorySalary),20000.0,20000.0,0.0,OK,
TF27,Rast Eva,2025-06,RETRO,FAK Kinderzulagen wiederkehrend (3000),0.0,0.0,0.0,OK,
TF27,Rast Eva,2025-06,RETRO,FAK Zulagen einmalig (3001+3034),0.0,0.0,0.0,OK,
TF27,Rast Eva,2025-06,RETRO,UVG-Bruttolohn (UVG-LAA-GrossSalary),20000.0,20000.0,0.0,OK,
TF27,Rast Eva,2025-06,RETRO,UVG-Basis (UVG-LAA-BaseSalary),20000.0,20000.0,0.0,OK,
TF27,Rast Eva,2025-06,RETRO,UVGZ-Basis (UVGZ-LAAC-BaseSalary),20000.0,20000.0,0.0,OK,
TF27,Rast Eva,2025-06,RETRO,KTG-Referenzlohn (Reference-AHV-AVS-Salary),20000.0,20000.0,0.0,OK,
TF27,Rast Eva,2025-06,RETRO,"Lohnausweis Bruttolohn (GrossIncome, Ziff. 8)",20000.0,20000.0,0.0,OK,
TF27,Rast Eva,2025-06,RETRO,Lohnausweis BVG ordentlich (Ziff. 10.1 = 5050+1972),1600.0,1600.0,0.0,OK,
TF28,Arbenz Esther,2025-06,RETRO,AHV-Basis (AHV-AVS-BaseSalary),56000.0,56000.0,0.0,OK,
TF28,Arbenz Esther,2025-06,RETRO,FAK-Basis (FAK-CAF-ContributorySalary),56000.0,56000.0,0.0,OK,
TF28,Arbenz Esther,2025-06,RETRO,FAK Kinderzulagen wiederkehrend (3000),0.0,0.0,0.0,OK,
TF28,Arbenz Esther,2025-06,RETRO,FAK Zulagen einmalig (3001+3034),0.0,0.0,0.0,OK,
TF28,Arbenz Esther,2025-06,RETRO,UVG-Bruttolohn (UVG-LAA-GrossSalary),56000.0,56000.0,0.0,OK,
TF28,Arbenz Esther,2025-06,RETRO,UVG-Basis (UVG-LAA-BaseSalary),56000.0,56000.0,0.0,OK,
TF28,Arbenz Esther,2025-06,RETRO,UVGZ-Basis (UVGZ-LAAC-BaseSalary),56000.0,56000.0,0.0,OK,
TF28,Arbenz Esther,2025-06,RETRO,KTG-Referenzlohn (Reference-AHV-AVS-Salary),56000.0,56000.0,0.0,OK,
TF28,Arbenz Esther,2025-06,RETRO,"Lohnausweis Bruttolohn (GrossIncome, Ziff. 8)",56000.0,56000.0,0.0,OK,
TF28,Arbenz Esther,2025-06,RETRO,Lohnausweis BVG ordentlich (Ziff. 10.1 = 5050+1972),3120.0,3120.0,0.0,OK,
TF29,Forster Moreno,2025-06,RETRO,AHV-Basis (AHV-AVS-BaseSalary),56000.0,56000.0,0.0,OK,
TF29,Forster Moreno,2025-06,RETRO,FAK-Basis (FAK-CAF-ContributorySalary),56000.0,56000.0,0.0,OK,
TF29,Forster Moreno,2025-06,RETRO,FAK Kinderzulagen wiederkehrend (3000),0.0,0.0,0.0,OK,
TF29,Forster Moreno,2025-06,RETRO,FAK Zulagen einmalig (3001+3034),0.0,0.0,0.0,OK,
TF29,Forster Moreno,2025-06,RETRO,UVG-Bruttolohn (UVG-LAA-GrossSalary),56000.0,56000.0,0.0,OK,
TF29,Forster Moreno,2025-06,RETRO,UVG-Basis (UVG-LAA-BaseSalary),56000.0,56000.0,0.0,OK,
TF29,Forster Moreno,2025-06,RETRO,UVGZ-Basis (UVGZ-LAAC-BaseSalary),56000.0,56000.0,0.0,OK,
TF29,Forster Moreno,2025-06,RETRO,KTG-Referenzlohn (Reference-AHV-AVS-Salary),56000.0,56000.0,0.0,OK,
TF29,Forster Moreno,2025-06,RETRO,"Lohnausweis Bruttolohn (GrossIncome, Ziff. 8)",56000.0,56000.0,0.0,OK,
TF29,Forster Moreno,2025-06,RETRO,Lohnausweis BVG ordentlich (Ziff. 10.1 = 5050+1972),2730.0,2730.0,0.0,OK,
TF30,Müller Heinrich,2025-06,RETRO,AHV-Basis (AHV-AVS-BaseSalary),33000.0,33000.0,0.0,OK,
TF30,Müller Heinrich,2025-06,RETRO,FAK-Basis (FAK-CAF-ContributorySalary),33000.0,33000.0,0.0,OK,
TF30,Müller Heinrich,2025-06,RETRO,FAK Kinderzulagen wiederkehrend (3000),0.0,0.0,0.0,OK,
TF30,Müller Heinrich,2025-06,RETRO,FAK Zulagen einmalig (3001+3034),0.0,0.0,0.0,OK,
TF30,Müller Heinrich,2025-06,RETRO,UVG-Bruttolohn (UVG-LAA-GrossSalary),33000.0,33000.0,0.0,OK,
TF30,Müller Heinrich,2025-06,RETRO,UVG-Basis (UVG-LAA-BaseSalary),33000.0,33000.0,0.0,OK,
TF30,Müller Heinrich,2025-06,RETRO,UVGZ-Basis (UVGZ-LAAC-BaseSalary),33000.0,33000.0,0.0,OK,
TF30,Müller Heinrich,2025-06,RETRO,KTG-Referenzlohn (Reference-AHV-AVS-Salary),33000.0,33000.0,0.0,OK,
TF30,Müller Heinrich,2025-06,RETRO,"Lohnausweis Bruttolohn (GrossIncome, Ziff. 8)",33000.0,33000.0,0.0,OK,
TF30,Müller Heinrich,2025-06,RETRO,Lohnausweis BVG ordentlich (Ziff. 10.1 = 5050+1972),880.0,880.0,0.0,OK,
TF31,Bolletto Franca,2025-06,RETRO,AHV-Basis (AHV-AVS-BaseSalary),30000.0,30000.0,0.0,OK,
TF31,Bolletto Franca,2025-06,RETRO,FAK-Basis (FAK-CAF-ContributorySalary),30000.0,30000.0,0.0,OK,
TF31,Bolletto Franca,2025-06,RETRO,FAK Kinderzulagen wiederkehrend (3000),0.0,0.0,0.0,OK,
TF31,Bolletto Franca,2025-06,RETRO,FAK Zulagen einmalig (3001+3034),0.0,0.0,0.0,OK,
TF31,Bolletto Franca,2025-06,RETRO,UVG-Bruttolohn (UVG-LAA-GrossSalary),30000.0,30000.0,0.0,OK,
TF31,Bolletto Franca,2025-06,RETRO,UVG-Basis (UVG-LAA-BaseSalary),30000.0,30000.0,0.0,OK,
TF31,Bolletto Franca,2025-06,RETRO,UVGZ-Basis (UVGZ-LAAC-BaseSalary),30000.0,30000.0,0.0,OK,
TF31,Bolletto Franca,2025-06,RETRO,KTG-Referenzlohn (Reference-AHV-AVS-Salary),30000.0,30000.0,0.0,OK,
TF31,Bolletto Franca,2025-06,RETRO,"Lohnausweis Bruttolohn (GrossIncome, Ziff. 8)",30000.0,30000.0,0.0,OK,
TF31,Bolletto Franca,2025-06,RETRO,Lohnausweis BVG ordentlich (Ziff. 10.1 = 5050+1972),1950.0,1950.0,0.0,OK,
TF33,Châtelain Pierre,2025-06,RETRO,AHV-Basis (AHV-AVS-BaseSalary),30000.0,30000.0,0.0,OK,
TF33,Châtelain Pierre,2025-06,RETRO,FAK-Basis (FAK-CAF-ContributorySalary),30000.0,30000.0,0.0,OK,
TF33,Châtelain Pierre,2025-06,RETRO,FAK Kinderzulagen wiederkehrend (3000),0.0,0.0,0.0,OK,
TF33,Châtelain Pierre,2025-06,RETRO,FAK Zulagen einmalig (3001+3034),0.0,0.0,0.0,OK,
TF33,Châtelain Pierre,2025-06,RETRO,UVG-Bruttolohn (UVG-LAA-GrossSalary),30000.0,30000.0,0.0,OK,
TF33,Châtelain Pierre,2025-06,RETRO,UVG-Basis (UVG-LAA-BaseSalary),30000.0,30000.0,0.0,OK,
TF33,Châtelain Pierre,2025-06,RETRO,UVGZ-Basis (UVGZ-LAAC-BaseSalary),30000.0,30000.0,0.0,OK,
TF33,Châtelain Pierre,2025-06,RETRO,KTG-Referenzlohn (Reference-AHV-AVS-Salary),30000.0,30000.0,0.0,OK,
TF33,Châtelain Pierre,2025-06,RETRO,"Lohnausweis Bruttolohn (GrossIncome, Ziff. 8)",30000.0,30000.0,0.0,OK,
TF33,Châtelain Pierre,2025-06,RETRO,Lohnausweis BVG ordentlich (Ziff. 10.1 = 5050+1972),2275.0,2275.02,-0.02,OK,
TF34,Rinaldi Massimo,2025-06,RETRO,AHV-Basis (AHV-AVS-BaseSalary),30000.0,30000.0,0.0,OK,
TF34,Rinaldi Massimo,2025-06,RETRO,FAK-Basis (FAK-CAF-ContributorySalary),30000.0,30000.0,0.0,OK,
TF34,Rinaldi Massimo,2025-06,RETRO,FAK Kinderzulagen wiederkehrend (3000),0.0,0.0,0.0,OK,
TF34,Rinaldi Massimo,2025-06,RETRO,FAK Zulagen einmalig (3001+3034),0.0,0.0,0.0,OK,
TF34,Rinaldi Massimo,2025-06,RETRO,UVG-Bruttolohn (UVG-LAA-GrossSalary),30000.0,30000.0,0.0,OK,
TF34,Rinaldi Massimo,2025-06,RETRO,UVG-Basis (UVG-LAA-BaseSalary),30000.0,30000.0,0.0,OK,
TF34,Rinaldi Massimo,2025-06,RETRO,UVGZ-Basis (UVGZ-LAAC-BaseSalary),30000.0,30000.0,0.0,OK,
TF34,Rinaldi Massimo,2025-06,RETRO,KTG-Referenzlohn (Reference-AHV-AVS-Salary),30000.0,30000.0,0.0,OK,
TF34,Rinaldi Massimo,2025-06,RETRO,"Lohnausweis Bruttolohn (GrossIncome, Ziff. 8)",30000.0,30000.0,0.0,OK,
TF34,Rinaldi Massimo,2025-06,RETRO,Lohnausweis BVG ordentlich (Ziff. 10.1 = 5050+1972),0.0,0.0,0.0,OK,
TF35,Roos Roland,2025-06,RETRO,AHV-Basis (AHV-AVS-BaseSalary),60000.0,60000.0,0.0,OK,
TF35,Roos Roland,2025-06,RETRO,FAK-Basis (FAK-CAF-ContributorySalary),60000.0,60000.0,0.0,OK,
TF35,Roos Roland,2025-06,RETRO,FAK Kinderzulagen wiederkehrend (3000),0.0,0.0,0.0,OK,
TF35,Roos Roland,2025-06,RETRO,FAK Zulagen einmalig (3001+3034),0.0,0.0,0.0,OK,
TF35,Roos Roland,2025-06,RETRO,UVG-Bruttolohn (UVG-LAA-GrossSalary),60000.0,60000.0,0.0,OK,
TF35,Roos Roland,2025-06,RETRO,UVG-Basis (UVG-LAA-BaseSalary),60000.0,60000.0,0.0,OK,
TF35,Roos Roland,2025-06,RETRO,UVGZ-Basis (UVGZ-LAAC-BaseSalary),60000.0,60000.0,0.0,OK,
TF35,Roos Roland,2025-06,RETRO,KTG-Referenzlohn (Reference-AHV-AVS-Salary),60000.0,60000.0,0.0,OK,
TF35,Roos Roland,2025-06,RETRO,"Lohnausweis Bruttolohn (GrossIncome, Ziff. 8)",60000.0,60000.0,0.0,OK,
TF35,Roos Roland,2025-06,RETRO,Lohnausweis BVG ordentlich (Ziff. 10.1 = 5050+1972),2275.0,2275.02,-0.02,OK,
TF36,Maldini Fabio,2025-06,RETRO,AHV-Basis (AHV-AVS-BaseSalary),60000.0,60000.0,0.0,OK,
TF36,Maldini Fabio,2025-06,RETRO,FAK-Basis (FAK-CAF-ContributorySalary),60000.0,60000.0,0.0,OK,
TF36,Maldini Fabio,2025-06,RETRO,FAK Kinderzulagen wiederkehrend (3000),0.0,0.0,0.0,OK,
TF36,Maldini Fabio,2025-06,RETRO,FAK Zulagen einmalig (3001+3034),0.0,0.0,0.0,OK,
TF36,Maldini Fabio,2025-06,RETRO,UVG-Bruttolohn (UVG-LAA-GrossSalary),60000.0,60000.0,0.0,OK,
TF36,Maldini Fabio,2025-06,RETRO,UVG-Basis (UVG-LAA-BaseSalary),60000.0,60000.0,0.0,OK,
TF36,Maldini Fabio,2025-06,RETRO,UVGZ-Basis (UVGZ-LAAC-BaseSalary),60000.0,60000.0,0.0,OK,
TF36,Maldini Fabio,2025-06,RETRO,KTG-Referenzlohn (Reference-AHV-AVS-Salary),60000.0,60000.0,0.0,OK,
TF36,Maldini Fabio,2025-06,RETRO,"Lohnausweis Bruttolohn (GrossIncome, Ziff. 8)",60000.0,60000.0,0.0,OK,
TF36,Maldini Fabio,2025-06,RETRO,Lohnausweis BVG ordentlich (Ziff. 10.1 = 5050+1972),2600.0,2599.98,0.02,OK,
TF37,Oberli Christine,2025-06,RETRO,AHV-Basis (AHV-AVS-BaseSalary),5000.0,5000.0,0.0,OK,
TF37,Oberli Christine,2025-06,RETRO,FAK-Basis (FAK-CAF-ContributorySalary),5000.0,5000.0,0.0,OK,
TF37,Oberli Christine,2025-06,RETRO,FAK Kinderzulagen wiederkehrend (3000),250.0,250.0,0.0,OK,
TF37,Oberli Christine,2025-06,RETRO,FAK Zulagen einmalig (3001+3034),0.0,0.0,0.0,OK,
TF37,Oberli Christine,2025-06,RETRO,UVG-Bruttolohn (UVG-LAA-GrossSalary),5250.0,5250.0,0.0,OK,
TF37,Oberli Christine,2025-06,RETRO,UVG-Basis (UVG-LAA-BaseSalary),5000.0,5000.0,0.0,OK,
TF37,Oberli Christine,2025-06,RETRO,UVGZ-Basis (UVGZ-LAAC-BaseSalary),5000.0,5000.0,0.0,OK,
TF37,Oberli Christine,2025-06,RETRO,KTG-Referenzlohn (Reference-AHV-AVS-Salary),5000.0,5000.0,0.0,OK,
TF37,Oberli Christine,2025-06,RETRO,"Lohnausweis Bruttolohn (GrossIncome, Ziff. 8)",5250.0,5250.0,0.0,OK,
TF37,Oberli Christine,2025-06,RETRO,Lohnausweis BVG ordentlich (Ziff. 10.1 = 5050+1972),400.0,400.0,0.0,OK,
TF38,Jung Claude,2025-06,RETRO,AHV-Basis (AHV-AVS-BaseSalary),29500.0,29500.0,0.0,OK,
TF38,Jung Claude,2025-06,RETRO,FAK-Basis (FAK-CAF-ContributorySalary),29500.0,29500.0,0.0,OK,
TF38,Jung Claude,2025-06,RETRO,FAK Kinderzulagen wiederkehrend (3000),0.0,0.0,0.0,OK,
TF38,Jung Claude,2025-06,RETRO,FAK Zulagen einmalig (3001+3034),0.0,0.0,0.0,OK,
TF38,Jung Claude,2025-06,RETRO,UVG-Bruttolohn (UVG-LAA-GrossSalary),29500.0,29500.0,0.0,OK,
TF38,Jung Claude,2025-06,RETRO,UVG-Basis (UVG-LAA-BaseSalary),29500.0,29500.0,0.0,OK,
TF38,Jung Claude,2025-06,RETRO,UVGZ-Basis (UVGZ-LAAC-BaseSalary),29500.0,29500.0,0.0,OK,
TF38,Jung Claude,2025-06,RETRO,KTG-Referenzlohn (Reference-AHV-AVS-Salary),29500.0,29500.0,0.0,OK,
TF38,Jung Claude,2025-06,RETRO,"Lohnausweis Bruttolohn (GrossIncome, Ziff. 8)",29500.0,29500.0,0.0,OK,
TF38,Jung Claude,2025-06,RETRO,Lohnausweis BVG ordentlich (Ziff. 10.1 = 5050+1972),2360.0,2359.98,0.02,OK,
TF39,Hasler Harald,2025-06,RETRO,UVG-Bruttolohn (UVG-LAA-GrossSalary),10000.0,10000.0,0.0,OK,
TF39,Hasler Harald,2025-06,RETRO,UVG-Basis (UVG-LAA-BaseSalary),10000.0,10000.0,0.0,OK,
TF39,Hasler Harald,2025-06,RETRO,UVGZ-Basis (UVGZ-LAAC-BaseSalary),10000.0,10000.0,0.0,OK,
TF39,Hasler Harald,2025-06,RETRO,KTG-Referenzlohn (Reference-AHV-AVS-Salary),10000.0,10000.0,0.0,OK,
TF39,Hasler Harald,2025-06,RETRO,"Lohnausweis Bruttolohn (GrossIncome, Ziff. 8)",10000.0,10000.0,0.0,OK,
TF39,Hasler Harald,2025-06,RETRO,Lohnausweis BVG ordentlich (Ziff. 10.1 = 5050+1972),0.0,0.0,0.0,OK,
TF40,Farine Corinne,2025-06,RETRO,AHV-Basis (AHV-AVS-BaseSalary),32300.0,32300.0,0.0,OK,
TF40,Farine Corinne,2025-06,RETRO,FAK-Basis (FAK-CAF-ContributorySalary),32300.0,32300.0,0.0,OK,
TF40,Farine Corinne,2025-06,RETRO,FAK Kinderzulagen wiederkehrend (3000),750.0,750.0,0.0,OK,
TF40,Farine Corinne,2025-06,RETRO,FAK Zulagen einmalig (3001+3034),0.0,0.0,0.0,OK,
TF40,Farine Corinne,2025-06,RETRO,UVG-Bruttolohn (UVG-LAA-GrossSalary),33050.0,33050.0,0.0,OK,
TF40,Farine Corinne,2025-06,RETRO,UVG-Basis (UVG-LAA-BaseSalary),32300.0,32300.0,0.0,OK,
TF40,Farine Corinne,2025-06,RETRO,UVGZ-Basis (UVGZ-LAAC-BaseSalary),32300.0,32300.0,0.0,OK,
TF40,Farine Corinne,2025-06,RETRO,KTG-Referenzlohn (Reference-AHV-AVS-Salary),32300.0,32300.0,0.0,OK,
TF40,Farine Corinne,2025-06,RETRO,"Lohnausweis Bruttolohn (GrossIncome, Ziff. 8)",33050.0,33050.0,0.0,OK,
TF40,Farine Corinne,2025-06,RETRO,Lohnausweis BVG ordentlich (Ziff. 10.1 = 5050+1972),1013.35,1013.34,0.01,OK,
TF41,Meier Max,2025-06,RETRO,AHV-Basis (AHV-AVS-BaseSalary),80000.0,80000.0,0.0,OK,
TF41,Meier Max,2025-06,RETRO,FAK-Basis (FAK-CAF-ContributorySalary),80000.0,80000.0,0.0,OK,
TF41,Meier Max,2025-06,RETRO,FAK Kinderzulagen wiederkehrend (3000),0.0,0.0,0.0,OK,
TF41,Meier Max,2025-06,RETRO,FAK Zulagen einmalig (3001+3034),0.0,0.0,0.0,OK,
TF41,Meier Max,2025-06,RETRO,UVG-Bruttolohn (UVG-LAA-GrossSalary),80000.0,80000.0,0.0,OK,
TF41,Meier Max,2025-06,RETRO,UVG-Basis (UVG-LAA-BaseSalary),80000.0,80000.0,0.0,OK,
TF41,Meier Max,2025-06,RETRO,UVGZ-Basis (UVGZ-LAAC-BaseSalary),80000.0,80000.0,0.0,OK,
TF41,Meier Max,2025-06,RETRO,KTG-Referenzlohn (Reference-AHV-AVS-Salary),80000.0,80000.0,0.0,OK,
TF41,Meier Max,2025-06,RETRO,"Lohnausweis Bruttolohn (GrossIncome, Ziff. 8)",80000.0,80000.0,0.0,OK,
TF41,Meier Max,2025-06,RETRO,Lohnausweis BVG ordentlich (Ziff. 10.1 = 5050+1972),0.0,0.0,0.0,OK,
TF44,Lusser Hans,2025-06,RETRO,AHV-Basis (AHV-AVS-BaseSalary),17000.0,17000.0,0.0,OK,
TF44,Lusser Hans,2025-06,RETRO,FAK-Basis (FAK-CAF-ContributorySalary),17000.0,17000.0,0.0,OK,
TF44,Lusser Hans,2025-06,RETRO,FAK Kinderzulagen wiederkehrend (3000),0.0,0.0,0.0,OK,
TF44,Lusser Hans,2025-06,RETRO,FAK Zulagen einmalig (3001+3034),0.0,0.0,0.0,OK,
TF44,Lusser Hans,2025-06,RETRO,UVG-Bruttolohn (UVG-LAA-GrossSalary),17000.0,17000.0,0.0,OK,
TF44,Lusser Hans,2025-06,RETRO,UVG-Basis (UVG-LAA-BaseSalary),17000.0,17000.0,0.0,OK,
TF44,Lusser Hans,2025-06,RETRO,UVGZ-Basis (UVGZ-LAAC-BaseSalary),17000.0,17000.0,0.0,OK,
TF44,Lusser Hans,2025-06,RETRO,KTG-Referenzlohn (Reference-AHV-AVS-Salary),17000.0,17000.0,0.0,OK,
TF44,Lusser Hans,2025-06,RETRO,"Lohnausweis Bruttolohn (GrossIncome, Ziff. 8)",17000.0,17000.0,0.0,OK,
TF44,Lusser Hans,2025-06,RETRO,Lohnausweis BVG ordentlich (Ziff. 10.1 = 5050+1972),770.0,770.0,0.0,OK,
TF02,Paganini Maria,2025-06,MONTHLY,Statistik Grundlohn (GrossBaseSalaryAndRegularAllowance),4915.7,4915.7,0.0,OK,
TF02,Paganini Maria,2025-06,MONTHLY,Statistik Zulagen (Allowances),0.0,0.0,0.0,OK,
TF02,Paganini Maria,2025-06,MONTHLY,Statistik Familienzulagen (FamilyIncomeSupplement),215.0,215.0,0.0,OK,
TF02,Paganini Maria,2025-06,MONTHLY,Statistik Leistungen Dritter (PaymentsByThird),0.0,0.0,0.0,OK,
TF02,Paganini Maria,2025-06,MONTHLY,Statistik BVG-Beitrag AN (BVG-LPP-RegularContribution),-408.33,-408.33,0.0,OK,
TF03,Lusser Pia,2025-06,MONTHLY,Statistik Grundlohn (GrossBaseSalaryAndRegularAllowance),1500.0,1500.0,0.0,OK,
TF03,Lusser Pia,2025-06,MONTHLY,Statistik Zulagen (Allowances),0.0,0.0,0.0,OK,
TF03,Lusser Pia,2025-06,MONTHLY,Statistik Familienzulagen (FamilyIncomeSupplement),0.0,0.0,0.0,OK,
TF03,Lusser Pia,2025-06,MONTHLY,Statistik Leistungen Dritter (PaymentsByThird),0.0,0.0,0.0,OK,
TF03,Lusser Pia,2025-06,MONTHLY,Statistik BVG-Beitrag AN (BVG-LPP-RegularContribution),0.0,-0.0,0.0,OK,
TF04,Fankhauser Markus,2025-06,MONTHLY,Statistik Grundlohn (GrossBaseSalaryAndRegularAllowance),30000.0,30000.0,0.0,OK,
TF04,Fankhauser Markus,2025-06,MONTHLY,Statistik Zulagen (Allowances),0.0,0.0,0.0,OK,
TF04,Fankhauser Markus,2025-06,MONTHLY,Statistik Familienzulagen (FamilyIncomeSupplement),0.0,0.0,0.0,OK,
TF04,Fankhauser Markus,2025-06,MONTHLY,Statistik Leistungen Dritter (PaymentsByThird),0.0,0.0,0.0,OK,
TF04,Fankhauser Markus,2025-06,MONTHLY,Statistik BVG-Beitrag AN (BVG-LPP-RegularContribution),-2800.0,-2800.0,0.0,OK,
TF05,Moser Johann,2025-06,MONTHLY,Statistik Grundlohn (GrossBaseSalaryAndRegularAllowance),1350.0,1350.0,0.0,OK,
TF05,Moser Johann,2025-06,MONTHLY,Statistik Zulagen (Allowances),0.0,0.0,0.0,OK,
TF05,Moser Johann,2025-06,MONTHLY,Statistik Familienzulagen (FamilyIncomeSupplement),0.0,0.0,0.0,OK,
TF05,Moser Johann,2025-06,MONTHLY,Statistik Leistungen Dritter (PaymentsByThird),0.0,0.0,0.0,OK,
TF05,Moser Johann,2025-06,MONTHLY,Statistik BVG-Beitrag AN (BVG-LPP-RegularContribution),0.0,-0.0,0.0,OK,
TF06,Zahnd Anita,2025-06,MONTHLY,Statistik Grundlohn (GrossBaseSalaryAndRegularAllowance),13500.0,13500.0,0.0,OK,
TF06,Zahnd Anita,2025-06,MONTHLY,Statistik Zulagen (Allowances),0.0,0.0,0.0,OK,
TF06,Zahnd Anita,2025-06,MONTHLY,Statistik Familienzulagen (FamilyIncomeSupplement),0.0,0.0,0.0,OK,
TF06,Zahnd Anita,2025-06,MONTHLY,Statistik Leistungen Dritter (PaymentsByThird),0.0,0.0,0.0,OK,
TF06,Zahnd Anita,2025-06,MONTHLY,Statistik BVG-Beitrag AN (BVG-LPP-RegularContribution),-1080.0,-1080.0,0.0,OK,
TF08,Lamon René,2025-06,MONTHLY,Statistik Grundlohn (GrossBaseSalaryAndRegularAllowance),9548.05,9548.05,0.0,OK,
TF08,Lamon René,2025-06,MONTHLY,Statistik Zulagen (Allowances),0.0,0.0,0.0,OK,
TF08,Lamon René,2025-06,MONTHLY,Statistik Familienzulagen (FamilyIncomeSupplement),250.0,250.0,0.0,OK,
TF08,Lamon René,2025-06,MONTHLY,Statistik Leistungen Dritter (PaymentsByThird),0.0,0.0,0.0,OK,
TF08,Lamon René,2025-06,MONTHLY,Statistik BVG-Beitrag AN (BVG-LPP-RegularContribution),-751.09,-751.09,0.0,OK,
TF09,Estermann Michael,2025-06,MONTHLY,Statistik Grundlohn (GrossBaseSalaryAndRegularAllowance),2000.0,2000.0,0.0,OK,
TF09,Estermann Michael,2025-06,MONTHLY,Statistik Zulagen (Allowances),0.0,0.0,0.0,OK,
TF09,Estermann Michael,2025-06,MONTHLY,Statistik Familienzulagen (FamilyIncomeSupplement),0.0,0.0,0.0,OK,
TF09,Estermann Michael,2025-06,MONTHLY,Statistik Leistungen Dritter (PaymentsByThird),0.0,0.0,0.0,OK,
TF09,Estermann Michael,2025-06,MONTHLY,Statistik BVG-Beitrag AN (BVG-LPP-RegularContribution),0.0,-0.0,0.0,OK,
TF10,Ganz Heinz,2025-06,MONTHLY,Statistik Grundlohn (GrossBaseSalaryAndRegularAllowance),6400.0,6400.0,0.0,OK,
TF10,Ganz Heinz,2025-06,MONTHLY,Statistik Zulagen (Allowances),0.0,0.0,0.0,OK,
TF10,Ganz Heinz,2025-06,MONTHLY,Statistik Familienzulagen (FamilyIncomeSupplement),0.0,0.0,0.0,OK,
TF10,Ganz Heinz,2025-06,MONTHLY,Statistik Leistungen Dritter (PaymentsByThird),0.0,0.0,0.0,OK,
TF10,Ganz Heinz,2025-06,MONTHLY,Statistik BVG-Beitrag AN (BVG-LPP-RegularContribution),-448.0,-448.0,0.0,OK,
TF11,Bosshard Peter,2025-06,MONTHLY,Statistik Grundlohn (GrossBaseSalaryAndRegularAllowance),30500.0,31950.0,-1450.0,DIFF,
TF11,Bosshard Peter,2025-06,MONTHLY,Statistik Zulagen (Allowances),0.0,0.0,0.0,OK,
TF11,Bosshard Peter,2025-06,MONTHLY,Statistik Familienzulagen (FamilyIncomeSupplement),475.0,475.0,0.0,OK,
TF11,Bosshard Peter,2025-06,MONTHLY,Statistik Leistungen Dritter (PaymentsByThird),0.0,0.0,0.0,OK,
TF11,Bosshard Peter,2025-06,MONTHLY,Statistik BVG-Beitrag AN (BVG-LPP-RegularContribution),-2469.83,-2469.83,0.0,OK,
TF12,Casanova Renato,2025-06,MONTHLY,Statistik Grundlohn (GrossBaseSalaryAndRegularAllowance),12000.0,12850.0,-850.0,DIFF,
TF12,Casanova Renato,2025-06,MONTHLY,Statistik Zulagen (Allowances),0.0,0.0,0.0,OK,
TF12,Casanova Renato,2025-06,MONTHLY,Statistik Familienzulagen (FamilyIncomeSupplement),0.0,0.0,0.0,OK,
TF12,Casanova Renato,2025-06,MONTHLY,Statistik Leistungen Dritter (PaymentsByThird),6500.0,0.0,6500.0,DIFF,
TF12,Casanova Renato,2025-06,MONTHLY,Statistik BVG-Beitrag AN (BVG-LPP-RegularContribution),-899.5,-899.5,0.0,OK,
TF13,Combertaldi Renato,2025-06,MONTHLY,Statistik Grundlohn (GrossBaseSalaryAndRegularAllowance),2200.0,2200.0,0.0,OK,
TF13,Combertaldi Renato,2025-06,MONTHLY,Statistik Zulagen (Allowances),0.0,0.0,0.0,OK,
TF13,Combertaldi Renato,2025-06,MONTHLY,Statistik Familienzulagen (FamilyIncomeSupplement),0.0,0.0,0.0,OK,
TF13,Combertaldi Renato,2025-06,MONTHLY,Statistik Leistungen Dritter (PaymentsByThird),0.0,0.0,0.0,OK,
TF13,Combertaldi Renato,2025-06,MONTHLY,Statistik BVG-Beitrag AN (BVG-LPP-RegularContribution),0.0,-0.0,0.0,OK,
TF14,Egli Anna,2025-06,MONTHLY,Statistik Grundlohn (GrossBaseSalaryAndRegularAllowance),3931.55,3931.55,0.0,OK,
TF14,Egli Anna,2025-06,MONTHLY,Statistik Zulagen (Allowances),0.0,0.0,0.0,OK,
TF14,Egli Anna,2025-06,MONTHLY,Statistik Familienzulagen (FamilyIncomeSupplement),0.0,0.0,0.0,OK,
TF14,Egli Anna,2025-06,MONTHLY,Statistik Leistungen Dritter (PaymentsByThird),0.0,0.0,0.0,OK,
TF14,Egli Anna,2025-06,MONTHLY,Statistik BVG-Beitrag AN (BVG-LPP-RegularContribution),0.0,-0.0,0.0,OK,
TF17,Binggeli Fritz,2025-06,MONTHLY,Statistik Grundlohn (GrossBaseSalaryAndRegularAllowance),4550.0,4550.0,0.0,OK,
TF17,Binggeli Fritz,2025-06,MONTHLY,Statistik Zulagen (Allowances),0.0,0.0,0.0,OK,
TF17,Binggeli Fritz,2025-06,MONTHLY,Statistik Familienzulagen (FamilyIncomeSupplement),0.0,0.0,0.0,OK,
TF17,Binggeli Fritz,2025-06,MONTHLY,Statistik Leistungen Dritter (PaymentsByThird),0.0,0.0,0.0,OK,
TF17,Binggeli Fritz,2025-06,MONTHLY,Statistik BVG-Beitrag AN (BVG-LPP-RegularContribution),-318.5,-318.5,0.0,OK,
TF17,Binggeli Fritz,2025-06,MONTHLY,QST steuerbarer Lohn TI A0N (TaxableEarning),4550.0,4550.0,0.0,OK,"Satz-Lohn 6500.00, QST 495.95"
TF18,Blanc Pierre,2025-06,MONTHLY,Statistik Grundlohn (GrossBaseSalaryAndRegularAllowance),1179.45,1179.45,0.0,OK,
TF18,Blanc Pierre,2025-06,MONTHLY,Statistik Zulagen (Allowances),0.0,0.0,0.0,OK,
TF18,Blanc Pierre,2025-06,MONTHLY,Statistik Familienzulagen (FamilyIncomeSupplement),0.0,0.0,0.0,OK,
TF18,Blanc Pierre,2025-06,MONTHLY,Statistik Leistungen Dritter (PaymentsByThird),0.0,0.0,0.0,OK,
TF18,Blanc Pierre,2025-06,MONTHLY,Statistik BVG-Beitrag AN (BVG-LPP-RegularContribution),-76.44,-76.44,0.0,OK,
TF18,Blanc Pierre,2025-06,MONTHLY,QST steuerbarer Lohn BE B0Y (TaxableEarning),1179.45,1179.45,0.0,OK,"Satz-Lohn 4859.35, QST 80.30"
TF19,Andrey Melanie,2025-06,MONTHLY,Statistik Grundlohn (GrossBaseSalaryAndRegularAllowance),2600.0,2600.0,0.0,OK,
TF19,Andrey Melanie,2025-06,MONTHLY,Statistik Zulagen (Allowances),0.0,0.0,0.0,OK,
TF19,Andrey Melanie,2025-06,MONTHLY,Statistik Familienzulagen (FamilyIncomeSupplement),0.0,0.0,0.0,OK,
TF19,Andrey Melanie,2025-06,MONTHLY,Statistik Leistungen Dritter (PaymentsByThird),0.0,0.0,0.0,OK,
TF19,Andrey Melanie,2025-06,MONTHLY,Statistik BVG-Beitrag AN (BVG-LPP-RegularContribution),-197.16,-197.16,0.0,OK,
TF19,Andrey Melanie,2025-06,MONTHLY,QST steuerbarer Lohn TI A0N (TaxableEarning),2600.0,2600.0,0.0,OK,"Satz-Lohn 3640.00, QST 80.60"
TF22,Bucher Elisabeth,2025-06,MONTHLY,Statistik Grundlohn (GrossBaseSalaryAndRegularAllowance),3931.55,3931.55,0.0,OK,
TF22,Bucher Elisabeth,2025-06,MONTHLY,Statistik Zulagen (Allowances),0.0,0.0,0.0,OK,
TF22,Bucher Elisabeth,2025-06,MONTHLY,Statistik Familienzulagen (FamilyIncomeSupplement),0.0,0.0,0.0,OK,
TF22,Bucher Elisabeth,2025-06,MONTHLY,Statistik Leistungen Dritter (PaymentsByThird),0.0,0.0,0.0,OK,
TF22,Bucher Elisabeth,2025-06,MONTHLY,Statistik BVG-Beitrag AN (BVG-LPP-RegularContribution),-320.83,-320.83,0.0,OK,
TF22,Bucher Elisabeth,2025-06,MONTHLY,QST steuerbarer Lohn TI A0N (TaxableEarning),3931.55,3931.55,0.0,OK,"Satz-Lohn 4750.65, QST -2039.50"
TF23,Koller Ludwig,2025-06,MONTHLY,Statistik Grundlohn (GrossBaseSalaryAndRegularAllowance),5000.0,5000.0,0.0,OK,
TF23,Koller Ludwig,2025-06,MONTHLY,Statistik Zulagen (Allowances),0.0,0.0,0.0,OK,
TF23,Koller Ludwig,2025-06,MONTHLY,Statistik Familienzulagen (FamilyIncomeSupplement),0.0,0.0,0.0,OK,
TF23,Koller Ludwig,2025-06,MONTHLY,Statistik Leistungen Dritter (PaymentsByThird),0.0,0.0,0.0,OK,
TF23,Koller Ludwig,2025-06,MONTHLY,Statistik BVG-Beitrag AN (BVG-LPP-RegularContribution),-379.16,-379.16,0.0,OK,
TF23,Koller Ludwig,2025-06,MONTHLY,QST steuerbarer Lohn TI B0N (TaxableEarning),5000.0,5000.0,0.0,OK,"Satz-Lohn 7500.00, QST 375.00"
TF24,Utzinger Jan,2025-06,MONTHLY,Statistik Grundlohn (GrossBaseSalaryAndRegularAllowance),8000.0,8000.0,0.0,OK,
TF24,Utzinger Jan,2025-06,MONTHLY,Statistik Zulagen (Allowances),0.0,0.0,0.0,OK,
TF24,Utzinger Jan,2025-06,MONTHLY,Statistik Familienzulagen (FamilyIncomeSupplement),0.0,0.0,0.0,OK,
TF24,Utzinger Jan,2025-06,MONTHLY,Statistik Leistungen Dritter (PaymentsByThird),0.0,0.0,0.0,OK,
TF24,Utzinger Jan,2025-06,MONTHLY,Statistik BVG-Beitrag AN (BVG-LPP-RegularContribution),-606.67,-606.67,0.0,OK,
TF24,Utzinger Jan,2025-06,MONTHLY,QST steuerbarer Lohn TI B0N (TaxableEarning),8000.0,8000.0,0.0,OK,"Satz-Lohn 8000.00, QST 648.00"
TF25,Lehmann Nadine,2025-06,MONTHLY,Statistik Grundlohn (GrossBaseSalaryAndRegularAllowance),6000.0,12000.0,-6000.0,DIFF,
TF25,Lehmann Nadine,2025-06,MONTHLY,Statistik Zulagen (Allowances),0.0,0.0,0.0,OK,
TF25,Lehmann Nadine,2025-06,MONTHLY,Statistik Familienzulagen (FamilyIncomeSupplement),0.0,0.0,0.0,OK,
TF25,Lehmann Nadine,2025-06,MONTHLY,Statistik Leistungen Dritter (PaymentsByThird),0.0,0.0,0.0,OK,
TF25,Lehmann Nadine,2025-06,MONTHLY,Statistik BVG-Beitrag AN (BVG-LPP-RegularContribution),-910.0,-910.0,0.0,OK,
TF25,Lehmann Nadine,2025-06,MONTHLY,QST steuerbarer Lohn LU A0Y (TaxableEarning),9323.4,10166.65,-843.25,DIFF,"Satz-Lohn 20333.30, QST 1873.05"
TF26,Jenzer Marcel,2025-06,MONTHLY,Statistik Grundlohn (GrossBaseSalaryAndRegularAllowance),6000.0,12000.0,-6000.0,DIFF,
TF26,Jenzer Marcel,2025-06,MONTHLY,Statistik Zulagen (Allowances),0.0,0.0,0.0,OK,
TF26,Jenzer Marcel,2025-06,MONTHLY,Statistik Familienzulagen (FamilyIncomeSupplement),0.0,0.0,0.0,OK,
TF26,Jenzer Marcel,2025-06,MONTHLY,Statistik Leistungen Dritter (PaymentsByThird),0.0,0.0,0.0,OK,
TF26,Jenzer Marcel,2025-06,MONTHLY,Statistik BVG-Beitrag AN (BVG-LPP-RegularContribution),-910.0,-910.0,0.0,OK,
TF26,Jenzer Marcel,2025-06,MONTHLY,QST steuerbarer Lohn TI R0N (TaxableEarning),6382.55,10166.65,-3784.1,DIFF,"Satz-Lohn 12896.80, QST 1046.95"
TF27,Rast Eva,2025-06,MONTHLY,Statistik Grundlohn (GrossBaseSalaryAndRegularAllowance),10000.0,10000.0,0.0,OK,
TF27,Rast Eva,2025-06,MONTHLY,Statistik Zulagen (Allowances),0.0,0.0,0.0,OK,
TF27,Rast Eva,2025-06,MONTHLY,Statistik Familienzulagen (FamilyIncomeSupplement),0.0,0.0,0.0,OK,
TF27,Rast Eva,2025-06,MONTHLY,Statistik Leistungen Dritter (PaymentsByThird),0.0,0.0,0.0,OK,
TF27,Rast Eva,2025-06,MONTHLY,Statistik BVG-Beitrag AN (BVG-LPP-RegularContribution),-800.0,-800.0,0.0,OK,
TF27,Rast Eva,2025-06,MONTHLY,QST steuerbarer Lohn BE L0N (TaxableEarning),10000.0,10000.0,0.0,OK,"Satz-Lohn 10000.00, QST 450.00"
TF28,Arbenz Esther,2025-06,MONTHLY,Statistik Grundlohn (GrossBaseSalaryAndRegularAllowance),6000.0,6000.0,0.0,OK,
TF28,Arbenz Esther,2025-06,MONTHLY,Statistik Zulagen (Allowances),0.0,0.0,0.0,OK,
TF28,Arbenz Esther,2025-06,MONTHLY,Statistik Familienzulagen (FamilyIncomeSupplement),0.0,0.0,0.0,OK,
TF28,Arbenz Esther,2025-06,MONTHLY,Statistik Leistungen Dritter (PaymentsByThird),0.0,0.0,0.0,OK,
TF28,Arbenz Esther,2025-06,MONTHLY,Statistik BVG-Beitrag AN (BVG-LPP-RegularContribution),-520.0,-520.0,0.0,OK,
TF28,Arbenz Esther,2025-06,MONTHLY,QST steuerbarer Lohn BE A0Y (TaxableEarning),3300.0,6000.0,-2700.0,DIFF,"Satz-Lohn 8000.00, QST 483.80"
TF29,Forster Moreno,2025-06,MONTHLY,Statistik Grundlohn (GrossBaseSalaryAndRegularAllowance),6000.0,6000.0,0.0,OK,
TF29,Forster Moreno,2025-06,MONTHLY,Statistik Zulagen (Allowances),0.0,0.0,0.0,OK,
TF29,Forster Moreno,2025-06,MONTHLY,Statistik Familienzulagen (FamilyIncomeSupplement),0.0,0.0,0.0,OK,
TF29,Forster Moreno,2025-06,MONTHLY,Statistik Leistungen Dritter (PaymentsByThird),0.0,0.0,0.0,OK,
TF29,Forster Moreno,2025-06,MONTHLY,Statistik BVG-Beitrag AN (BVG-LPP-RegularContribution),-455.0,-455.0,0.0,OK,
TF29,Forster Moreno,2025-06,MONTHLY,QST steuerbarer Lohn TI A0N (TaxableEarning),3300.0,6000.0,-2700.0,DIFF,"Satz-Lohn 9666.65, QST 481.80"
TF30,Müller Heinrich,2025-06,MONTHLY,Statistik Grundlohn (GrossBaseSalaryAndRegularAllowance),5500.0,5500.0,0.0,OK,
TF30,Müller Heinrich,2025-06,MONTHLY,Statistik Zulagen (Allowances),0.0,0.0,0.0,OK,
TF30,Müller Heinrich,2025-06,MONTHLY,Statistik Familienzulagen (FamilyIncomeSupplement),0.0,0.0,0.0,OK,
TF30,Müller Heinrich,2025-06,MONTHLY,Statistik Leistungen Dritter (PaymentsByThird),0.0,0.0,0.0,OK,
TF30,Müller Heinrich,2025-06,MONTHLY,Statistik BVG-Beitrag AN (BVG-LPP-RegularContribution),-440.0,-440.0,0.0,OK,
TF30,Müller Heinrich,2025-06,MONTHLY,QST steuerbarer Lohn BE A0Y (TaxableEarning),5500.0,5500.0,0.0,OK,"Satz-Lohn 5500.00, QST 651.75"
TF31,Bolletto Franca,2025-06,MONTHLY,Statistik Grundlohn (GrossBaseSalaryAndRegularAllowance),5000.0,5000.0,0.0,OK,
TF31,Bolletto Franca,2025-06,MONTHLY,Statistik Zulagen (Allowances),0.0,0.0,0.0,OK,
TF31,Bolletto Franca,2025-06,MONTHLY,Statistik Familienzulagen (FamilyIncomeSupplement),0.0,0.0,0.0,OK,
TF31,Bolletto Franca,2025-06,MONTHLY,Statistik Leistungen Dritter (PaymentsByThird),0.0,0.0,0.0,OK,
TF31,Bolletto Franca,2025-06,MONTHLY,Statistik BVG-Beitrag AN (BVG-LPP-RegularContribution),-325.0,-325.0,0.0,OK,
TF31,Bolletto Franca,2025-06,MONTHLY,QST steuerbarer Lohn VD B0N (TaxableEarning),5000.0,5000.0,0.0,OK,"Satz-Lohn 5000.00, QST 117.00"
TF33,Châtelain Pierre,2025-06,MONTHLY,Statistik Grundlohn (GrossBaseSalaryAndRegularAllowance),5000.0,5000.0,0.0,OK,
TF33,Châtelain Pierre,2025-06,MONTHLY,Statistik Zulagen (Allowances),0.0,0.0,0.0,OK,
TF33,Châtelain Pierre,2025-06,MONTHLY,Statistik Familienzulagen (FamilyIncomeSupplement),0.0,0.0,0.0,OK,
TF33,Châtelain Pierre,2025-06,MONTHLY,Statistik Leistungen Dritter (PaymentsByThird),0.0,0.0,0.0,OK,
TF33,Châtelain Pierre,2025-06,MONTHLY,Statistik BVG-Beitrag AN (BVG-LPP-RegularContribution),-379.17,-379.17,0.0,OK,
TF33,Châtelain Pierre,2025-06,MONTHLY,QST steuerbarer Lohn BE B0Y (TaxableEarning),5000.0,5000.0,0.0,OK,"Satz-Lohn 5000.00, QST 349.00"
TF34,Rinaldi Massimo,2025-06,MONTHLY,Statistik Grundlohn (GrossBaseSalaryAndRegularAllowance),5000.0,5000.0,0.0,OK,
TF34,Rinaldi Massimo,2025-06,MONTHLY,Statistik Zulagen (Allowances),0.0,0.0,0.0,OK,
TF34,Rinaldi Massimo,2025-06,MONTHLY,Statistik Familienzulagen (FamilyIncomeSupplement),0.0,0.0,0.0,OK,
TF34,Rinaldi Massimo,2025-06,MONTHLY,Statistik Leistungen Dritter (PaymentsByThird),0.0,0.0,0.0,OK,
TF34,Rinaldi Massimo,2025-06,MONTHLY,Statistik BVG-Beitrag AN (BVG-LPP-RegularContribution),0.0,-0.0,0.0,OK,
TF34,Rinaldi Massimo,2025-06,MONTHLY,QST steuerbarer Lohn TI B0N (TaxableEarning),5000.0,5000.0,0.0,OK,"Satz-Lohn 5000.00, QST 185.00"
TF35,Roos Roland,2025-06,MONTHLY,Statistik Grundlohn (GrossBaseSalaryAndRegularAllowance),5000.0,5000.0,0.0,OK,
TF35,Roos Roland,2025-06,MONTHLY,Statistik Zulagen (Allowances),0.0,0.0,0.0,OK,
TF35,Roos Roland,2025-06,MONTHLY,Statistik Familienzulagen (FamilyIncomeSupplement),0.0,0.0,0.0,OK,
TF35,Roos Roland,2025-06,MONTHLY,Statistik Leistungen Dritter (PaymentsByThird),0.0,0.0,0.0,OK,
TF35,Roos Roland,2025-06,MONTHLY,Statistik BVG-Beitrag AN (BVG-LPP-RegularContribution),-379.17,-379.17,0.0,OK,
TF35,Roos Roland,2025-06,MONTHLY,QST steuerbarer Lohn TI B0N (TaxableEarning),5000.0,5000.0,0.0,OK,"Satz-Lohn 7500.00, QST 375.00"
TF36,Maldini Fabio,2025-06,MONTHLY,Statistik Grundlohn (GrossBaseSalaryAndRegularAllowance),5000.0,5000.0,0.0,OK,
TF36,Maldini Fabio,2025-06,MONTHLY,Statistik Zulagen (Allowances),0.0,0.0,0.0,OK,
TF36,Maldini Fabio,2025-06,MONTHLY,Statistik Familienzulagen (FamilyIncomeSupplement),0.0,0.0,0.0,OK,
TF36,Maldini Fabio,2025-06,MONTHLY,Statistik Leistungen Dritter (PaymentsByThird),0.0,0.0,0.0,OK,
TF36,Maldini Fabio,2025-06,MONTHLY,Statistik BVG-Beitrag AN (BVG-LPP-RegularContribution),-433.33,-433.33,0.0,OK,
TF36,Maldini Fabio,2025-06,MONTHLY,QST steuerbarer Lohn BE B0Y (TaxableEarning),5000.0,5000.0,0.0,OK,"Satz-Lohn 5000.00, QST 349.00"
TF38,Jung Claude,2025-06,MONTHLY,Statistik Grundlohn (GrossBaseSalaryAndRegularAllowance),9500.0,3000.0,6500.0,DIFF,
TF38,Jung Claude,2025-06,MONTHLY,Statistik Zulagen (Allowances),0.0,0.0,0.0,OK,
TF38,Jung Claude,2025-06,MONTHLY,Statistik Familienzulagen (FamilyIncomeSupplement),0.0,0.0,0.0,OK,
TF38,Jung Claude,2025-06,MONTHLY,Statistik Leistungen Dritter (PaymentsByThird),0.0,0.0,0.0,OK,
TF38,Jung Claude,2025-06,MONTHLY,Statistik BVG-Beitrag AN (BVG-LPP-RegularContribution),-393.33,-393.33,0.0,OK,
TF38,Jung Claude,2025-06,MONTHLY,QST steuerbarer Lohn BE A0Y (TaxableEarning),9500.0,9500.0,0.0,OK,"Satz-Lohn 9500.00, QST 1548.50"
TF39,Hasler Harald,2025-06,MONTHLY,Statistik Grundlohn (GrossBaseSalaryAndRegularAllowance),0.0,0.0,0.0,OK,
TF39,Hasler Harald,2025-06,MONTHLY,Statistik Zulagen (Allowances),0.0,0.0,0.0,OK,
TF39,Hasler Harald,2025-06,MONTHLY,Statistik Familienzulagen (FamilyIncomeSupplement),0.0,0.0,0.0,OK,
TF39,Hasler Harald,2025-06,MONTHLY,Statistik Leistungen Dritter (PaymentsByThird),0.0,0.0,0.0,OK,
TF39,Hasler Harald,2025-06,MONTHLY,Statistik BVG-Beitrag AN (BVG-LPP-RegularContribution),0.0,-0.0,0.0,OK,
TF39,Hasler Harald,2025-06,MONTHLY,QST steuerbarer Lohn BE None (TaxableEarning),0.0,0.0,0.0,OK,"Satz-Lohn 0.00, QST 0.00"
TF44,Lusser Hans,2025-06,MONTHLY,Statistik Grundlohn (GrossBaseSalaryAndRegularAllowance),1500.0,1500.0,0.0,OK,
TF44,Lusser Hans,2025-06,MONTHLY,Statistik Zulagen (Allowances),0.0,0.0,0.0,OK,
TF44,Lusser Hans,2025-06,MONTHLY,Statistik Familienzulagen (FamilyIncomeSupplement),0.0,0.0,0.0,OK,
TF44,Lusser Hans,2025-06,MONTHLY,Statistik Leistungen Dritter (PaymentsByThird),0.0,0.0,0.0,OK,
TF44,Lusser Hans,2025-06,MONTHLY,Statistik BVG-Beitrag AN (BVG-LPP-RegularContribution),0.0,-0.0,0.0,OK,
TF01,Herz Monica,2025-07,RETRO,AHV-Basis (AHV-AVS-BaseSalary),35359.3,35359.3,0.0,OK,
TF01,Herz Monica,2025-07,RETRO,FAK-Basis (FAK-CAF-ContributorySalary),35359.3,35359.3,0.0,OK,
TF01,Herz Monica,2025-07,RETRO,FAK Kinderzulagen wiederkehrend (3000),0.0,0.0,0.0,OK,
TF01,Herz Monica,2025-07,RETRO,FAK Zulagen einmalig (3001+3034),0.0,0.0,0.0,OK,
TF01,Herz Monica,2025-07,RETRO,UVG-Bruttolohn (UVG-LAA-GrossSalary),39359.3,39359.3,0.0,OK,
TF01,Herz Monica,2025-07,RETRO,UVG-Basis (UVG-LAA-BaseSalary),32859.3,32859.3,0.0,OK,
TF01,Herz Monica,2025-07,RETRO,UVGZ-Basis (UVGZ-LAAC-BaseSalary),32859.3,32859.3,0.0,OK,
TF01,Herz Monica,2025-07,RETRO,KTG-Referenzlohn (Reference-AHV-AVS-Salary),35359.3,35359.3,0.0,OK,
TF01,Herz Monica,2025-07,RETRO,"Lohnausweis Bruttolohn (GrossIncome, Ziff. 8)",39359.3,39359.3,0.0,OK,
TF01,Herz Monica,2025-07,RETRO,Lohnausweis BVG ordentlich (Ziff. 10.1 = 5050+1972),2205.0,2205.0,0.0,OK,
TF02,Paganini Maria,2025-07,RETRO,AHV-Basis (AHV-AVS-BaseSalary),35639.6,35639.6,0.0,OK,
TF02,Paganini Maria,2025-07,RETRO,FAK-Basis (FAK-CAF-ContributorySalary),35639.6,35639.6,0.0,OK,
TF02,Paganini Maria,2025-07,RETRO,FAK Kinderzulagen wiederkehrend (3000),1505.0,1505.0,0.0,OK,
TF02,Paganini Maria,2025-07,RETRO,FAK Zulagen einmalig (3001+3034),0.0,0.0,0.0,OK,
TF02,Paganini Maria,2025-07,RETRO,UVG-Bruttolohn (UVG-LAA-GrossSalary),35944.6,35944.6,0.0,OK,
TF02,Paganini Maria,2025-07,RETRO,UVG-Basis (UVG-LAA-BaseSalary),35639.6,35639.6,0.0,OK,
TF02,Paganini Maria,2025-07,RETRO,UVGZ-Basis (UVGZ-LAAC-BaseSalary),35639.6,35639.6,0.0,OK,
TF02,Paganini Maria,2025-07,RETRO,KTG-Referenzlohn (Reference-AHV-AVS-Salary),35639.6,35639.6,0.0,OK,
TF02,Paganini Maria,2025-07,RETRO,"Lohnausweis Bruttolohn (GrossIncome, Ziff. 8)",35944.6,35944.6,0.0,OK,
TF02,Paganini Maria,2025-07,RETRO,Lohnausweis BVG ordentlich (Ziff. 10.1 = 5050+1972),2858.3,2858.31,-0.01,OK,
TF03,Lusser Pia,2025-07,RETRO,FAK-Basis (FAK-CAF-ContributorySalary),68100.0,70900.0,-2800.0,DIFF,
TF03,Lusser Pia,2025-07,RETRO,FAK Kinderzulagen wiederkehrend (3000),0.0,0.0,0.0,OK,
TF03,Lusser Pia,2025-07,RETRO,FAK Zulagen einmalig (3001+3034),0.0,0.0,0.0,OK,
TF03,Lusser Pia,2025-07,RETRO,UVG-Bruttolohn (UVG-LAA-GrossSalary),76900.0,76900.0,0.0,OK,
TF03,Lusser Pia,2025-07,RETRO,UVG-Basis (UVG-LAA-BaseSalary),70900.0,70900.0,0.0,OK,
TF03,Lusser Pia,2025-07,RETRO,UVGZ-Basis (UVGZ-LAAC-BaseSalary),70900.0,70900.0,0.0,OK,
TF03,Lusser Pia,2025-07,RETRO,KTG-Referenzlohn (Reference-AHV-AVS-Salary),70900.0,70900.0,0.0,OK,
TF03,Lusser Pia,2025-07,RETRO,"Lohnausweis Bruttolohn (GrossIncome, Ziff. 8)",76900.0,76900.0,0.0,OK,
TF03,Lusser Pia,2025-07,RETRO,Lohnausweis BVG ordentlich (Ziff. 10.1 = 5050+1972),1925.0,1925.0,0.0,OK,
TF04,Fankhauser Markus,2025-07,RETRO,AHV-Basis (AHV-AVS-BaseSalary),210000.0,210000.0,0.0,OK,
TF04,Fankhauser Markus,2025-07,RETRO,FAK-Basis (FAK-CAF-ContributorySalary),210000.0,210000.0,0.0,OK,
TF04,Fankhauser Markus,2025-07,RETRO,FAK Kinderzulagen wiederkehrend (3000),0.0,0.0,0.0,OK,
TF04,Fankhauser Markus,2025-07,RETRO,FAK Zulagen einmalig (3001+3034),0.0,0.0,0.0,OK,
TF04,Fankhauser Markus,2025-07,RETRO,UVG-Bruttolohn (UVG-LAA-GrossSalary),210000.0,210000.0,0.0,OK,
TF04,Fankhauser Markus,2025-07,RETRO,UVG-Basis (UVG-LAA-BaseSalary),210000.0,210000.0,0.0,OK,
TF04,Fankhauser Markus,2025-07,RETRO,UVGZ-Basis (UVGZ-LAAC-BaseSalary),210000.0,210000.0,0.0,OK,
TF04,Fankhauser Markus,2025-07,RETRO,KTG-Referenzlohn (Reference-AHV-AVS-Salary),210000.0,210000.0,0.0,OK,
TF04,Fankhauser Markus,2025-07,RETRO,"Lohnausweis Bruttolohn (GrossIncome, Ziff. 8)",210000.0,210000.0,0.0,OK,
TF04,Fankhauser Markus,2025-07,RETRO,Lohnausweis BVG ordentlich (Ziff. 10.1 = 5050+1972),19600.0,19600.0,0.0,OK,
TF05,Moser Johann,2025-07,RETRO,FAK-Basis (FAK-CAF-ContributorySalary),5400.0,9450.0,-4050.0,DIFF,
TF05,Moser Johann,2025-07,RETRO,FAK Kinderzulagen wiederkehrend (3000),0.0,0.0,0.0,OK,
TF05,Moser Johann,2025-07,RETRO,FAK Zulagen einmalig (3001+3034),0.0,0.0,0.0,OK,
TF05,Moser Johann,2025-07,RETRO,UVG-Bruttolohn (UVG-LAA-GrossSalary),9450.0,9450.0,0.0,OK,
TF05,Moser Johann,2025-07,RETRO,UVG-Basis (UVG-LAA-BaseSalary),9450.0,9450.0,0.0,OK,
TF05,Moser Johann,2025-07,RETRO,UVGZ-Basis (UVGZ-LAAC-BaseSalary),9450.0,9450.0,0.0,OK,
TF05,Moser Johann,2025-07,RETRO,KTG-Referenzlohn (Reference-AHV-AVS-Salary),9450.0,9450.0,0.0,OK,
TF05,Moser Johann,2025-07,RETRO,"Lohnausweis Bruttolohn (GrossIncome, Ziff. 8)",9450.0,9450.0,0.0,OK,
TF05,Moser Johann,2025-07,RETRO,Lohnausweis BVG ordentlich (Ziff. 10.1 = 5050+1972),468.0,468.0,0.0,OK,
TF06,Zahnd Anita,2025-07,RETRO,AHV-Basis (AHV-AVS-BaseSalary),94500.0,94500.0,0.0,OK,
TF06,Zahnd Anita,2025-07,RETRO,FAK-Basis (FAK-CAF-ContributorySalary),94500.0,94500.0,0.0,OK,
TF06,Zahnd Anita,2025-07,RETRO,FAK Kinderzulagen wiederkehrend (3000),0.0,0.0,0.0,OK,
TF06,Zahnd Anita,2025-07,RETRO,FAK Zulagen einmalig (3001+3034),0.0,0.0,0.0,OK,
TF06,Zahnd Anita,2025-07,RETRO,UVG-Bruttolohn (UVG-LAA-GrossSalary),94500.0,94500.0,0.0,OK,
TF06,Zahnd Anita,2025-07,RETRO,UVG-Basis (UVG-LAA-BaseSalary),94500.0,94500.0,0.0,OK,
TF06,Zahnd Anita,2025-07,RETRO,UVGZ-Basis (UVGZ-LAAC-BaseSalary),94500.0,94500.0,0.0,OK,
TF06,Zahnd Anita,2025-07,RETRO,KTG-Referenzlohn (Reference-AHV-AVS-Salary),94500.0,94500.0,0.0,OK,
TF06,Zahnd Anita,2025-07,RETRO,"Lohnausweis Bruttolohn (GrossIncome, Ziff. 8)",94500.0,94500.0,0.0,OK,
TF06,Zahnd Anita,2025-07,RETRO,Lohnausweis BVG ordentlich (Ziff. 10.1 = 5050+1972),7560.0,7560.0,0.0,OK,
TF07,Burri Heidi,2025-07,RETRO,AHV-Basis (AHV-AVS-BaseSalary),5500.0,5500.0,0.0,OK,
TF07,Burri Heidi,2025-07,RETRO,FAK-Basis (FAK-CAF-ContributorySalary),5500.0,5500.0,0.0,OK,
TF07,Burri Heidi,2025-07,RETRO,FAK Kinderzulagen wiederkehrend (3000),0.0,0.0,0.0,OK,
TF07,Burri Heidi,2025-07,RETRO,FAK Zulagen einmalig (3001+3034),0.0,0.0,0.0,OK,
TF07,Burri Heidi,2025-07,RETRO,UVG-Bruttolohn (UVG-LAA-GrossSalary),15000.0,15000.0,0.0,OK,
TF07,Burri Heidi,2025-07,RETRO,UVG-Basis (UVG-LAA-BaseSalary),5500.0,5500.0,0.0,OK,
TF07,Burri Heidi,2025-07,RETRO,UVGZ-Basis (UVGZ-LAAC-BaseSalary),5500.0,5500.0,0.0,OK,
TF07,Burri Heidi,2025-07,RETRO,KTG-Referenzlohn (Reference-AHV-AVS-Salary),5500.0,5500.0,0.0,OK,
TF07,Burri Heidi,2025-07,RETRO,"Lohnausweis Bruttolohn (GrossIncome, Ziff. 8)",15000.0,15000.0,0.0,OK,
TF07,Burri Heidi,2025-07,RETRO,Lohnausweis BVG ordentlich (Ziff. 10.1 = 5050+1972),0.0,0.0,0.0,OK,
TF08,Lamon René,2025-07,RETRO,AHV-Basis (AHV-AVS-BaseSalary),72538.8,72538.8,0.0,OK,
TF08,Lamon René,2025-07,RETRO,FAK-Basis (FAK-CAF-ContributorySalary),72538.8,72538.8,0.0,OK,
TF08,Lamon René,2025-07,RETRO,FAK Kinderzulagen wiederkehrend (3000),1750.0,1750.0,0.0,OK,
TF08,Lamon René,2025-07,RETRO,FAK Zulagen einmalig (3001+3034),0.0,0.0,0.0,OK,
TF08,Lamon René,2025-07,RETRO,UVG-Bruttolohn (UVG-LAA-GrossSalary),74288.8,74288.8,0.0,OK,
TF08,Lamon René,2025-07,RETRO,UVG-Basis (UVG-LAA-BaseSalary),72538.8,72538.8,0.0,OK,
TF08,Lamon René,2025-07,RETRO,UVGZ-Basis (UVGZ-LAAC-BaseSalary),72538.8,72538.8,0.0,OK,
TF08,Lamon René,2025-07,RETRO,KTG-Referenzlohn (Reference-AHV-AVS-Salary),72538.8,72538.8,0.0,OK,
TF08,Lamon René,2025-07,RETRO,"Lohnausweis Bruttolohn (GrossIncome, Ziff. 8)",74288.8,74288.8,0.0,OK,
TF08,Lamon René,2025-07,RETRO,Lohnausweis BVG ordentlich (Ziff. 10.1 = 5050+1972),5257.65,5257.63,0.02,OK,
TF09,Estermann Michael,2025-07,RETRO,FAK-Basis (FAK-CAF-ContributorySalary),39200.0,49000.0,-9800.0,DIFF,
TF09,Estermann Michael,2025-07,RETRO,FAK Kinderzulagen wiederkehrend (3000),0.0,0.0,0.0,OK,
TF09,Estermann Michael,2025-07,RETRO,FAK Zulagen einmalig (3001+3034),0.0,0.0,0.0,OK,
TF09,Estermann Michael,2025-07,RETRO,UVG-Bruttolohn (UVG-LAA-GrossSalary),49000.0,49000.0,0.0,OK,
TF09,Estermann Michael,2025-07,RETRO,UVG-Basis (UVG-LAA-BaseSalary),49000.0,49000.0,0.0,OK,
TF09,Estermann Michael,2025-07,RETRO,UVGZ-Basis (UVGZ-LAAC-BaseSalary),49000.0,49000.0,0.0,OK,
TF09,Estermann Michael,2025-07,RETRO,KTG-Referenzlohn (Reference-AHV-AVS-Salary),49000.0,49000.0,0.0,OK,
TF09,Estermann Michael,2025-07,RETRO,"Lohnausweis Bruttolohn (GrossIncome, Ziff. 8)",49000.0,49000.0,0.0,OK,
TF09,Estermann Michael,2025-07,RETRO,Lohnausweis BVG ordentlich (Ziff. 10.1 = 5050+1972),0.0,0.0,0.0,OK,
TF10,Ganz Heinz,2025-07,RETRO,AHV-Basis (AHV-AVS-BaseSalary),38400.0,38400.0,0.0,OK,
TF10,Ganz Heinz,2025-07,RETRO,FAK-Basis (FAK-CAF-ContributorySalary),38400.0,38400.0,0.0,OK,
TF10,Ganz Heinz,2025-07,RETRO,FAK Kinderzulagen wiederkehrend (3000),0.0,0.0,0.0,OK,
TF10,Ganz Heinz,2025-07,RETRO,FAK Zulagen einmalig (3001+3034),0.0,0.0,0.0,OK,
TF10,Ganz Heinz,2025-07,RETRO,UVG-Bruttolohn (UVG-LAA-GrossSalary),37800.0,37800.0,0.0,OK,
TF10,Ganz Heinz,2025-07,RETRO,UVG-Basis (UVG-LAA-BaseSalary),37400.0,37400.0,0.0,OK,
TF10,Ganz Heinz,2025-07,RETRO,UVGZ-Basis (UVGZ-LAAC-BaseSalary),37400.0,37400.0,0.0,OK,
TF10,Ganz Heinz,2025-07,RETRO,KTG-Referenzlohn (Reference-AHV-AVS-Salary),38400.0,38400.0,0.0,OK,
TF10,Ganz Heinz,2025-07,RETRO,"Lohnausweis Bruttolohn (GrossIncome, Ziff. 8)",37800.0,37800.0,0.0,OK,
TF10,Ganz Heinz,2025-07,RETRO,Lohnausweis BVG ordentlich (Ziff. 10.1 = 5050+1972),2688.0,2688.0,0.0,OK,
TF11,Bosshard Peter,2025-07,RETRO,AHV-Basis (AHV-AVS-BaseSalary),140250.0,140250.0,0.0,OK,
TF11,Bosshard Peter,2025-07,RETRO,FAK-Basis (FAK-CAF-ContributorySalary),140250.0,140250.0,0.0,OK,
TF11,Bosshard Peter,2025-07,RETRO,FAK Kinderzulagen wiederkehrend (3000),2895.0,2895.0,0.0,OK,
TF11,Bosshard Peter,2025-07,RETRO,FAK Zulagen einmalig (3001+3034),1000.0,1000.0,0.0,OK,
TF11,Bosshard Peter,2025-07,RETRO,UVG-Bruttolohn (UVG-LAA-GrossSalary),194145.0,194145.0,0.0,OK,
TF11,Bosshard Peter,2025-07,RETRO,UVG-Basis (UVG-LAA-BaseSalary),140250.0,140250.0,0.0,OK,
TF11,Bosshard Peter,2025-07,RETRO,UVGZ-Basis (UVGZ-LAAC-BaseSalary),280500.0,140250.0,140250.0,DIFF,
TF11,Bosshard Peter,2025-07,RETRO,KTG-Referenzlohn (Reference-AHV-AVS-Salary),280500.0,140250.0,140250.0,DIFF,
TF11,Bosshard Peter,2025-07,RETRO,"Lohnausweis Bruttolohn (GrossIncome, Ziff. 8)",194145.0,194145.0,0.0,OK,
TF11,Bosshard Peter,2025-07,RETRO,Lohnausweis BVG ordentlich (Ziff. 10.1 = 5050+1972),9262.15,9262.16,-0.01,OK,
TF11,Bosshard Peter,2025-07,RETRO,Lohnausweis BVG Einkauf (Ziff. 10.2 = 1973),5000.0,5000.0,0.0,OK,
TF12,Casanova Renato,2025-07,RETRO,AHV-Basis (AHV-AVS-BaseSalary),63700.0,63700.0,0.0,OK,
TF12,Casanova Renato,2025-07,RETRO,FAK-Basis (FAK-CAF-ContributorySalary),63700.0,63700.0,0.0,OK,
TF12,Casanova Renato,2025-07,RETRO,FAK Kinderzulagen wiederkehrend (3000),0.0,0.0,0.0,OK,
TF12,Casanova Renato,2025-07,RETRO,FAK Zulagen einmalig (3001+3034),0.0,0.0,0.0,OK,
TF12,Casanova Renato,2025-07,RETRO,UVG-Bruttolohn (UVG-LAA-GrossSalary),68700.0,68700.0,0.0,OK,
TF12,Casanova Renato,2025-07,RETRO,UVG-Basis (UVG-LAA-BaseSalary),61700.0,61700.0,0.0,OK,
TF12,Casanova Renato,2025-07,RETRO,UVGZ-Basis (UVGZ-LAAC-BaseSalary),61700.0,61700.0,0.0,OK,
TF12,Casanova Renato,2025-07,RETRO,KTG-Referenzlohn (Reference-AHV-AVS-Salary),63700.0,63700.0,0.0,OK,
TF12,Casanova Renato,2025-07,RETRO,"Lohnausweis Bruttolohn (GrossIncome, Ziff. 8)",66700.0,68700.0,-2000.0,DIFF,
TF12,Casanova Renato,2025-07,RETRO,Lohnausweis BVG ordentlich (Ziff. 10.1 = 5050+1972),5397.0,5397.0,0.0,OK,
TF13,Combertaldi Renato,2025-07,RETRO,UVG-Bruttolohn (UVG-LAA-GrossSalary),15880.0,15880.0,0.0,OK,
TF13,Combertaldi Renato,2025-07,RETRO,UVG-Basis (UVG-LAA-BaseSalary),15880.0,15880.0,0.0,OK,
TF13,Combertaldi Renato,2025-07,RETRO,UVGZ-Basis (UVGZ-LAAC-BaseSalary),15880.0,15880.0,0.0,OK,
TF13,Combertaldi Renato,2025-07,RETRO,KTG-Referenzlohn (Reference-AHV-AVS-Salary),15880.0,15880.0,0.0,OK,
TF13,Combertaldi Renato,2025-07,RETRO,"Lohnausweis Bruttolohn (GrossIncome, Ziff. 8)",15880.0,15880.0,0.0,OK,
TF13,Combertaldi Renato,2025-07,RETRO,Lohnausweis BVG ordentlich (Ziff. 10.1 = 5050+1972),0.0,0.0,0.0,OK,
TF14,Egli Anna,2025-07,RETRO,UVG-Bruttolohn (UVG-LAA-GrossSalary),27227.5,27227.5,0.0,OK,
TF14,Egli Anna,2025-07,RETRO,UVG-Basis (UVG-LAA-BaseSalary),27227.5,27227.5,0.0,OK,
TF14,Egli Anna,2025-07,RETRO,UVGZ-Basis (UVGZ-LAAC-BaseSalary),27227.5,27227.5,0.0,OK,
TF14,Egli Anna,2025-07,RETRO,KTG-Referenzlohn (Reference-AHV-AVS-Salary),27227.5,27227.5,0.0,OK,
TF14,Egli Anna,2025-07,RETRO,"Lohnausweis Bruttolohn (GrossIncome, Ziff. 8)",27227.5,27227.5,0.0,OK,
TF14,Egli Anna,2025-07,RETRO,Lohnausweis BVG ordentlich (Ziff. 10.1 = 5050+1972),0.0,0.0,0.0,OK,
TF15,Degelo Lorenz,2025-07,RETRO,AHV-Basis (AHV-AVS-BaseSalary),2800.35,2800.35,0.0,OK,
TF15,Degelo Lorenz,2025-07,RETRO,FAK-Basis (FAK-CAF-ContributorySalary),2800.35,2800.35,0.0,OK,
TF15,Degelo Lorenz,2025-07,RETRO,FAK Kinderzulagen wiederkehrend (3000),0.0,0.0,0.0,OK,
TF15,Degelo Lorenz,2025-07,RETRO,FAK Zulagen einmalig (3001+3034),0.0,0.0,0.0,OK,
TF15,Degelo Lorenz,2025-07,RETRO,UVG-Bruttolohn (UVG-LAA-GrossSalary),2800.35,2800.35,0.0,OK,
TF15,Degelo Lorenz,2025-07,RETRO,UVG-Basis (UVG-LAA-BaseSalary),2800.35,2800.35,0.0,OK,
TF15,Degelo Lorenz,2025-07,RETRO,UVGZ-Basis (UVGZ-LAAC-BaseSalary),2800.35,2800.35,0.0,OK,
TF15,Degelo Lorenz,2025-07,RETRO,KTG-Referenzlohn (Reference-AHV-AVS-Salary),2800.35,2800.35,0.0,OK,
TF15,Degelo Lorenz,2025-07,RETRO,"Lohnausweis Bruttolohn (GrossIncome, Ziff. 8)",2800.35,2800.35,0.0,OK,
TF15,Degelo Lorenz,2025-07,RETRO,Lohnausweis BVG ordentlich (Ziff. 10.1 = 5050+1972),0.0,0.0,0.0,OK,
TF16,Aebi Anna,2025-07,RETRO,FAK-Basis (FAK-CAF-ContributorySalary),30365.05,34565.05,-4200.0,DIFF,
TF16,Aebi Anna,2025-07,RETRO,FAK Kinderzulagen wiederkehrend (3000),0.0,0.0,0.0,OK,
TF16,Aebi Anna,2025-07,RETRO,FAK Zulagen einmalig (3001+3034),0.0,0.0,0.0,OK,
TF16,Aebi Anna,2025-07,RETRO,UVG-Bruttolohn (UVG-LAA-GrossSalary),34565.05,34565.05,0.0,OK,
TF16,Aebi Anna,2025-07,RETRO,UVG-Basis (UVG-LAA-BaseSalary),34565.05,34565.05,0.0,OK,
TF16,Aebi Anna,2025-07,RETRO,UVGZ-Basis (UVGZ-LAAC-BaseSalary),34565.05,34565.05,0.0,OK,
TF16,Aebi Anna,2025-07,RETRO,KTG-Referenzlohn (Reference-AHV-AVS-Salary),34565.05,34565.05,0.0,OK,
TF16,Aebi Anna,2025-07,RETRO,"Lohnausweis Bruttolohn (GrossIncome, Ziff. 8)",34565.05,34565.05,0.0,OK,
TF16,Aebi Anna,2025-07,RETRO,Lohnausweis BVG ordentlich (Ziff. 10.1 = 5050+1972),0.0,0.0,0.0,OK,
TF17,Binggeli Fritz,2025-07,RETRO,AHV-Basis (AHV-AVS-BaseSalary),31850.0,31850.0,0.0,OK,
TF17,Binggeli Fritz,2025-07,RETRO,FAK-Basis (FAK-CAF-ContributorySalary),31850.0,31850.0,0.0,OK,
TF17,Binggeli Fritz,2025-07,RETRO,FAK Kinderzulagen wiederkehrend (3000),0.0,0.0,0.0,OK,
TF17,Binggeli Fritz,2025-07,RETRO,FAK Zulagen einmalig (3001+3034),0.0,0.0,0.0,OK,
TF17,Binggeli Fritz,2025-07,RETRO,UVG-Bruttolohn (UVG-LAA-GrossSalary),31850.0,31850.0,0.0,OK,
TF17,Binggeli Fritz,2025-07,RETRO,UVG-Basis (UVG-LAA-BaseSalary),31850.0,31850.0,0.0,OK,
TF17,Binggeli Fritz,2025-07,RETRO,UVGZ-Basis (UVGZ-LAAC-BaseSalary),31850.0,31850.0,0.0,OK,
TF17,Binggeli Fritz,2025-07,RETRO,KTG-Referenzlohn (Reference-AHV-AVS-Salary),31850.0,31850.0,0.0,OK,
TF17,Binggeli Fritz,2025-07,RETRO,"Lohnausweis Bruttolohn (GrossIncome, Ziff. 8)",31850.0,31850.0,0.0,OK,
TF17,Binggeli Fritz,2025-07,RETRO,Lohnausweis BVG ordentlich (Ziff. 10.1 = 5050+1972),2229.5,2229.5,0.0,OK,
TF18,Blanc Pierre,2025-07,RETRO,AHV-Basis (AHV-AVS-BaseSalary),8256.15,8256.15,0.0,OK,
TF18,Blanc Pierre,2025-07,RETRO,FAK-Basis (FAK-CAF-ContributorySalary),8256.15,8256.15,0.0,OK,
TF18,Blanc Pierre,2025-07,RETRO,FAK Kinderzulagen wiederkehrend (3000),0.0,0.0,0.0,OK,
TF18,Blanc Pierre,2025-07,RETRO,FAK Zulagen einmalig (3001+3034),0.0,0.0,0.0,OK,
TF18,Blanc Pierre,2025-07,RETRO,UVG-Bruttolohn (UVG-LAA-GrossSalary),8256.15,8256.15,0.0,OK,
TF18,Blanc Pierre,2025-07,RETRO,UVG-Basis (UVG-LAA-BaseSalary),8256.15,8256.15,0.0,OK,
TF18,Blanc Pierre,2025-07,RETRO,UVGZ-Basis (UVGZ-LAAC-BaseSalary),8256.15,8256.15,0.0,OK,
TF18,Blanc Pierre,2025-07,RETRO,KTG-Referenzlohn (Reference-AHV-AVS-Salary),8256.15,8256.15,0.0,OK,
TF18,Blanc Pierre,2025-07,RETRO,"Lohnausweis Bruttolohn (GrossIncome, Ziff. 8)",8256.15,8256.15,0.0,OK,
TF18,Blanc Pierre,2025-07,RETRO,Lohnausweis BVG ordentlich (Ziff. 10.1 = 5050+1972),535.1,535.08,0.02,OK,
TF19,Andrey Melanie,2025-07,RETRO,AHV-Basis (AHV-AVS-BaseSalary),18200.0,18200.0,0.0,OK,
TF19,Andrey Melanie,2025-07,RETRO,FAK-Basis (FAK-CAF-ContributorySalary),18200.0,18200.0,0.0,OK,
TF19,Andrey Melanie,2025-07,RETRO,FAK Kinderzulagen wiederkehrend (3000),0.0,0.0,0.0,OK,
TF19,Andrey Melanie,2025-07,RETRO,FAK Zulagen einmalig (3001+3034),0.0,0.0,0.0,OK,
TF19,Andrey Melanie,2025-07,RETRO,UVG-Bruttolohn (UVG-LAA-GrossSalary),18200.0,18200.0,0.0,OK,
TF19,Andrey Melanie,2025-07,RETRO,UVG-Basis (UVG-LAA-BaseSalary),18200.0,18200.0,0.0,OK,
TF19,Andrey Melanie,2025-07,RETRO,UVGZ-Basis (UVGZ-LAAC-BaseSalary),18200.0,18200.0,0.0,OK,
TF19,Andrey Melanie,2025-07,RETRO,KTG-Referenzlohn (Reference-AHV-AVS-Salary),18200.0,18200.0,0.0,OK,
TF19,Andrey Melanie,2025-07,RETRO,"Lohnausweis Bruttolohn (GrossIncome, Ziff. 8)",18200.0,18200.0,0.0,OK,
TF19,Andrey Melanie,2025-07,RETRO,Lohnausweis BVG ordentlich (Ziff. 10.1 = 5050+1972),1380.1,1380.12,-0.02,OK,
TF20,Arnold Lukas,2025-07,RETRO,AHV-Basis (AHV-AVS-BaseSalary),10416.65,10416.65,0.0,OK,
TF20,Arnold Lukas,2025-07,RETRO,FAK-Basis (FAK-CAF-ContributorySalary),10416.65,10416.65,0.0,OK,
TF20,Arnold Lukas,2025-07,RETRO,FAK Kinderzulagen wiederkehrend (3000),0.0,0.0,0.0,OK,
TF20,Arnold Lukas,2025-07,RETRO,FAK Zulagen einmalig (3001+3034),0.0,0.0,0.0,OK,
TF20,Arnold Lukas,2025-07,RETRO,UVG-Bruttolohn (UVG-LAA-GrossSalary),10416.65,10416.65,0.0,OK,
TF20,Arnold Lukas,2025-07,RETRO,UVG-Basis (UVG-LAA-BaseSalary),9916.65,9916.65,0.0,OK,
TF20,Arnold Lukas,2025-07,RETRO,UVGZ-Basis (UVGZ-LAAC-BaseSalary),9916.65,9916.65,0.0,OK,
TF20,Arnold Lukas,2025-07,RETRO,KTG-Referenzlohn (Reference-AHV-AVS-Salary),10416.65,10416.65,0.0,OK,
TF20,Arnold Lukas,2025-07,RETRO,"Lohnausweis Bruttolohn (GrossIncome, Ziff. 8)",10416.65,10416.65,0.0,OK,
TF20,Arnold Lukas,2025-07,RETRO,Lohnausweis BVG ordentlich (Ziff. 10.1 = 5050+1972),520.0,519.99,0.01,OK,
TF21,Meier Christian,2025-07,RETRO,AHV-Basis (AHV-AVS-BaseSalary),10416.65,10416.65,0.0,OK,
TF21,Meier Christian,2025-07,RETRO,FAK-Basis (FAK-CAF-ContributorySalary),10416.65,10416.65,0.0,OK,
TF21,Meier Christian,2025-07,RETRO,FAK Kinderzulagen wiederkehrend (3000),0.0,0.0,0.0,OK,
TF21,Meier Christian,2025-07,RETRO,FAK Zulagen einmalig (3001+3034),0.0,0.0,0.0,OK,
TF21,Meier Christian,2025-07,RETRO,UVG-Bruttolohn (UVG-LAA-GrossSalary),10416.65,10416.65,0.0,OK,
TF21,Meier Christian,2025-07,RETRO,UVG-Basis (UVG-LAA-BaseSalary),9916.65,9916.65,0.0,OK,
TF21,Meier Christian,2025-07,RETRO,UVGZ-Basis (UVGZ-LAAC-BaseSalary),9916.65,9916.65,0.0,OK,
TF21,Meier Christian,2025-07,RETRO,KTG-Referenzlohn (Reference-AHV-AVS-Salary),10416.65,10416.65,0.0,OK,
TF21,Meier Christian,2025-07,RETRO,"Lohnausweis Bruttolohn (GrossIncome, Ziff. 8)",10416.65,10416.65,0.0,OK,
TF21,Meier Christian,2025-07,RETRO,Lohnausweis BVG ordentlich (Ziff. 10.1 = 5050+1972),455.0,455.01,-0.01,OK,
TF22,Bucher Elisabeth,2025-07,RETRO,AHV-Basis (AHV-AVS-BaseSalary),34007.9,34007.9,0.0,OK,
TF22,Bucher Elisabeth,2025-07,RETRO,FAK-Basis (FAK-CAF-ContributorySalary),34007.9,34007.9,0.0,OK,
TF22,Bucher Elisabeth,2025-07,RETRO,FAK Kinderzulagen wiederkehrend (3000),0.0,0.0,0.0,OK,
TF22,Bucher Elisabeth,2025-07,RETRO,FAK Zulagen einmalig (3001+3034),0.0,0.0,0.0,OK,
TF22,Bucher Elisabeth,2025-07,RETRO,UVG-Bruttolohn (UVG-LAA-GrossSalary),34007.9,34007.9,0.0,OK,
TF22,Bucher Elisabeth,2025-07,RETRO,UVG-Basis (UVG-LAA-BaseSalary),34007.9,34007.9,0.0,OK,
TF22,Bucher Elisabeth,2025-07,RETRO,UVGZ-Basis (UVGZ-LAAC-BaseSalary),34007.9,34007.9,0.0,OK,
TF22,Bucher Elisabeth,2025-07,RETRO,KTG-Referenzlohn (Reference-AHV-AVS-Salary),34007.9,34007.9,0.0,OK,
TF22,Bucher Elisabeth,2025-07,RETRO,"Lohnausweis Bruttolohn (GrossIncome, Ziff. 8)",34007.9,34007.9,0.0,OK,
TF22,Bucher Elisabeth,2025-07,RETRO,Lohnausweis BVG ordentlich (Ziff. 10.1 = 5050+1972),2076.65,2076.64,0.01,OK,
TF23,Koller Ludwig,2025-07,RETRO,AHV-Basis (AHV-AVS-BaseSalary),65000.0,65000.0,0.0,OK,
TF23,Koller Ludwig,2025-07,RETRO,FAK-Basis (FAK-CAF-ContributorySalary),65000.0,65000.0,0.0,OK,
TF23,Koller Ludwig,2025-07,RETRO,FAK Kinderzulagen wiederkehrend (3000),0.0,0.0,0.0,OK,
TF23,Koller Ludwig,2025-07,RETRO,FAK Zulagen einmalig (3001+3034),0.0,0.0,0.0,OK,
TF23,Koller Ludwig,2025-07,RETRO,UVG-Bruttolohn (UVG-LAA-GrossSalary),65000.0,65000.0,0.0,OK,
TF23,Koller Ludwig,2025-07,RETRO,UVG-Basis (UVG-LAA-BaseSalary),65000.0,65000.0,0.0,OK,
TF23,Koller Ludwig,2025-07,RETRO,UVGZ-Basis (UVGZ-LAAC-BaseSalary),65000.0,65000.0,0.0,OK,
TF23,Koller Ludwig,2025-07,RETRO,KTG-Referenzlohn (Reference-AHV-AVS-Salary),65000.0,65000.0,0.0,OK,
TF23,Koller Ludwig,2025-07,RETRO,"Lohnausweis Bruttolohn (GrossIncome, Ziff. 8)",65000.0,65000.0,0.0,OK,
TF23,Koller Ludwig,2025-07,RETRO,Lohnausweis BVG ordentlich (Ziff. 10.1 = 5050+1972),2654.1,2654.12,-0.02,OK,
TF24,Utzinger Jan,2025-07,RETRO,AHV-Basis (AHV-AVS-BaseSalary),59000.0,59000.0,0.0,OK,
TF24,Utzinger Jan,2025-07,RETRO,FAK-Basis (FAK-CAF-ContributorySalary),59000.0,59000.0,0.0,OK,
TF24,Utzinger Jan,2025-07,RETRO,FAK Kinderzulagen wiederkehrend (3000),0.0,0.0,0.0,OK,
TF24,Utzinger Jan,2025-07,RETRO,FAK Zulagen einmalig (3001+3034),0.0,0.0,0.0,OK,
TF24,Utzinger Jan,2025-07,RETRO,UVG-Bruttolohn (UVG-LAA-GrossSalary),59000.0,59000.0,0.0,OK,
TF24,Utzinger Jan,2025-07,RETRO,UVG-Basis (UVG-LAA-BaseSalary),59000.0,59000.0,0.0,OK,
TF24,Utzinger Jan,2025-07,RETRO,UVGZ-Basis (UVGZ-LAAC-BaseSalary),59000.0,59000.0,0.0,OK,
TF24,Utzinger Jan,2025-07,RETRO,KTG-Referenzlohn (Reference-AHV-AVS-Salary),59000.0,59000.0,0.0,OK,
TF24,Utzinger Jan,2025-07,RETRO,"Lohnausweis Bruttolohn (GrossIncome, Ziff. 8)",59000.0,59000.0,0.0,OK,
TF24,Utzinger Jan,2025-07,RETRO,Lohnausweis BVG ordentlich (Ziff. 10.1 = 5050+1972),4474.2,4474.19,0.01,OK,
TF25,Lehmann Nadine,2025-07,RETRO,AHV-Basis (AHV-AVS-BaseSalary),54166.65,54166.65,0.0,OK,
TF25,Lehmann Nadine,2025-07,RETRO,FAK-Basis (FAK-CAF-ContributorySalary),54166.65,54166.65,0.0,OK,
TF25,Lehmann Nadine,2025-07,RETRO,FAK Kinderzulagen wiederkehrend (3000),0.0,0.0,0.0,OK,
TF25,Lehmann Nadine,2025-07,RETRO,FAK Zulagen einmalig (3001+3034),0.0,0.0,0.0,OK,
TF25,Lehmann Nadine,2025-07,RETRO,UVG-Bruttolohn (UVG-LAA-GrossSalary),54166.65,54166.65,0.0,OK,
TF25,Lehmann Nadine,2025-07,RETRO,UVG-Basis (UVG-LAA-BaseSalary),54166.65,54166.65,0.0,OK,
TF25,Lehmann Nadine,2025-07,RETRO,UVGZ-Basis (UVGZ-LAAC-BaseSalary),54166.65,54166.65,0.0,OK,
TF25,Lehmann Nadine,2025-07,RETRO,KTG-Referenzlohn (Reference-AHV-AVS-Salary),54166.65,54166.65,0.0,OK,
TF25,Lehmann Nadine,2025-07,RETRO,"Lohnausweis Bruttolohn (GrossIncome, Ziff. 8)",54166.65,54166.65,0.0,OK,
TF25,Lehmann Nadine,2025-07,RETRO,Lohnausweis BVG ordentlich (Ziff. 10.1 = 5050+1972),4550.0,4550.0,0.0,OK,
TF26,Jenzer Marcel,2025-07,RETRO,AHV-Basis (AHV-AVS-BaseSalary),54166.65,54166.65,0.0,OK,
TF26,Jenzer Marcel,2025-07,RETRO,FAK-Basis (FAK-CAF-ContributorySalary),54166.65,54166.65,0.0,OK,
TF26,Jenzer Marcel,2025-07,RETRO,FAK Kinderzulagen wiederkehrend (3000),0.0,0.0,0.0,OK,
TF26,Jenzer Marcel,2025-07,RETRO,FAK Zulagen einmalig (3001+3034),0.0,0.0,0.0,OK,
TF26,Jenzer Marcel,2025-07,RETRO,UVG-Bruttolohn (UVG-LAA-GrossSalary),54166.65,54166.65,0.0,OK,
TF26,Jenzer Marcel,2025-07,RETRO,UVG-Basis (UVG-LAA-BaseSalary),54166.65,54166.65,0.0,OK,
TF26,Jenzer Marcel,2025-07,RETRO,UVGZ-Basis (UVGZ-LAAC-BaseSalary),54166.65,54166.65,0.0,OK,
TF26,Jenzer Marcel,2025-07,RETRO,KTG-Referenzlohn (Reference-AHV-AVS-Salary),54166.65,54166.65,0.0,OK,
TF26,Jenzer Marcel,2025-07,RETRO,"Lohnausweis Bruttolohn (GrossIncome, Ziff. 8)",54166.65,54166.65,0.0,OK,
TF26,Jenzer Marcel,2025-07,RETRO,Lohnausweis BVG ordentlich (Ziff. 10.1 = 5050+1972),4550.0,4550.0,0.0,OK,
TF27,Rast Eva,2025-07,RETRO,AHV-Basis (AHV-AVS-BaseSalary),30000.0,30000.0,0.0,OK,
TF27,Rast Eva,2025-07,RETRO,FAK-Basis (FAK-CAF-ContributorySalary),30000.0,30000.0,0.0,OK,
TF27,Rast Eva,2025-07,RETRO,FAK Kinderzulagen wiederkehrend (3000),0.0,0.0,0.0,OK,
TF27,Rast Eva,2025-07,RETRO,FAK Zulagen einmalig (3001+3034),0.0,0.0,0.0,OK,
TF27,Rast Eva,2025-07,RETRO,UVG-Bruttolohn (UVG-LAA-GrossSalary),30000.0,30000.0,0.0,OK,
TF27,Rast Eva,2025-07,RETRO,UVG-Basis (UVG-LAA-BaseSalary),30000.0,30000.0,0.0,OK,
TF27,Rast Eva,2025-07,RETRO,UVGZ-Basis (UVGZ-LAAC-BaseSalary),30000.0,30000.0,0.0,OK,
TF27,Rast Eva,2025-07,RETRO,KTG-Referenzlohn (Reference-AHV-AVS-Salary),30000.0,30000.0,0.0,OK,
TF27,Rast Eva,2025-07,RETRO,"Lohnausweis Bruttolohn (GrossIncome, Ziff. 8)",30000.0,30000.0,0.0,OK,
TF27,Rast Eva,2025-07,RETRO,Lohnausweis BVG ordentlich (Ziff. 10.1 = 5050+1972),2400.0,2400.0,0.0,OK,
TF28,Arbenz Esther,2025-07,RETRO,AHV-Basis (AHV-AVS-BaseSalary),62000.0,62000.0,0.0,OK,
TF28,Arbenz Esther,2025-07,RETRO,FAK-Basis (FAK-CAF-ContributorySalary),62000.0,62000.0,0.0,OK,
TF28,Arbenz Esther,2025-07,RETRO,FAK Kinderzulagen wiederkehrend (3000),0.0,0.0,0.0,OK,
TF28,Arbenz Esther,2025-07,RETRO,FAK Zulagen einmalig (3001+3034),0.0,0.0,0.0,OK,
TF28,Arbenz Esther,2025-07,RETRO,UVG-Bruttolohn (UVG-LAA-GrossSalary),62000.0,62000.0,0.0,OK,
TF28,Arbenz Esther,2025-07,RETRO,UVG-Basis (UVG-LAA-BaseSalary),62000.0,62000.0,0.0,OK,
TF28,Arbenz Esther,2025-07,RETRO,UVGZ-Basis (UVGZ-LAAC-BaseSalary),62000.0,62000.0,0.0,OK,
TF28,Arbenz Esther,2025-07,RETRO,KTG-Referenzlohn (Reference-AHV-AVS-Salary),62000.0,62000.0,0.0,OK,
TF28,Arbenz Esther,2025-07,RETRO,"Lohnausweis Bruttolohn (GrossIncome, Ziff. 8)",62000.0,62000.0,0.0,OK,
TF28,Arbenz Esther,2025-07,RETRO,Lohnausweis BVG ordentlich (Ziff. 10.1 = 5050+1972),3640.0,3640.0,0.0,OK,
TF29,Forster Moreno,2025-07,RETRO,AHV-Basis (AHV-AVS-BaseSalary),62000.0,62000.0,0.0,OK,
TF29,Forster Moreno,2025-07,RETRO,FAK-Basis (FAK-CAF-ContributorySalary),62000.0,62000.0,0.0,OK,
TF29,Forster Moreno,2025-07,RETRO,FAK Kinderzulagen wiederkehrend (3000),0.0,0.0,0.0,OK,
TF29,Forster Moreno,2025-07,RETRO,FAK Zulagen einmalig (3001+3034),0.0,0.0,0.0,OK,
TF29,Forster Moreno,2025-07,RETRO,UVG-Bruttolohn (UVG-LAA-GrossSalary),62000.0,62000.0,0.0,OK,
TF29,Forster Moreno,2025-07,RETRO,UVG-Basis (UVG-LAA-BaseSalary),62000.0,62000.0,0.0,OK,
TF29,Forster Moreno,2025-07,RETRO,UVGZ-Basis (UVGZ-LAAC-BaseSalary),62000.0,62000.0,0.0,OK,
TF29,Forster Moreno,2025-07,RETRO,KTG-Referenzlohn (Reference-AHV-AVS-Salary),62000.0,62000.0,0.0,OK,
TF29,Forster Moreno,2025-07,RETRO,"Lohnausweis Bruttolohn (GrossIncome, Ziff. 8)",62000.0,62000.0,0.0,OK,
TF29,Forster Moreno,2025-07,RETRO,Lohnausweis BVG ordentlich (Ziff. 10.1 = 5050+1972),3185.0,3185.0,0.0,OK,
TF30,Müller Heinrich,2025-07,RETRO,AHV-Basis (AHV-AVS-BaseSalary),38500.0,38500.0,0.0,OK,
TF30,Müller Heinrich,2025-07,RETRO,FAK-Basis (FAK-CAF-ContributorySalary),38500.0,38500.0,0.0,OK,
TF30,Müller Heinrich,2025-07,RETRO,FAK Kinderzulagen wiederkehrend (3000),0.0,0.0,0.0,OK,
TF30,Müller Heinrich,2025-07,RETRO,FAK Zulagen einmalig (3001+3034),0.0,0.0,0.0,OK,
TF30,Müller Heinrich,2025-07,RETRO,UVG-Bruttolohn (UVG-LAA-GrossSalary),38500.0,38500.0,0.0,OK,
TF30,Müller Heinrich,2025-07,RETRO,UVG-Basis (UVG-LAA-BaseSalary),38500.0,38500.0,0.0,OK,
TF30,Müller Heinrich,2025-07,RETRO,UVGZ-Basis (UVGZ-LAAC-BaseSalary),38500.0,38500.0,0.0,OK,
TF30,Müller Heinrich,2025-07,RETRO,KTG-Referenzlohn (Reference-AHV-AVS-Salary),38500.0,38500.0,0.0,OK,
TF30,Müller Heinrich,2025-07,RETRO,"Lohnausweis Bruttolohn (GrossIncome, Ziff. 8)",38500.0,38500.0,0.0,OK,
TF30,Müller Heinrich,2025-07,RETRO,Lohnausweis BVG ordentlich (Ziff. 10.1 = 5050+1972),1320.0,1320.0,0.0,OK,
TF31,Bolletto Franca,2025-07,RETRO,AHV-Basis (AHV-AVS-BaseSalary),35000.0,35000.0,0.0,OK,
TF31,Bolletto Franca,2025-07,RETRO,FAK-Basis (FAK-CAF-ContributorySalary),35000.0,35000.0,0.0,OK,
TF31,Bolletto Franca,2025-07,RETRO,FAK Kinderzulagen wiederkehrend (3000),0.0,0.0,0.0,OK,
TF31,Bolletto Franca,2025-07,RETRO,FAK Zulagen einmalig (3001+3034),0.0,0.0,0.0,OK,
TF31,Bolletto Franca,2025-07,RETRO,UVG-Bruttolohn (UVG-LAA-GrossSalary),35000.0,35000.0,0.0,OK,
TF31,Bolletto Franca,2025-07,RETRO,UVG-Basis (UVG-LAA-BaseSalary),35000.0,35000.0,0.0,OK,
TF31,Bolletto Franca,2025-07,RETRO,UVGZ-Basis (UVGZ-LAAC-BaseSalary),35000.0,35000.0,0.0,OK,
TF31,Bolletto Franca,2025-07,RETRO,KTG-Referenzlohn (Reference-AHV-AVS-Salary),35000.0,35000.0,0.0,OK,
TF31,Bolletto Franca,2025-07,RETRO,"Lohnausweis Bruttolohn (GrossIncome, Ziff. 8)",35000.0,35000.0,0.0,OK,
TF31,Bolletto Franca,2025-07,RETRO,Lohnausweis BVG ordentlich (Ziff. 10.1 = 5050+1972),2275.0,2275.0,0.0,OK,
TF33,Châtelain Pierre,2025-07,RETRO,AHV-Basis (AHV-AVS-BaseSalary),35000.0,35000.0,0.0,OK,
TF33,Châtelain Pierre,2025-07,RETRO,FAK-Basis (FAK-CAF-ContributorySalary),35000.0,35000.0,0.0,OK,
TF33,Châtelain Pierre,2025-07,RETRO,FAK Kinderzulagen wiederkehrend (3000),1000.0,250.0,750.0,DIFF,
TF33,Châtelain Pierre,2025-07,RETRO,FAK Zulagen einmalig (3001+3034),0.0,750.0,-750.0,DIFF,
TF33,Châtelain Pierre,2025-07,RETRO,UVG-Bruttolohn (UVG-LAA-GrossSalary),36000.0,36000.0,0.0,OK,
TF33,Châtelain Pierre,2025-07,RETRO,UVG-Basis (UVG-LAA-BaseSalary),35000.0,35000.0,0.0,OK,
TF33,Châtelain Pierre,2025-07,RETRO,UVGZ-Basis (UVGZ-LAAC-BaseSalary),35000.0,35000.0,0.0,OK,
TF33,Châtelain Pierre,2025-07,RETRO,KTG-Referenzlohn (Reference-AHV-AVS-Salary),35000.0,35000.0,0.0,OK,
TF33,Châtelain Pierre,2025-07,RETRO,"Lohnausweis Bruttolohn (GrossIncome, Ziff. 8)",36000.0,36000.0,0.0,OK,
TF33,Châtelain Pierre,2025-07,RETRO,Lohnausweis BVG ordentlich (Ziff. 10.1 = 5050+1972),2654.2,2654.19,0.01,OK,
TF34,Rinaldi Massimo,2025-07,RETRO,AHV-Basis (AHV-AVS-BaseSalary),35000.0,35000.0,0.0,OK,
TF34,Rinaldi Massimo,2025-07,RETRO,FAK-Basis (FAK-CAF-ContributorySalary),35000.0,35000.0,0.0,OK,
TF34,Rinaldi Massimo,2025-07,RETRO,FAK Kinderzulagen wiederkehrend (3000),860.0,215.0,645.0,DIFF,
TF34,Rinaldi Massimo,2025-07,RETRO,FAK Zulagen einmalig (3001+3034),0.0,645.0,-645.0,DIFF,
TF34,Rinaldi Massimo,2025-07,RETRO,UVG-Bruttolohn (UVG-LAA-GrossSalary),35860.0,35860.0,0.0,OK,
TF34,Rinaldi Massimo,2025-07,RETRO,UVG-Basis (UVG-LAA-BaseSalary),35000.0,35000.0,0.0,OK,
TF34,Rinaldi Massimo,2025-07,RETRO,UVGZ-Basis (UVGZ-LAAC-BaseSalary),35000.0,35000.0,0.0,OK,
TF34,Rinaldi Massimo,2025-07,RETRO,KTG-Referenzlohn (Reference-AHV-AVS-Salary),35000.0,35000.0,0.0,OK,
TF34,Rinaldi Massimo,2025-07,RETRO,"Lohnausweis Bruttolohn (GrossIncome, Ziff. 8)",35860.0,35860.0,0.0,OK,
TF34,Rinaldi Massimo,2025-07,RETRO,Lohnausweis BVG ordentlich (Ziff. 10.1 = 5050+1972),0.0,0.0,0.0,OK,
TF35,Roos Roland,2025-07,RETRO,AHV-Basis (AHV-AVS-BaseSalary),65000.0,65000.0,0.0,OK,
TF35,Roos Roland,2025-07,RETRO,FAK-Basis (FAK-CAF-ContributorySalary),65000.0,65000.0,0.0,OK,
TF35,Roos Roland,2025-07,RETRO,FAK Kinderzulagen wiederkehrend (3000),0.0,0.0,0.0,OK,
TF35,Roos Roland,2025-07,RETRO,FAK Zulagen einmalig (3001+3034),0.0,0.0,0.0,OK,
TF35,Roos Roland,2025-07,RETRO,UVG-Bruttolohn (UVG-LAA-GrossSalary),65000.0,65000.0,0.0,OK,
TF35,Roos Roland,2025-07,RETRO,UVG-Basis (UVG-LAA-BaseSalary),65000.0,65000.0,0.0,OK,
TF35,Roos Roland,2025-07,RETRO,UVGZ-Basis (UVGZ-LAAC-BaseSalary),65000.0,65000.0,0.0,OK,
TF35,Roos Roland,2025-07,RETRO,KTG-Referenzlohn (Reference-AHV-AVS-Salary),65000.0,65000.0,0.0,OK,
TF35,Roos Roland,2025-07,RETRO,"Lohnausweis Bruttolohn (GrossIncome, Ziff. 8)",65000.0,65000.0,0.0,OK,
TF35,Roos Roland,2025-07,RETRO,Lohnausweis BVG ordentlich (Ziff. 10.1 = 5050+1972),2654.2,2654.19,0.01,OK,
TF36,Maldini Fabio,2025-07,RETRO,AHV-Basis (AHV-AVS-BaseSalary),65000.0,65000.0,0.0,OK,
TF36,Maldini Fabio,2025-07,RETRO,FAK-Basis (FAK-CAF-ContributorySalary),65000.0,65000.0,0.0,OK,
TF36,Maldini Fabio,2025-07,RETRO,FAK Kinderzulagen wiederkehrend (3000),0.0,0.0,0.0,OK,
TF36,Maldini Fabio,2025-07,RETRO,FAK Zulagen einmalig (3001+3034),0.0,0.0,0.0,OK,
TF36,Maldini Fabio,2025-07,RETRO,UVG-Bruttolohn (UVG-LAA-GrossSalary),65000.0,65000.0,0.0,OK,
TF36,Maldini Fabio,2025-07,RETRO,UVG-Basis (UVG-LAA-BaseSalary),65000.0,65000.0,0.0,OK,
TF36,Maldini Fabio,2025-07,RETRO,UVGZ-Basis (UVGZ-LAAC-BaseSalary),65000.0,65000.0,0.0,OK,
TF36,Maldini Fabio,2025-07,RETRO,KTG-Referenzlohn (Reference-AHV-AVS-Salary),65000.0,65000.0,0.0,OK,
TF36,Maldini Fabio,2025-07,RETRO,"Lohnausweis Bruttolohn (GrossIncome, Ziff. 8)",65000.0,65000.0,0.0,OK,
TF36,Maldini Fabio,2025-07,RETRO,Lohnausweis BVG ordentlich (Ziff. 10.1 = 5050+1972),3033.3,3033.31,-0.01,OK,
TF37,Oberli Christine,2025-07,RETRO,AHV-Basis (AHV-AVS-BaseSalary),5000.0,5000.0,0.0,OK,
TF37,Oberli Christine,2025-07,RETRO,FAK-Basis (FAK-CAF-ContributorySalary),5000.0,5000.0,0.0,OK,
TF37,Oberli Christine,2025-07,RETRO,FAK Kinderzulagen wiederkehrend (3000),250.0,250.0,0.0,OK,
TF37,Oberli Christine,2025-07,RETRO,FAK Zulagen einmalig (3001+3034),0.0,0.0,0.0,OK,
TF37,Oberli Christine,2025-07,RETRO,UVG-Bruttolohn (UVG-LAA-GrossSalary),5250.0,5250.0,0.0,OK,
TF37,Oberli Christine,2025-07,RETRO,UVG-Basis (UVG-LAA-BaseSalary),5000.0,5000.0,0.0,OK,
TF37,Oberli Christine,2025-07,RETRO,UVGZ-Basis (UVGZ-LAAC-BaseSalary),5000.0,5000.0,0.0,OK,
TF37,Oberli Christine,2025-07,RETRO,KTG-Referenzlohn (Reference-AHV-AVS-Salary),5000.0,5000.0,0.0,OK,
TF37,Oberli Christine,2025-07,RETRO,"Lohnausweis Bruttolohn (GrossIncome, Ziff. 8)",5250.0,5250.0,0.0,OK,
TF37,Oberli Christine,2025-07,RETRO,Lohnausweis BVG ordentlich (Ziff. 10.1 = 5050+1972),400.0,400.0,0.0,OK,
TF38,Jung Claude,2025-07,RETRO,AHV-Basis (AHV-AVS-BaseSalary),32500.0,32500.0,0.0,OK,
TF38,Jung Claude,2025-07,RETRO,FAK-Basis (FAK-CAF-ContributorySalary),32500.0,32500.0,0.0,OK,
TF38,Jung Claude,2025-07,RETRO,FAK Kinderzulagen wiederkehrend (3000),0.0,0.0,0.0,OK,
TF38,Jung Claude,2025-07,RETRO,FAK Zulagen einmalig (3001+3034),0.0,0.0,0.0,OK,
TF38,Jung Claude,2025-07,RETRO,UVG-Bruttolohn (UVG-LAA-GrossSalary),32500.0,32500.0,0.0,OK,
TF38,Jung Claude,2025-07,RETRO,UVG-Basis (UVG-LAA-BaseSalary),32500.0,32500.0,0.0,OK,
TF38,Jung Claude,2025-07,RETRO,UVGZ-Basis (UVGZ-LAAC-BaseSalary),32500.0,32500.0,0.0,OK,
TF38,Jung Claude,2025-07,RETRO,KTG-Referenzlohn (Reference-AHV-AVS-Salary),32500.0,32500.0,0.0,OK,
TF38,Jung Claude,2025-07,RETRO,"Lohnausweis Bruttolohn (GrossIncome, Ziff. 8)",32500.0,32500.0,0.0,OK,
TF38,Jung Claude,2025-07,RETRO,Lohnausweis BVG ordentlich (Ziff. 10.1 = 5050+1972),2753.3,2753.31,-0.01,OK,
TF39,Hasler Harald,2025-07,RETRO,UVG-Bruttolohn (UVG-LAA-GrossSalary),10000.0,10000.0,0.0,OK,
TF39,Hasler Harald,2025-07,RETRO,UVG-Basis (UVG-LAA-BaseSalary),10000.0,10000.0,0.0,OK,
TF39,Hasler Harald,2025-07,RETRO,UVGZ-Basis (UVGZ-LAAC-BaseSalary),10000.0,10000.0,0.0,OK,
TF39,Hasler Harald,2025-07,RETRO,KTG-Referenzlohn (Reference-AHV-AVS-Salary),10000.0,10000.0,0.0,OK,
TF39,Hasler Harald,2025-07,RETRO,"Lohnausweis Bruttolohn (GrossIncome, Ziff. 8)",10000.0,10000.0,0.0,OK,
TF39,Hasler Harald,2025-07,RETRO,Lohnausweis BVG ordentlich (Ziff. 10.1 = 5050+1972),0.0,0.0,0.0,OK,
TF40,Farine Corinne,2025-07,RETRO,AHV-Basis (AHV-AVS-BaseSalary),32300.0,32300.0,0.0,OK,
TF40,Farine Corinne,2025-07,RETRO,FAK-Basis (FAK-CAF-ContributorySalary),32300.0,32300.0,0.0,OK,
TF40,Farine Corinne,2025-07,RETRO,FAK Kinderzulagen wiederkehrend (3000),750.0,750.0,0.0,OK,
TF40,Farine Corinne,2025-07,RETRO,FAK Zulagen einmalig (3001+3034),0.0,0.0,0.0,OK,
TF40,Farine Corinne,2025-07,RETRO,UVG-Bruttolohn (UVG-LAA-GrossSalary),33050.0,33050.0,0.0,OK,
TF40,Farine Corinne,2025-07,RETRO,UVG-Basis (UVG-LAA-BaseSalary),32300.0,32300.0,0.0,OK,
TF40,Farine Corinne,2025-07,RETRO,UVGZ-Basis (UVGZ-LAAC-BaseSalary),32300.0,32300.0,0.0,OK,
TF40,Farine Corinne,2025-07,RETRO,KTG-Referenzlohn (Reference-AHV-AVS-Salary),32300.0,32300.0,0.0,OK,
TF40,Farine Corinne,2025-07,RETRO,"Lohnausweis Bruttolohn (GrossIncome, Ziff. 8)",33050.0,33050.0,0.0,OK,
TF40,Farine Corinne,2025-07,RETRO,Lohnausweis BVG ordentlich (Ziff. 10.1 = 5050+1972),1013.35,1013.34,0.01,OK,
TF41,Meier Max,2025-07,RETRO,AHV-Basis (AHV-AVS-BaseSalary),90000.0,90000.0,0.0,OK,
TF41,Meier Max,2025-07,RETRO,FAK-Basis (FAK-CAF-ContributorySalary),90000.0,90000.0,0.0,OK,
TF41,Meier Max,2025-07,RETRO,FAK Kinderzulagen wiederkehrend (3000),0.0,0.0,0.0,OK,
TF41,Meier Max,2025-07,RETRO,FAK Zulagen einmalig (3001+3034),0.0,0.0,0.0,OK,
TF41,Meier Max,2025-07,RETRO,UVG-Bruttolohn (UVG-LAA-GrossSalary),90000.0,90000.0,0.0,OK,
TF41,Meier Max,2025-07,RETRO,UVG-Basis (UVG-LAA-BaseSalary),90000.0,90000.0,0.0,OK,
TF41,Meier Max,2025-07,RETRO,UVGZ-Basis (UVGZ-LAAC-BaseSalary),90000.0,90000.0,0.0,OK,
TF41,Meier Max,2025-07,RETRO,KTG-Referenzlohn (Reference-AHV-AVS-Salary),90000.0,90000.0,0.0,OK,
TF41,Meier Max,2025-07,RETRO,"Lohnausweis Bruttolohn (GrossIncome, Ziff. 8)",90000.0,90000.0,0.0,OK,
TF41,Meier Max,2025-07,RETRO,Lohnausweis BVG ordentlich (Ziff. 10.1 = 5050+1972),0.0,0.0,0.0,OK,
TF44,Lusser Hans,2025-07,RETRO,AHV-Basis (AHV-AVS-BaseSalary),18500.0,18500.0,0.0,OK,
TF44,Lusser Hans,2025-07,RETRO,FAK-Basis (FAK-CAF-ContributorySalary),18500.0,18500.0,0.0,OK,
TF44,Lusser Hans,2025-07,RETRO,FAK Kinderzulagen wiederkehrend (3000),0.0,0.0,0.0,OK,
TF44,Lusser Hans,2025-07,RETRO,FAK Zulagen einmalig (3001+3034),0.0,0.0,0.0,OK,
TF44,Lusser Hans,2025-07,RETRO,UVG-Bruttolohn (UVG-LAA-GrossSalary),18500.0,18500.0,0.0,OK,
TF44,Lusser Hans,2025-07,RETRO,UVG-Basis (UVG-LAA-BaseSalary),18500.0,18500.0,0.0,OK,
TF44,Lusser Hans,2025-07,RETRO,UVGZ-Basis (UVGZ-LAAC-BaseSalary),18500.0,18500.0,0.0,OK,
TF44,Lusser Hans,2025-07,RETRO,KTG-Referenzlohn (Reference-AHV-AVS-Salary),18500.0,18500.0,0.0,OK,
TF44,Lusser Hans,2025-07,RETRO,"Lohnausweis Bruttolohn (GrossIncome, Ziff. 8)",18500.0,18500.0,0.0,OK,
TF44,Lusser Hans,2025-07,RETRO,Lohnausweis BVG ordentlich (Ziff. 10.1 = 5050+1972),770.0,770.0,0.0,OK,
TF02,Paganini Maria,2025-07,MONTHLY,Statistik Grundlohn (GrossBaseSalaryAndRegularAllowance),4915.7,4915.7,0.0,OK,
TF02,Paganini Maria,2025-07,MONTHLY,Statistik Zulagen (Allowances),35.0,0.0,35.0,DIFF,
TF02,Paganini Maria,2025-07,MONTHLY,Statistik Familienzulagen (FamilyIncomeSupplement),215.0,215.0,0.0,OK,
TF02,Paganini Maria,2025-07,MONTHLY,Statistik Leistungen Dritter (PaymentsByThird),0.0,0.0,0.0,OK,
TF02,Paganini Maria,2025-07,MONTHLY,Statistik BVG-Beitrag AN (BVG-LPP-RegularContribution),-408.33,-408.33,0.0,OK,
TF03,Lusser Pia,2025-07,MONTHLY,Statistik Grundlohn (GrossBaseSalaryAndRegularAllowance),1500.0,1500.0,0.0,OK,
TF03,Lusser Pia,2025-07,MONTHLY,Statistik Zulagen (Allowances),0.0,0.0,0.0,OK,
TF03,Lusser Pia,2025-07,MONTHLY,Statistik Familienzulagen (FamilyIncomeSupplement),0.0,0.0,0.0,OK,
TF03,Lusser Pia,2025-07,MONTHLY,Statistik Leistungen Dritter (PaymentsByThird),0.0,0.0,0.0,OK,
TF03,Lusser Pia,2025-07,MONTHLY,Statistik BVG-Beitrag AN (BVG-LPP-RegularContribution),0.0,-0.0,0.0,OK,
TF04,Fankhauser Markus,2025-07,MONTHLY,Statistik Grundlohn (GrossBaseSalaryAndRegularAllowance),30000.0,30000.0,0.0,OK,
TF04,Fankhauser Markus,2025-07,MONTHLY,Statistik Zulagen (Allowances),0.0,0.0,0.0,OK,
TF04,Fankhauser Markus,2025-07,MONTHLY,Statistik Familienzulagen (FamilyIncomeSupplement),0.0,0.0,0.0,OK,
TF04,Fankhauser Markus,2025-07,MONTHLY,Statistik Leistungen Dritter (PaymentsByThird),0.0,0.0,0.0,OK,
TF04,Fankhauser Markus,2025-07,MONTHLY,Statistik BVG-Beitrag AN (BVG-LPP-RegularContribution),-2800.0,-2800.0,0.0,OK,
TF05,Moser Johann,2025-07,MONTHLY,Statistik Grundlohn (GrossBaseSalaryAndRegularAllowance),1350.0,1350.0,0.0,OK,
TF05,Moser Johann,2025-07,MONTHLY,Statistik Zulagen (Allowances),0.0,0.0,0.0,OK,
TF05,Moser Johann,2025-07,MONTHLY,Statistik Familienzulagen (FamilyIncomeSupplement),0.0,0.0,0.0,OK,
TF05,Moser Johann,2025-07,MONTHLY,Statistik Leistungen Dritter (PaymentsByThird),0.0,0.0,0.0,OK,
TF05,Moser Johann,2025-07,MONTHLY,Statistik BVG-Beitrag AN (BVG-LPP-RegularContribution),0.0,-0.0,0.0,OK,
TF06,Zahnd Anita,2025-07,MONTHLY,Statistik Grundlohn (GrossBaseSalaryAndRegularAllowance),13500.0,13500.0,0.0,OK,
TF06,Zahnd Anita,2025-07,MONTHLY,Statistik Zulagen (Allowances),0.0,0.0,0.0,OK,
TF06,Zahnd Anita,2025-07,MONTHLY,Statistik Familienzulagen (FamilyIncomeSupplement),0.0,0.0,0.0,OK,
TF06,Zahnd Anita,2025-07,MONTHLY,Statistik Leistungen Dritter (PaymentsByThird),0.0,0.0,0.0,OK,
TF06,Zahnd Anita,2025-07,MONTHLY,Statistik BVG-Beitrag AN (BVG-LPP-RegularContribution),-1080.0,-1080.0,0.0,OK,
TF08,Lamon René,2025-07,MONTHLY,Statistik Grundlohn (GrossBaseSalaryAndRegularAllowance),9548.05,9548.05,0.0,OK,
TF08,Lamon René,2025-07,MONTHLY,Statistik Zulagen (Allowances),35.0,0.0,35.0,DIFF,
TF08,Lamon René,2025-07,MONTHLY,Statistik Familienzulagen (FamilyIncomeSupplement),250.0,250.0,0.0,OK,
TF08,Lamon René,2025-07,MONTHLY,Statistik Leistungen Dritter (PaymentsByThird),0.0,0.0,0.0,OK,
TF08,Lamon René,2025-07,MONTHLY,Statistik BVG-Beitrag AN (BVG-LPP-RegularContribution),-751.09,-751.09,0.0,OK,
TF09,Estermann Michael,2025-07,MONTHLY,Statistik Grundlohn (GrossBaseSalaryAndRegularAllowance),2000.0,2000.0,0.0,OK,
TF09,Estermann Michael,2025-07,MONTHLY,Statistik Zulagen (Allowances),0.0,0.0,0.0,OK,
TF09,Estermann Michael,2025-07,MONTHLY,Statistik Familienzulagen (FamilyIncomeSupplement),0.0,0.0,0.0,OK,
TF09,Estermann Michael,2025-07,MONTHLY,Statistik Leistungen Dritter (PaymentsByThird),0.0,0.0,0.0,OK,
TF09,Estermann Michael,2025-07,MONTHLY,Statistik BVG-Beitrag AN (BVG-LPP-RegularContribution),0.0,-0.0,0.0,OK,
TF10,Ganz Heinz,2025-07,MONTHLY,Statistik Grundlohn (GrossBaseSalaryAndRegularAllowance),6400.0,6400.0,0.0,OK,
TF10,Ganz Heinz,2025-07,MONTHLY,Statistik Zulagen (Allowances),0.0,0.0,0.0,OK,
TF10,Ganz Heinz,2025-07,MONTHLY,Statistik Familienzulagen (FamilyIncomeSupplement),0.0,0.0,0.0,OK,
TF10,Ganz Heinz,2025-07,MONTHLY,Statistik Leistungen Dritter (PaymentsByThird),0.0,0.0,0.0,OK,
TF10,Ganz Heinz,2025-07,MONTHLY,Statistik BVG-Beitrag AN (BVG-LPP-RegularContribution),-448.0,-448.0,0.0,OK,
TF11,Bosshard Peter,2025-07,MONTHLY,Statistik Grundlohn (GrossBaseSalaryAndRegularAllowance),30500.0,31950.0,-1450.0,DIFF,
TF11,Bosshard Peter,2025-07,MONTHLY,Statistik Zulagen (Allowances),0.0,0.0,0.0,OK,
TF11,Bosshard Peter,2025-07,MONTHLY,Statistik Familienzulagen (FamilyIncomeSupplement),475.0,475.0,0.0,OK,
TF11,Bosshard Peter,2025-07,MONTHLY,Statistik Leistungen Dritter (PaymentsByThird),0.0,0.0,0.0,OK,
TF11,Bosshard Peter,2025-07,MONTHLY,Statistik BVG-Beitrag AN (BVG-LPP-RegularContribution),-2469.83,-2469.83,0.0,OK,
TF12,Casanova Renato,2025-07,MONTHLY,Statistik Grundlohn (GrossBaseSalaryAndRegularAllowance),12000.0,12850.0,-850.0,DIFF,
TF12,Casanova Renato,2025-07,MONTHLY,Statistik Zulagen (Allowances),0.0,0.0,0.0,OK,
TF12,Casanova Renato,2025-07,MONTHLY,Statistik Familienzulagen (FamilyIncomeSupplement),0.0,0.0,0.0,OK,
TF12,Casanova Renato,2025-07,MONTHLY,Statistik Leistungen Dritter (PaymentsByThird),0.0,0.0,0.0,OK,
TF12,Casanova Renato,2025-07,MONTHLY,Statistik BVG-Beitrag AN (BVG-LPP-RegularContribution),-899.5,-899.5,0.0,OK,
TF13,Combertaldi Renato,2025-07,MONTHLY,Statistik Grundlohn (GrossBaseSalaryAndRegularAllowance),2200.0,2200.0,0.0,OK,
TF13,Combertaldi Renato,2025-07,MONTHLY,Statistik Zulagen (Allowances),0.0,0.0,0.0,OK,
TF13,Combertaldi Renato,2025-07,MONTHLY,Statistik Familienzulagen (FamilyIncomeSupplement),0.0,0.0,0.0,OK,
TF13,Combertaldi Renato,2025-07,MONTHLY,Statistik Leistungen Dritter (PaymentsByThird),0.0,0.0,0.0,OK,
TF13,Combertaldi Renato,2025-07,MONTHLY,Statistik BVG-Beitrag AN (BVG-LPP-RegularContribution),0.0,-0.0,0.0,OK,
TF14,Egli Anna,2025-07,MONTHLY,Statistik Grundlohn (GrossBaseSalaryAndRegularAllowance),3510.3,3510.3,0.0,OK,
TF14,Egli Anna,2025-07,MONTHLY,Statistik Zulagen (Allowances),0.0,0.0,0.0,OK,
TF14,Egli Anna,2025-07,MONTHLY,Statistik Familienzulagen (FamilyIncomeSupplement),0.0,0.0,0.0,OK,
TF14,Egli Anna,2025-07,MONTHLY,Statistik Leistungen Dritter (PaymentsByThird),0.0,0.0,0.0,OK,
TF14,Egli Anna,2025-07,MONTHLY,Statistik BVG-Beitrag AN (BVG-LPP-RegularContribution),0.0,-0.0,0.0,OK,
TF17,Binggeli Fritz,2025-07,MONTHLY,Statistik Grundlohn (GrossBaseSalaryAndRegularAllowance),4550.0,4550.0,0.0,OK,
TF17,Binggeli Fritz,2025-07,MONTHLY,Statistik Zulagen (Allowances),0.0,0.0,0.0,OK,
TF17,Binggeli Fritz,2025-07,MONTHLY,Statistik Familienzulagen (FamilyIncomeSupplement),0.0,0.0,0.0,OK,
TF17,Binggeli Fritz,2025-07,MONTHLY,Statistik Leistungen Dritter (PaymentsByThird),0.0,0.0,0.0,OK,
TF17,Binggeli Fritz,2025-07,MONTHLY,Statistik BVG-Beitrag AN (BVG-LPP-RegularContribution),-318.5,-318.5,0.0,OK,
TF17,Binggeli Fritz,2025-07,MONTHLY,QST steuerbarer Lohn TI A0N (TaxableEarning),4550.0,4550.0,0.0,OK,"Satz-Lohn 6500.00, QST 495.95"
TF18,Blanc Pierre,2025-07,MONTHLY,Statistik Grundlohn (GrossBaseSalaryAndRegularAllowance),1179.45,1179.45,0.0,OK,
TF18,Blanc Pierre,2025-07,MONTHLY,Statistik Zulagen (Allowances),0.0,0.0,0.0,OK,
TF18,Blanc Pierre,2025-07,MONTHLY,Statistik Familienzulagen (FamilyIncomeSupplement),0.0,0.0,0.0,OK,
TF18,Blanc Pierre,2025-07,MONTHLY,Statistik Leistungen Dritter (PaymentsByThird),0.0,0.0,0.0,OK,
TF18,Blanc Pierre,2025-07,MONTHLY,Statistik BVG-Beitrag AN (BVG-LPP-RegularContribution),-76.44,-76.44,0.0,OK,
TF18,Blanc Pierre,2025-07,MONTHLY,QST steuerbarer Lohn BE B0Y (TaxableEarning),1179.45,1179.45,0.0,OK,"Satz-Lohn 4859.35, QST 80.30"
TF19,Andrey Melanie,2025-07,MONTHLY,Statistik Grundlohn (GrossBaseSalaryAndRegularAllowance),2600.0,2600.0,0.0,OK,
TF19,Andrey Melanie,2025-07,MONTHLY,Statistik Zulagen (Allowances),0.0,0.0,0.0,OK,
TF19,Andrey Melanie,2025-07,MONTHLY,Statistik Familienzulagen (FamilyIncomeSupplement),0.0,0.0,0.0,OK,
TF19,Andrey Melanie,2025-07,MONTHLY,Statistik Leistungen Dritter (PaymentsByThird),0.0,0.0,0.0,OK,
TF19,Andrey Melanie,2025-07,MONTHLY,Statistik BVG-Beitrag AN (BVG-LPP-RegularContribution),-197.16,-197.16,0.0,OK,
TF19,Andrey Melanie,2025-07,MONTHLY,QST steuerbarer Lohn TI A0N (TaxableEarning),2600.0,2600.0,0.0,OK,"Satz-Lohn 3491.45, QST 72.80"
TF22,Bucher Elisabeth,2025-07,MONTHLY,Statistik Grundlohn (GrossBaseSalaryAndRegularAllowance),5504.15,5504.15,0.0,OK,
TF22,Bucher Elisabeth,2025-07,MONTHLY,Statistik Zulagen (Allowances),0.0,0.0,0.0,OK,
TF22,Bucher Elisabeth,2025-07,MONTHLY,Statistik Familienzulagen (FamilyIncomeSupplement),0.0,0.0,0.0,OK,
TF22,Bucher Elisabeth,2025-07,MONTHLY,Statistik Leistungen Dritter (PaymentsByThird),0.0,0.0,0.0,OK,
TF22,Bucher Elisabeth,2025-07,MONTHLY,Statistik BVG-Beitrag AN (BVG-LPP-RegularContribution),-320.83,-320.83,0.0,OK,
TF22,Bucher Elisabeth,2025-07,MONTHLY,QST steuerbarer Lohn TI C0N (TaxableEarning),5504.15,5504.15,0.0,OK,"Satz-Lohn 4858.25, QST 2789.65"
TF23,Koller Ludwig,2025-07,MONTHLY,Statistik Grundlohn (GrossBaseSalaryAndRegularAllowance),5000.0,5000.0,0.0,OK,
TF23,Koller Ludwig,2025-07,MONTHLY,Statistik Zulagen (Allowances),0.0,0.0,0.0,OK,
TF23,Koller Ludwig,2025-07,MONTHLY,Statistik Familienzulagen (FamilyIncomeSupplement),0.0,0.0,0.0,OK,
TF23,Koller Ludwig,2025-07,MONTHLY,Statistik Leistungen Dritter (PaymentsByThird),0.0,0.0,0.0,OK,
TF23,Koller Ludwig,2025-07,MONTHLY,Statistik BVG-Beitrag AN (BVG-LPP-RegularContribution),-379.16,-379.16,0.0,OK,
TF23,Koller Ludwig,2025-07,MONTHLY,QST steuerbarer Lohn TI B0N (TaxableEarning),5000.0,5000.0,0.0,OK,"Satz-Lohn 7500.00, QST 375.00"
TF24,Utzinger Jan,2025-07,MONTHLY,Statistik Grundlohn (GrossBaseSalaryAndRegularAllowance),11000.0,11000.0,0.0,OK,
TF24,Utzinger Jan,2025-07,MONTHLY,Statistik Zulagen (Allowances),0.0,0.0,0.0,OK,
TF24,Utzinger Jan,2025-07,MONTHLY,Statistik Familienzulagen (FamilyIncomeSupplement),0.0,0.0,0.0,OK,
TF24,Utzinger Jan,2025-07,MONTHLY,Statistik Leistungen Dritter (PaymentsByThird),0.0,0.0,0.0,OK,
TF24,Utzinger Jan,2025-07,MONTHLY,Statistik BVG-Beitrag AN (BVG-LPP-RegularContribution),-834.17,-834.17,0.0,OK,
TF24,Utzinger Jan,2025-07,MONTHLY,QST steuerbarer Lohn TI B0N (TaxableEarning),11000.0,11000.0,0.0,OK,"Satz-Lohn 8428.55, QST 1245.00"
TF27,Rast Eva,2025-07,MONTHLY,Statistik Grundlohn (GrossBaseSalaryAndRegularAllowance),10000.0,10000.0,0.0,OK,
TF27,Rast Eva,2025-07,MONTHLY,Statistik Zulagen (Allowances),0.0,0.0,0.0,OK,
TF27,Rast Eva,2025-07,MONTHLY,Statistik Familienzulagen (FamilyIncomeSupplement),0.0,0.0,0.0,OK,
TF27,Rast Eva,2025-07,MONTHLY,Statistik Leistungen Dritter (PaymentsByThird),0.0,0.0,0.0,OK,
TF27,Rast Eva,2025-07,MONTHLY,Statistik BVG-Beitrag AN (BVG-LPP-RegularContribution),-800.0,-800.0,0.0,OK,
TF27,Rast Eva,2025-07,MONTHLY,QST steuerbarer Lohn BE L0N (TaxableEarning),10000.0,10000.0,0.0,OK,"Satz-Lohn 10000.00, QST 450.00"
TF28,Arbenz Esther,2025-07,MONTHLY,Statistik Grundlohn (GrossBaseSalaryAndRegularAllowance),6000.0,6000.0,0.0,OK,
TF28,Arbenz Esther,2025-07,MONTHLY,Statistik Zulagen (Allowances),0.0,0.0,0.0,OK,
TF28,Arbenz Esther,2025-07,MONTHLY,Statistik Familienzulagen (FamilyIncomeSupplement),0.0,0.0,0.0,OK,
TF28,Arbenz Esther,2025-07,MONTHLY,Statistik Leistungen Dritter (PaymentsByThird),0.0,0.0,0.0,OK,
TF28,Arbenz Esther,2025-07,MONTHLY,Statistik BVG-Beitrag AN (BVG-LPP-RegularContribution),-520.0,-520.0,0.0,OK,
TF28,Arbenz Esther,2025-07,MONTHLY,QST steuerbarer Lohn BE A0Y (TaxableEarning),2400.0,6000.0,-3600.0,DIFF,"Satz-Lohn 8000.00, QST 351.85"
TF29,Forster Moreno,2025-07,MONTHLY,Statistik Grundlohn (GrossBaseSalaryAndRegularAllowance),6000.0,6000.0,0.0,OK,
TF29,Forster Moreno,2025-07,MONTHLY,Statistik Zulagen (Allowances),0.0,0.0,0.0,OK,
TF29,Forster Moreno,2025-07,MONTHLY,Statistik Familienzulagen (FamilyIncomeSupplement),0.0,0.0,0.0,OK,
TF29,Forster Moreno,2025-07,MONTHLY,Statistik Leistungen Dritter (PaymentsByThird),0.0,0.0,0.0,OK,
TF29,Forster Moreno,2025-07,MONTHLY,Statistik BVG-Beitrag AN (BVG-LPP-RegularContribution),-455.0,-455.0,0.0,OK,
TF29,Forster Moreno,2025-07,MONTHLY,QST steuerbarer Lohn TI A0N (TaxableEarning),2400.0,6000.0,-3600.0,DIFF,"Satz-Lohn 9666.65, QST 350.40"
TF30,Müller Heinrich,2025-07,MONTHLY,Statistik Grundlohn (GrossBaseSalaryAndRegularAllowance),5500.0,5500.0,0.0,OK,
TF30,Müller Heinrich,2025-07,MONTHLY,Statistik Zulagen (Allowances),0.0,0.0,0.0,OK,
TF30,Müller Heinrich,2025-07,MONTHLY,Statistik Familienzulagen (FamilyIncomeSupplement),0.0,0.0,0.0,OK,
TF30,Müller Heinrich,2025-07,MONTHLY,Statistik Leistungen Dritter (PaymentsByThird),0.0,0.0,0.0,OK,
TF30,Müller Heinrich,2025-07,MONTHLY,Statistik BVG-Beitrag AN (BVG-LPP-RegularContribution),-440.0,-440.0,0.0,OK,
TF30,Müller Heinrich,2025-07,MONTHLY,QST steuerbarer Lohn BE A0Y (TaxableEarning),5500.0,5500.0,0.0,OK,"Satz-Lohn 5500.00, QST 651.75"
TF31,Bolletto Franca,2025-07,MONTHLY,Statistik Grundlohn (GrossBaseSalaryAndRegularAllowance),5000.0,5000.0,0.0,OK,
TF31,Bolletto Franca,2025-07,MONTHLY,Statistik Zulagen (Allowances),0.0,0.0,0.0,OK,
TF31,Bolletto Franca,2025-07,MONTHLY,Statistik Familienzulagen (FamilyIncomeSupplement),0.0,0.0,0.0,OK,
TF31,Bolletto Franca,2025-07,MONTHLY,Statistik Leistungen Dritter (PaymentsByThird),0.0,0.0,0.0,OK,
TF31,Bolletto Franca,2025-07,MONTHLY,Statistik BVG-Beitrag AN (BVG-LPP-RegularContribution),-325.0,-325.0,0.0,OK,
TF31,Bolletto Franca,2025-07,MONTHLY,QST steuerbarer Lohn VD B0N (TaxableEarning),5000.0,5000.0,0.0,OK,"Satz-Lohn 5000.00, QST 117.00"
TF33,Châtelain Pierre,2025-07,MONTHLY,Statistik Grundlohn (GrossBaseSalaryAndRegularAllowance),5000.0,5000.0,0.0,OK,
TF33,Châtelain Pierre,2025-07,MONTHLY,Statistik Zulagen (Allowances),0.0,0.0,0.0,OK,
TF33,Châtelain Pierre,2025-07,MONTHLY,Statistik Familienzulagen (FamilyIncomeSupplement),1000.0,1000.0,0.0,OK,
TF33,Châtelain Pierre,2025-07,MONTHLY,Statistik Leistungen Dritter (PaymentsByThird),0.0,0.0,0.0,OK,
TF33,Châtelain Pierre,2025-07,MONTHLY,Statistik BVG-Beitrag AN (BVG-LPP-RegularContribution),-379.17,-379.17,0.0,OK,
TF33,Châtelain Pierre,2025-07,MONTHLY,QST steuerbarer Lohn BE B1Y (TaxableEarning),6000.0,6000.0,0.0,OK,"Satz-Lohn 6000.00, QST 354.60"
TF34,Rinaldi Massimo,2025-07,MONTHLY,Statistik Grundlohn (GrossBaseSalaryAndRegularAllowance),5000.0,5000.0,0.0,OK,
TF34,Rinaldi Massimo,2025-07,MONTHLY,Statistik Zulagen (Allowances),0.0,0.0,0.0,OK,
TF34,Rinaldi Massimo,2025-07,MONTHLY,Statistik Familienzulagen (FamilyIncomeSupplement),860.0,860.0,0.0,OK,
TF34,Rinaldi Massimo,2025-07,MONTHLY,Statistik Leistungen Dritter (PaymentsByThird),0.0,0.0,0.0,OK,
TF34,Rinaldi Massimo,2025-07,MONTHLY,Statistik BVG-Beitrag AN (BVG-LPP-RegularContribution),0.0,-0.0,0.0,OK,
TF34,Rinaldi Massimo,2025-07,MONTHLY,QST steuerbarer Lohn TI B1N (TaxableEarning),5860.0,5860.0,0.0,OK,"Satz-Lohn 5084.45, QST 141.35"
TF35,Roos Roland,2025-07,MONTHLY,Statistik Grundlohn (GrossBaseSalaryAndRegularAllowance),5000.0,5000.0,0.0,OK,
TF35,Roos Roland,2025-07,MONTHLY,Statistik Zulagen (Allowances),0.0,0.0,0.0,OK,
TF35,Roos Roland,2025-07,MONTHLY,Statistik Familienzulagen (FamilyIncomeSupplement),0.0,0.0,0.0,OK,
TF35,Roos Roland,2025-07,MONTHLY,Statistik Leistungen Dritter (PaymentsByThird),0.0,0.0,0.0,OK,
TF35,Roos Roland,2025-07,MONTHLY,Statistik BVG-Beitrag AN (BVG-LPP-RegularContribution),-379.17,-379.17,0.0,OK,
TF35,Roos Roland,2025-07,MONTHLY,QST steuerbarer Lohn TI B0N (TaxableEarning),5000.0,5000.0,0.0,OK,"Satz-Lohn 7500.00, QST 375.00"
TF36,Maldini Fabio,2025-07,MONTHLY,Statistik Grundlohn (GrossBaseSalaryAndRegularAllowance),5000.0,5000.0,0.0,OK,
TF36,Maldini Fabio,2025-07,MONTHLY,Statistik Zulagen (Allowances),0.0,0.0,0.0,OK,
TF36,Maldini Fabio,2025-07,MONTHLY,Statistik Familienzulagen (FamilyIncomeSupplement),0.0,0.0,0.0,OK,
TF36,Maldini Fabio,2025-07,MONTHLY,Statistik Leistungen Dritter (PaymentsByThird),0.0,0.0,0.0,OK,
TF36,Maldini Fabio,2025-07,MONTHLY,Statistik BVG-Beitrag AN (BVG-LPP-RegularContribution),-433.33,-433.33,0.0,OK,
TF36,Maldini Fabio,2025-07,MONTHLY,QST steuerbarer Lohn BE B0Y (TaxableEarning),5000.0,5000.0,0.0,OK,"Satz-Lohn 5000.00, QST 349.00"
TF38,Jung Claude,2025-07,MONTHLY,Statistik Grundlohn (GrossBaseSalaryAndRegularAllowance),3000.0,3000.0,0.0,OK,
TF38,Jung Claude,2025-07,MONTHLY,Statistik Zulagen (Allowances),0.0,0.0,0.0,OK,
TF38,Jung Claude,2025-07,MONTHLY,Statistik Familienzulagen (FamilyIncomeSupplement),0.0,0.0,0.0,OK,
TF38,Jung Claude,2025-07,MONTHLY,Statistik Leistungen Dritter (PaymentsByThird),0.0,0.0,0.0,OK,
TF38,Jung Claude,2025-07,MONTHLY,Statistik BVG-Beitrag AN (BVG-LPP-RegularContribution),-393.33,-393.33,0.0,OK,
TF38,Jung Claude,2025-07,MONTHLY,QST steuerbarer Lohn BE A0Y (TaxableEarning),3000.0,3000.0,0.0,OK,"Satz-Lohn 3000.00, QST 171.60"
TF39,Hasler Harald,2025-07,MONTHLY,Statistik Grundlohn (GrossBaseSalaryAndRegularAllowance),0.0,0.0,0.0,OK,
TF39,Hasler Harald,2025-07,MONTHLY,Statistik Zulagen (Allowances),0.0,0.0,0.0,OK,
TF39,Hasler Harald,2025-07,MONTHLY,Statistik Familienzulagen (FamilyIncomeSupplement),0.0,0.0,0.0,OK,
TF39,Hasler Harald,2025-07,MONTHLY,Statistik Leistungen Dritter (PaymentsByThird),0.0,0.0,0.0,OK,
TF39,Hasler Harald,2025-07,MONTHLY,Statistik BVG-Beitrag AN (BVG-LPP-RegularContribution),0.0,-0.0,0.0,OK,
TF39,Hasler Harald,2025-07,MONTHLY,QST steuerbarer Lohn BE None (TaxableEarning),0.0,0.0,0.0,OK,"Satz-Lohn 0.00, QST 0.00"
TF41,Meier Max,2025-07,MONTHLY,Statistik Grundlohn (GrossBaseSalaryAndRegularAllowance),10000.0,10000.0,0.0,OK,
TF41,Meier Max,2025-07,MONTHLY,Statistik Zulagen (Allowances),0.0,0.0,0.0,OK,
TF41,Meier Max,2025-07,MONTHLY,Statistik Familienzulagen (FamilyIncomeSupplement),0.0,0.0,0.0,OK,
TF41,Meier Max,2025-07,MONTHLY,Statistik Leistungen Dritter (PaymentsByThird),0.0,0.0,0.0,OK,
TF41,Meier Max,2025-07,MONTHLY,Statistik BVG-Beitrag AN (BVG-LPP-RegularContribution),0.0,-0.0,0.0,OK,
TF41,Meier Max,2025-07,MONTHLY,QST steuerbarer Lohn TI A0N (TaxableEarning),10000.0,10000.0,0.0,OK,"Satz-Lohn 14166.65, QST 2910.00"
TF44,Lusser Hans,2025-07,MONTHLY,Statistik Grundlohn (GrossBaseSalaryAndRegularAllowance),1500.0,1500.0,0.0,OK,
TF44,Lusser Hans,2025-07,MONTHLY,Statistik Zulagen (Allowances),0.0,0.0,0.0,OK,
TF44,Lusser Hans,2025-07,MONTHLY,Statistik Familienzulagen (FamilyIncomeSupplement),0.0,0.0,0.0,OK,
TF44,Lusser Hans,2025-07,MONTHLY,Statistik Leistungen Dritter (PaymentsByThird),0.0,0.0,0.0,OK,
TF44,Lusser Hans,2025-07,MONTHLY,Statistik BVG-Beitrag AN (BVG-LPP-RegularContribution),0.0,-0.0,0.0,OK,
TF01,Herz Monica,2025-08,RETRO,AHV-Basis (AHV-AVS-BaseSalary),35359.3,35359.3,0.0,OK,
TF01,Herz Monica,2025-08,RETRO,FAK-Basis (FAK-CAF-ContributorySalary),35359.3,35359.3,0.0,OK,
TF01,Herz Monica,2025-08,RETRO,FAK Kinderzulagen wiederkehrend (3000),0.0,0.0,0.0,OK,
TF01,Herz Monica,2025-08,RETRO,FAK Zulagen einmalig (3001+3034),0.0,0.0,0.0,OK,
TF01,Herz Monica,2025-08,RETRO,UVG-Bruttolohn (UVG-LAA-GrossSalary),39359.3,39359.3,0.0,OK,
TF01,Herz Monica,2025-08,RETRO,UVG-Basis (UVG-LAA-BaseSalary),32859.3,32859.3,0.0,OK,
TF01,Herz Monica,2025-08,RETRO,UVGZ-Basis (UVGZ-LAAC-BaseSalary),32859.3,32859.3,0.0,OK,
TF01,Herz Monica,2025-08,RETRO,KTG-Referenzlohn (Reference-AHV-AVS-Salary),35359.3,35359.3,0.0,OK,
TF01,Herz Monica,2025-08,RETRO,"Lohnausweis Bruttolohn (GrossIncome, Ziff. 8)",39359.3,39359.3,0.0,OK,
TF01,Herz Monica,2025-08,RETRO,Lohnausweis BVG ordentlich (Ziff. 10.1 = 5050+1972),2205.0,2205.0,0.0,OK,
TF02,Paganini Maria,2025-08,RETRO,AHV-Basis (AHV-AVS-BaseSalary),41450.15,41450.15,0.0,OK,
TF02,Paganini Maria,2025-08,RETRO,FAK-Basis (FAK-CAF-ContributorySalary),41450.15,41450.15,0.0,OK,
TF02,Paganini Maria,2025-08,RETRO,FAK Kinderzulagen wiederkehrend (3000),1720.0,1720.0,0.0,OK,
TF02,Paganini Maria,2025-08,RETRO,FAK Zulagen einmalig (3001+3034),0.0,0.0,0.0,OK,
TF02,Paganini Maria,2025-08,RETRO,UVG-Bruttolohn (UVG-LAA-GrossSalary),41970.15,41970.15,0.0,OK,
TF02,Paganini Maria,2025-08,RETRO,UVG-Basis (UVG-LAA-BaseSalary),41450.15,41450.15,0.0,OK,
TF02,Paganini Maria,2025-08,RETRO,UVGZ-Basis (UVGZ-LAAC-BaseSalary),41450.15,41450.15,0.0,OK,
TF02,Paganini Maria,2025-08,RETRO,KTG-Referenzlohn (Reference-AHV-AVS-Salary),41450.15,41450.15,0.0,OK,
TF02,Paganini Maria,2025-08,RETRO,"Lohnausweis Bruttolohn (GrossIncome, Ziff. 8)",41970.15,41970.15,0.0,OK,
TF02,Paganini Maria,2025-08,RETRO,Lohnausweis BVG ordentlich (Ziff. 10.1 = 5050+1972),3266.65,3266.64,0.01,OK,
TF03,Lusser Pia,2025-08,RETRO,FAK-Basis (FAK-CAF-ContributorySalary),68200.0,72400.0,-4200.0,DIFF,
TF03,Lusser Pia,2025-08,RETRO,FAK Kinderzulagen wiederkehrend (3000),0.0,0.0,0.0,OK,
TF03,Lusser Pia,2025-08,RETRO,FAK Zulagen einmalig (3001+3034),0.0,0.0,0.0,OK,
TF03,Lusser Pia,2025-08,RETRO,UVG-Bruttolohn (UVG-LAA-GrossSalary),78400.0,78400.0,0.0,OK,
TF03,Lusser Pia,2025-08,RETRO,UVG-Basis (UVG-LAA-BaseSalary),72400.0,72400.0,0.0,OK,
TF03,Lusser Pia,2025-08,RETRO,UVGZ-Basis (UVGZ-LAAC-BaseSalary),72400.0,72400.0,0.0,OK,
TF03,Lusser Pia,2025-08,RETRO,KTG-Referenzlohn (Reference-AHV-AVS-Salary),72400.0,72400.0,0.0,OK,
TF03,Lusser Pia,2025-08,RETRO,"Lohnausweis Bruttolohn (GrossIncome, Ziff. 8)",78400.0,78400.0,0.0,OK,
TF03,Lusser Pia,2025-08,RETRO,Lohnausweis BVG ordentlich (Ziff. 10.1 = 5050+1972),1925.0,1925.0,0.0,OK,
TF04,Fankhauser Markus,2025-08,RETRO,AHV-Basis (AHV-AVS-BaseSalary),240000.0,240000.0,0.0,OK,
TF04,Fankhauser Markus,2025-08,RETRO,FAK-Basis (FAK-CAF-ContributorySalary),240000.0,240000.0,0.0,OK,
TF04,Fankhauser Markus,2025-08,RETRO,FAK Kinderzulagen wiederkehrend (3000),0.0,0.0,0.0,OK,
TF04,Fankhauser Markus,2025-08,RETRO,FAK Zulagen einmalig (3001+3034),0.0,0.0,0.0,OK,
TF04,Fankhauser Markus,2025-08,RETRO,UVG-Bruttolohn (UVG-LAA-GrossSalary),240000.0,240000.0,0.0,OK,
TF04,Fankhauser Markus,2025-08,RETRO,UVG-Basis (UVG-LAA-BaseSalary),240000.0,240000.0,0.0,OK,
TF04,Fankhauser Markus,2025-08,RETRO,UVGZ-Basis (UVGZ-LAAC-BaseSalary),240000.0,240000.0,0.0,OK,
TF04,Fankhauser Markus,2025-08,RETRO,KTG-Referenzlohn (Reference-AHV-AVS-Salary),240000.0,240000.0,0.0,OK,
TF04,Fankhauser Markus,2025-08,RETRO,"Lohnausweis Bruttolohn (GrossIncome, Ziff. 8)",240000.0,240000.0,0.0,OK,
TF04,Fankhauser Markus,2025-08,RETRO,Lohnausweis BVG ordentlich (Ziff. 10.1 = 5050+1972),22400.0,22400.0,0.0,OK,
TF05,Moser Johann,2025-08,RETRO,FAK-Basis (FAK-CAF-ContributorySalary),5400.0,10800.0,-5400.0,DIFF,
TF05,Moser Johann,2025-08,RETRO,FAK Kinderzulagen wiederkehrend (3000),0.0,0.0,0.0,OK,
TF05,Moser Johann,2025-08,RETRO,FAK Zulagen einmalig (3001+3034),0.0,0.0,0.0,OK,
TF05,Moser Johann,2025-08,RETRO,UVG-Bruttolohn (UVG-LAA-GrossSalary),10800.0,10800.0,0.0,OK,
TF05,Moser Johann,2025-08,RETRO,UVG-Basis (UVG-LAA-BaseSalary),10800.0,10800.0,0.0,OK,
TF05,Moser Johann,2025-08,RETRO,UVGZ-Basis (UVGZ-LAAC-BaseSalary),10800.0,10800.0,0.0,OK,
TF05,Moser Johann,2025-08,RETRO,KTG-Referenzlohn (Reference-AHV-AVS-Salary),10800.0,10800.0,0.0,OK,
TF05,Moser Johann,2025-08,RETRO,"Lohnausweis Bruttolohn (GrossIncome, Ziff. 8)",10800.0,10800.0,0.0,OK,
TF05,Moser Johann,2025-08,RETRO,Lohnausweis BVG ordentlich (Ziff. 10.1 = 5050+1972),468.0,468.0,0.0,OK,
TF06,Zahnd Anita,2025-08,RETRO,AHV-Basis (AHV-AVS-BaseSalary),108000.0,108000.0,0.0,OK,
TF06,Zahnd Anita,2025-08,RETRO,FAK-Basis (FAK-CAF-ContributorySalary),108000.0,108000.0,0.0,OK,
TF06,Zahnd Anita,2025-08,RETRO,FAK Kinderzulagen wiederkehrend (3000),0.0,0.0,0.0,OK,
TF06,Zahnd Anita,2025-08,RETRO,FAK Zulagen einmalig (3001+3034),0.0,0.0,0.0,OK,
TF06,Zahnd Anita,2025-08,RETRO,UVG-Bruttolohn (UVG-LAA-GrossSalary),108000.0,108000.0,0.0,OK,
TF06,Zahnd Anita,2025-08,RETRO,UVG-Basis (UVG-LAA-BaseSalary),108000.0,108000.0,0.0,OK,
TF06,Zahnd Anita,2025-08,RETRO,UVGZ-Basis (UVGZ-LAAC-BaseSalary),108000.0,108000.0,0.0,OK,
TF06,Zahnd Anita,2025-08,RETRO,KTG-Referenzlohn (Reference-AHV-AVS-Salary),108000.0,108000.0,0.0,OK,
TF06,Zahnd Anita,2025-08,RETRO,"Lohnausweis Bruttolohn (GrossIncome, Ziff. 8)",108000.0,108000.0,0.0,OK,
TF06,Zahnd Anita,2025-08,RETRO,Lohnausweis BVG ordentlich (Ziff. 10.1 = 5050+1972),8640.0,8640.0,0.0,OK,
TF07,Burri Heidi,2025-08,RETRO,AHV-Basis (AHV-AVS-BaseSalary),5500.0,5500.0,0.0,OK,
TF07,Burri Heidi,2025-08,RETRO,FAK-Basis (FAK-CAF-ContributorySalary),5500.0,5500.0,0.0,OK,
TF07,Burri Heidi,2025-08,RETRO,FAK Kinderzulagen wiederkehrend (3000),0.0,0.0,0.0,OK,
TF07,Burri Heidi,2025-08,RETRO,FAK Zulagen einmalig (3001+3034),0.0,0.0,0.0,OK,
TF07,Burri Heidi,2025-08,RETRO,UVG-Bruttolohn (UVG-LAA-GrossSalary),15000.0,15000.0,0.0,OK,
TF07,Burri Heidi,2025-08,RETRO,UVG-Basis (UVG-LAA-BaseSalary),5500.0,5500.0,0.0,OK,
TF07,Burri Heidi,2025-08,RETRO,UVGZ-Basis (UVGZ-LAAC-BaseSalary),5500.0,5500.0,0.0,OK,
TF07,Burri Heidi,2025-08,RETRO,KTG-Referenzlohn (Reference-AHV-AVS-Salary),5500.0,5500.0,0.0,OK,
TF07,Burri Heidi,2025-08,RETRO,"Lohnausweis Bruttolohn (GrossIncome, Ziff. 8)",15000.0,15000.0,0.0,OK,
TF07,Burri Heidi,2025-08,RETRO,Lohnausweis BVG ordentlich (Ziff. 10.1 = 5050+1972),0.0,0.0,0.0,OK,
TF08,Lamon René,2025-08,RETRO,AHV-Basis (AHV-AVS-BaseSalary),82987.2,82987.2,0.0,OK,
TF08,Lamon René,2025-08,RETRO,FAK-Basis (FAK-CAF-ContributorySalary),82987.2,82987.2,0.0,OK,
TF08,Lamon René,2025-08,RETRO,FAK Kinderzulagen wiederkehrend (3000),2000.0,2000.0,0.0,OK,
TF08,Lamon René,2025-08,RETRO,FAK Zulagen einmalig (3001+3034),0.0,0.0,0.0,OK,
TF08,Lamon René,2025-08,RETRO,UVG-Bruttolohn (UVG-LAA-GrossSalary),84987.2,84987.2,0.0,OK,
TF08,Lamon René,2025-08,RETRO,UVG-Basis (UVG-LAA-BaseSalary),82987.2,82987.2,0.0,OK,
TF08,Lamon René,2025-08,RETRO,UVGZ-Basis (UVGZ-LAAC-BaseSalary),82987.2,82987.2,0.0,OK,
TF08,Lamon René,2025-08,RETRO,KTG-Referenzlohn (Reference-AHV-AVS-Salary),82987.2,82987.2,0.0,OK,
TF08,Lamon René,2025-08,RETRO,"Lohnausweis Bruttolohn (GrossIncome, Ziff. 8)",84987.2,84987.2,0.0,OK,
TF08,Lamon René,2025-08,RETRO,Lohnausweis BVG ordentlich (Ziff. 10.1 = 5050+1972),6008.7,6008.72,-0.02,OK,
TF09,Estermann Michael,2025-08,RETRO,FAK-Basis (FAK-CAF-ContributorySalary),39800.0,51000.0,-11200.0,DIFF,
TF09,Estermann Michael,2025-08,RETRO,FAK Kinderzulagen wiederkehrend (3000),0.0,0.0,0.0,OK,
TF09,Estermann Michael,2025-08,RETRO,FAK Zulagen einmalig (3001+3034),0.0,0.0,0.0,OK,
TF09,Estermann Michael,2025-08,RETRO,UVG-Bruttolohn (UVG-LAA-GrossSalary),51000.0,51000.0,0.0,OK,
TF09,Estermann Michael,2025-08,RETRO,UVG-Basis (UVG-LAA-BaseSalary),51000.0,51000.0,0.0,OK,
TF09,Estermann Michael,2025-08,RETRO,UVGZ-Basis (UVGZ-LAAC-BaseSalary),51000.0,51000.0,0.0,OK,
TF09,Estermann Michael,2025-08,RETRO,KTG-Referenzlohn (Reference-AHV-AVS-Salary),51000.0,51000.0,0.0,OK,
TF09,Estermann Michael,2025-08,RETRO,"Lohnausweis Bruttolohn (GrossIncome, Ziff. 8)",51000.0,51000.0,0.0,OK,
TF09,Estermann Michael,2025-08,RETRO,Lohnausweis BVG ordentlich (Ziff. 10.1 = 5050+1972),0.0,0.0,0.0,OK,
TF10,Ganz Heinz,2025-08,RETRO,AHV-Basis (AHV-AVS-BaseSalary),44800.0,44800.0,0.0,OK,
TF10,Ganz Heinz,2025-08,RETRO,FAK-Basis (FAK-CAF-ContributorySalary),44800.0,44800.0,0.0,OK,
TF10,Ganz Heinz,2025-08,RETRO,FAK Kinderzulagen wiederkehrend (3000),0.0,0.0,0.0,OK,
TF10,Ganz Heinz,2025-08,RETRO,FAK Zulagen einmalig (3001+3034),0.0,0.0,0.0,OK,
TF10,Ganz Heinz,2025-08,RETRO,UVG-Bruttolohn (UVG-LAA-GrossSalary),44200.0,44200.0,0.0,OK,
TF10,Ganz Heinz,2025-08,RETRO,UVG-Basis (UVG-LAA-BaseSalary),43800.0,43800.0,0.0,OK,
TF10,Ganz Heinz,2025-08,RETRO,UVGZ-Basis (UVGZ-LAAC-BaseSalary),43800.0,43800.0,0.0,OK,
TF10,Ganz Heinz,2025-08,RETRO,KTG-Referenzlohn (Reference-AHV-AVS-Salary),44800.0,44800.0,0.0,OK,
TF10,Ganz Heinz,2025-08,RETRO,"Lohnausweis Bruttolohn (GrossIncome, Ziff. 8)",44200.0,44200.0,0.0,OK,
TF10,Ganz Heinz,2025-08,RETRO,Lohnausweis BVG ordentlich (Ziff. 10.1 = 5050+1972),3136.0,3136.0,0.0,OK,
TF11,Bosshard Peter,2025-08,RETRO,AHV-Basis (AHV-AVS-BaseSalary),172200.0,172200.0,0.0,OK,
TF11,Bosshard Peter,2025-08,RETRO,FAK-Basis (FAK-CAF-ContributorySalary),172200.0,172200.0,0.0,OK,
TF11,Bosshard Peter,2025-08,RETRO,FAK Kinderzulagen wiederkehrend (3000),3370.0,3370.0,0.0,OK,
TF11,Bosshard Peter,2025-08,RETRO,FAK Zulagen einmalig (3001+3034),1000.0,1000.0,0.0,OK,
TF11,Bosshard Peter,2025-08,RETRO,UVG-Bruttolohn (UVG-LAA-GrossSalary),226570.0,226570.0,0.0,OK,
TF11,Bosshard Peter,2025-08,RETRO,UVG-Basis (UVG-LAA-BaseSalary),172200.0,172200.0,0.0,OK,
TF11,Bosshard Peter,2025-08,RETRO,UVGZ-Basis (UVGZ-LAAC-BaseSalary),344400.0,172200.0,172200.0,DIFF,
TF11,Bosshard Peter,2025-08,RETRO,KTG-Referenzlohn (Reference-AHV-AVS-Salary),344400.0,172200.0,172200.0,DIFF,
TF11,Bosshard Peter,2025-08,RETRO,"Lohnausweis Bruttolohn (GrossIncome, Ziff. 8)",226570.0,226570.0,0.0,OK,
TF11,Bosshard Peter,2025-08,RETRO,Lohnausweis BVG ordentlich (Ziff. 10.1 = 5050+1972),11732.0,11731.99,0.01,OK,
TF11,Bosshard Peter,2025-08,RETRO,Lohnausweis BVG Einkauf (Ziff. 10.2 = 1973),5000.0,5000.0,0.0,OK,
TF12,Casanova Renato,2025-08,RETRO,AHV-Basis (AHV-AVS-BaseSalary),83550.0,83550.0,0.0,OK,
TF12,Casanova Renato,2025-08,RETRO,FAK-Basis (FAK-CAF-ContributorySalary),83550.0,83550.0,0.0,OK,
TF12,Casanova Renato,2025-08,RETRO,FAK Kinderzulagen wiederkehrend (3000),0.0,0.0,0.0,OK,
TF12,Casanova Renato,2025-08,RETRO,FAK Zulagen einmalig (3001+3034),0.0,0.0,0.0,OK,
TF12,Casanova Renato,2025-08,RETRO,UVG-Bruttolohn (UVG-LAA-GrossSalary),88550.0,88550.0,0.0,OK,
TF12,Casanova Renato,2025-08,RETRO,UVG-Basis (UVG-LAA-BaseSalary),81550.0,81550.0,0.0,OK,
TF12,Casanova Renato,2025-08,RETRO,UVGZ-Basis (UVGZ-LAAC-BaseSalary),81550.0,81550.0,0.0,OK,
TF12,Casanova Renato,2025-08,RETRO,KTG-Referenzlohn (Reference-AHV-AVS-Salary),83550.0,83550.0,0.0,OK,
TF12,Casanova Renato,2025-08,RETRO,"Lohnausweis Bruttolohn (GrossIncome, Ziff. 8)",86550.0,88550.0,-2000.0,DIFF,
TF12,Casanova Renato,2025-08,RETRO,Lohnausweis BVG ordentlich (Ziff. 10.1 = 5050+1972),6296.5,6296.5,0.0,OK,
TF13,Combertaldi Renato,2025-08,RETRO,UVG-Bruttolohn (UVG-LAA-GrossSalary),18080.0,18080.0,0.0,OK,
TF13,Combertaldi Renato,2025-08,RETRO,UVG-Basis (UVG-LAA-BaseSalary),18080.0,18080.0,0.0,OK,
TF13,Combertaldi Renato,2025-08,RETRO,UVGZ-Basis (UVGZ-LAAC-BaseSalary),18080.0,18080.0,0.0,OK,
TF13,Combertaldi Renato,2025-08,RETRO,KTG-Referenzlohn (Reference-AHV-AVS-Salary),18080.0,18080.0,0.0,OK,
TF13,Combertaldi Renato,2025-08,RETRO,"Lohnausweis Bruttolohn (GrossIncome, Ziff. 8)",18080.0,18080.0,0.0,OK,
TF13,Combertaldi Renato,2025-08,RETRO,Lohnausweis BVG ordentlich (Ziff. 10.1 = 5050+1972),0.0,0.0,0.0,OK,
TF14,Egli Anna,2025-08,RETRO,UVG-Bruttolohn (UVG-LAA-GrossSalary),32399.25,32399.25,0.0,OK,
TF14,Egli Anna,2025-08,RETRO,UVG-Basis (UVG-LAA-BaseSalary),32399.25,32399.25,0.0,OK,
TF14,Egli Anna,2025-08,RETRO,UVGZ-Basis (UVGZ-LAAC-BaseSalary),32399.25,32399.25,0.0,OK,
TF14,Egli Anna,2025-08,RETRO,KTG-Referenzlohn (Reference-AHV-AVS-Salary),32399.25,32399.25,0.0,OK,
TF14,Egli Anna,2025-08,RETRO,"Lohnausweis Bruttolohn (GrossIncome, Ziff. 8)",32399.25,32399.25,0.0,OK,
TF14,Egli Anna,2025-08,RETRO,Lohnausweis BVG ordentlich (Ziff. 10.1 = 5050+1972),0.0,0.0,0.0,OK,
TF15,Degelo Lorenz,2025-08,RETRO,AHV-Basis (AHV-AVS-BaseSalary),2800.35,2800.35,0.0,OK,
TF15,Degelo Lorenz,2025-08,RETRO,FAK-Basis (FAK-CAF-ContributorySalary),2800.35,2800.35,0.0,OK,
TF15,Degelo Lorenz,2025-08,RETRO,FAK Kinderzulagen wiederkehrend (3000),0.0,0.0,0.0,OK,
TF15,Degelo Lorenz,2025-08,RETRO,FAK Zulagen einmalig (3001+3034),0.0,0.0,0.0,OK,
TF15,Degelo Lorenz,2025-08,RETRO,UVG-Bruttolohn (UVG-LAA-GrossSalary),2800.35,2800.35,0.0,OK,
TF15,Degelo Lorenz,2025-08,RETRO,UVG-Basis (UVG-LAA-BaseSalary),2800.35,2800.35,0.0,OK,
TF15,Degelo Lorenz,2025-08,RETRO,UVGZ-Basis (UVGZ-LAAC-BaseSalary),2800.35,2800.35,0.0,OK,
TF15,Degelo Lorenz,2025-08,RETRO,KTG-Referenzlohn (Reference-AHV-AVS-Salary),2800.35,2800.35,0.0,OK,
TF15,Degelo Lorenz,2025-08,RETRO,"Lohnausweis Bruttolohn (GrossIncome, Ziff. 8)",2800.35,2800.35,0.0,OK,
TF15,Degelo Lorenz,2025-08,RETRO,Lohnausweis BVG ordentlich (Ziff. 10.1 = 5050+1972),0.0,0.0,0.0,OK,
TF16,Aebi Anna,2025-08,RETRO,FAK-Basis (FAK-CAF-ContributorySalary),30365.05,34565.05,-4200.0,DIFF,
TF16,Aebi Anna,2025-08,RETRO,FAK Kinderzulagen wiederkehrend (3000),0.0,0.0,0.0,OK,
TF16,Aebi Anna,2025-08,RETRO,FAK Zulagen einmalig (3001+3034),0.0,0.0,0.0,OK,
TF16,Aebi Anna,2025-08,RETRO,UVG-Bruttolohn (UVG-LAA-GrossSalary),34565.05,34565.05,0.0,OK,
TF16,Aebi Anna,2025-08,RETRO,UVG-Basis (UVG-LAA-BaseSalary),34565.05,34565.05,0.0,OK,
TF16,Aebi Anna,2025-08,RETRO,UVGZ-Basis (UVGZ-LAAC-BaseSalary),34565.05,34565.05,0.0,OK,
TF16,Aebi Anna,2025-08,RETRO,KTG-Referenzlohn (Reference-AHV-AVS-Salary),34565.05,34565.05,0.0,OK,
TF16,Aebi Anna,2025-08,RETRO,"Lohnausweis Bruttolohn (GrossIncome, Ziff. 8)",34565.05,34565.05,0.0,OK,
TF16,Aebi Anna,2025-08,RETRO,Lohnausweis BVG ordentlich (Ziff. 10.1 = 5050+1972),0.0,0.0,0.0,OK,
TF17,Binggeli Fritz,2025-08,RETRO,AHV-Basis (AHV-AVS-BaseSalary),36400.0,36400.0,0.0,OK,
TF17,Binggeli Fritz,2025-08,RETRO,FAK-Basis (FAK-CAF-ContributorySalary),36400.0,36400.0,0.0,OK,
TF17,Binggeli Fritz,2025-08,RETRO,FAK Kinderzulagen wiederkehrend (3000),0.0,0.0,0.0,OK,
TF17,Binggeli Fritz,2025-08,RETRO,FAK Zulagen einmalig (3001+3034),0.0,0.0,0.0,OK,
TF17,Binggeli Fritz,2025-08,RETRO,UVG-Bruttolohn (UVG-LAA-GrossSalary),36400.0,36400.0,0.0,OK,
TF17,Binggeli Fritz,2025-08,RETRO,UVG-Basis (UVG-LAA-BaseSalary),36400.0,36400.0,0.0,OK,
TF17,Binggeli Fritz,2025-08,RETRO,UVGZ-Basis (UVGZ-LAAC-BaseSalary),36400.0,36400.0,0.0,OK,
TF17,Binggeli Fritz,2025-08,RETRO,KTG-Referenzlohn (Reference-AHV-AVS-Salary),36400.0,36400.0,0.0,OK,
TF17,Binggeli Fritz,2025-08,RETRO,"Lohnausweis Bruttolohn (GrossIncome, Ziff. 8)",36400.0,36400.0,0.0,OK,
TF17,Binggeli Fritz,2025-08,RETRO,Lohnausweis BVG ordentlich (Ziff. 10.1 = 5050+1972),2548.0,2548.0,0.0,OK,
TF18,Blanc Pierre,2025-08,RETRO,AHV-Basis (AHV-AVS-BaseSalary),9435.6,9435.6,0.0,OK,
TF18,Blanc Pierre,2025-08,RETRO,FAK-Basis (FAK-CAF-ContributorySalary),9435.6,9435.6,0.0,OK,
TF18,Blanc Pierre,2025-08,RETRO,FAK Kinderzulagen wiederkehrend (3000),0.0,0.0,0.0,OK,
TF18,Blanc Pierre,2025-08,RETRO,FAK Zulagen einmalig (3001+3034),0.0,0.0,0.0,OK,
TF18,Blanc Pierre,2025-08,RETRO,UVG-Bruttolohn (UVG-LAA-GrossSalary),9435.6,9435.6,0.0,OK,
TF18,Blanc Pierre,2025-08,RETRO,UVG-Basis (UVG-LAA-BaseSalary),9435.6,9435.6,0.0,OK,
TF18,Blanc Pierre,2025-08,RETRO,UVGZ-Basis (UVGZ-LAAC-BaseSalary),9435.6,9435.6,0.0,OK,
TF18,Blanc Pierre,2025-08,RETRO,KTG-Referenzlohn (Reference-AHV-AVS-Salary),9435.6,9435.6,0.0,OK,
TF18,Blanc Pierre,2025-08,RETRO,"Lohnausweis Bruttolohn (GrossIncome, Ziff. 8)",9435.6,9435.6,0.0,OK,
TF18,Blanc Pierre,2025-08,RETRO,Lohnausweis BVG ordentlich (Ziff. 10.1 = 5050+1972),611.5,611.52,-0.02,OK,
TF19,Andrey Melanie,2025-08,RETRO,AHV-Basis (AHV-AVS-BaseSalary),20800.0,20800.0,0.0,OK,
TF19,Andrey Melanie,2025-08,RETRO,FAK-Basis (FAK-CAF-ContributorySalary),20800.0,20800.0,0.0,OK,
TF19,Andrey Melanie,2025-08,RETRO,FAK Kinderzulagen wiederkehrend (3000),0.0,0.0,0.0,OK,
TF19,Andrey Melanie,2025-08,RETRO,FAK Zulagen einmalig (3001+3034),0.0,0.0,0.0,OK,
TF19,Andrey Melanie,2025-08,RETRO,UVG-Bruttolohn (UVG-LAA-GrossSalary),20800.0,20800.0,0.0,OK,
TF19,Andrey Melanie,2025-08,RETRO,UVG-Basis (UVG-LAA-BaseSalary),20800.0,20800.0,0.0,OK,
TF19,Andrey Melanie,2025-08,RETRO,UVGZ-Basis (UVGZ-LAAC-BaseSalary),20800.0,20800.0,0.0,OK,
TF19,Andrey Melanie,2025-08,RETRO,KTG-Referenzlohn (Reference-AHV-AVS-Salary),20800.0,20800.0,0.0,OK,
TF19,Andrey Melanie,2025-08,RETRO,"Lohnausweis Bruttolohn (GrossIncome, Ziff. 8)",20800.0,20800.0,0.0,OK,
TF19,Andrey Melanie,2025-08,RETRO,Lohnausweis BVG ordentlich (Ziff. 10.1 = 5050+1972),1577.3,1577.28,0.02,OK,
TF20,Arnold Lukas,2025-08,RETRO,AHV-Basis (AHV-AVS-BaseSalary),10416.65,10416.65,0.0,OK,
TF20,Arnold Lukas,2025-08,RETRO,FAK-Basis (FAK-CAF-ContributorySalary),10416.65,10416.65,0.0,OK,
TF20,Arnold Lukas,2025-08,RETRO,FAK Kinderzulagen wiederkehrend (3000),0.0,0.0,0.0,OK,
TF20,Arnold Lukas,2025-08,RETRO,FAK Zulagen einmalig (3001+3034),0.0,0.0,0.0,OK,
TF20,Arnold Lukas,2025-08,RETRO,UVG-Bruttolohn (UVG-LAA-GrossSalary),10416.65,10416.65,0.0,OK,
TF20,Arnold Lukas,2025-08,RETRO,UVG-Basis (UVG-LAA-BaseSalary),9916.65,9916.65,0.0,OK,
TF20,Arnold Lukas,2025-08,RETRO,UVGZ-Basis (UVGZ-LAAC-BaseSalary),9916.65,9916.65,0.0,OK,
TF20,Arnold Lukas,2025-08,RETRO,KTG-Referenzlohn (Reference-AHV-AVS-Salary),10416.65,10416.65,0.0,OK,
TF20,Arnold Lukas,2025-08,RETRO,"Lohnausweis Bruttolohn (GrossIncome, Ziff. 8)",10416.65,10416.65,0.0,OK,
TF20,Arnold Lukas,2025-08,RETRO,Lohnausweis BVG ordentlich (Ziff. 10.1 = 5050+1972),520.0,519.99,0.01,OK,
TF21,Meier Christian,2025-08,RETRO,AHV-Basis (AHV-AVS-BaseSalary),10416.65,10416.65,0.0,OK,
TF21,Meier Christian,2025-08,RETRO,FAK-Basis (FAK-CAF-ContributorySalary),10416.65,10416.65,0.0,OK,
TF21,Meier Christian,2025-08,RETRO,FAK Kinderzulagen wiederkehrend (3000),0.0,0.0,0.0,OK,
TF21,Meier Christian,2025-08,RETRO,FAK Zulagen einmalig (3001+3034),0.0,0.0,0.0,OK,
TF21,Meier Christian,2025-08,RETRO,UVG-Bruttolohn (UVG-LAA-GrossSalary),10416.65,10416.65,0.0,OK,
TF21,Meier Christian,2025-08,RETRO,UVG-Basis (UVG-LAA-BaseSalary),9916.65,9916.65,0.0,OK,
TF21,Meier Christian,2025-08,RETRO,UVGZ-Basis (UVGZ-LAAC-BaseSalary),9916.65,9916.65,0.0,OK,
TF21,Meier Christian,2025-08,RETRO,KTG-Referenzlohn (Reference-AHV-AVS-Salary),10416.65,10416.65,0.0,OK,
TF21,Meier Christian,2025-08,RETRO,"Lohnausweis Bruttolohn (GrossIncome, Ziff. 8)",10416.65,10416.65,0.0,OK,
TF21,Meier Christian,2025-08,RETRO,Lohnausweis BVG ordentlich (Ziff. 10.1 = 5050+1972),455.0,455.01,-0.01,OK,
TF22,Bucher Elisabeth,2025-08,RETRO,AHV-Basis (AHV-AVS-BaseSalary),38529.2,38529.2,0.0,OK,
TF22,Bucher Elisabeth,2025-08,RETRO,FAK-Basis (FAK-CAF-ContributorySalary),38529.2,38529.2,0.0,OK,
TF22,Bucher Elisabeth,2025-08,RETRO,FAK Kinderzulagen wiederkehrend (3000),0.0,0.0,0.0,OK,
TF22,Bucher Elisabeth,2025-08,RETRO,FAK Zulagen einmalig (3001+3034),0.0,0.0,0.0,OK,
TF22,Bucher Elisabeth,2025-08,RETRO,UVG-Bruttolohn (UVG-LAA-GrossSalary),38529.2,38529.2,0.0,OK,
TF22,Bucher Elisabeth,2025-08,RETRO,UVG-Basis (UVG-LAA-BaseSalary),38529.2,38529.2,0.0,OK,
TF22,Bucher Elisabeth,2025-08,RETRO,UVGZ-Basis (UVGZ-LAAC-BaseSalary),38529.2,38529.2,0.0,OK,
TF22,Bucher Elisabeth,2025-08,RETRO,KTG-Referenzlohn (Reference-AHV-AVS-Salary),38529.2,38529.2,0.0,OK,
TF22,Bucher Elisabeth,2025-08,RETRO,"Lohnausweis Bruttolohn (GrossIncome, Ziff. 8)",38529.2,38529.2,0.0,OK,
TF22,Bucher Elisabeth,2025-08,RETRO,Lohnausweis BVG ordentlich (Ziff. 10.1 = 5050+1972),2397.45,2397.47,-0.02,OK,
TF23,Koller Ludwig,2025-08,RETRO,AHV-Basis (AHV-AVS-BaseSalary),70000.0,70000.0,0.0,OK,
TF23,Koller Ludwig,2025-08,RETRO,FAK-Basis (FAK-CAF-ContributorySalary),70000.0,70000.0,0.0,OK,
TF23,Koller Ludwig,2025-08,RETRO,FAK Kinderzulagen wiederkehrend (3000),0.0,0.0,0.0,OK,
TF23,Koller Ludwig,2025-08,RETRO,FAK Zulagen einmalig (3001+3034),0.0,0.0,0.0,OK,
TF23,Koller Ludwig,2025-08,RETRO,UVG-Bruttolohn (UVG-LAA-GrossSalary),70000.0,70000.0,0.0,OK,
TF23,Koller Ludwig,2025-08,RETRO,UVG-Basis (UVG-LAA-BaseSalary),70000.0,70000.0,0.0,OK,
TF23,Koller Ludwig,2025-08,RETRO,UVGZ-Basis (UVGZ-LAAC-BaseSalary),70000.0,70000.0,0.0,OK,
TF23,Koller Ludwig,2025-08,RETRO,KTG-Referenzlohn (Reference-AHV-AVS-Salary),70000.0,70000.0,0.0,OK,
TF23,Koller Ludwig,2025-08,RETRO,"Lohnausweis Bruttolohn (GrossIncome, Ziff. 8)",70000.0,70000.0,0.0,OK,
TF23,Koller Ludwig,2025-08,RETRO,Lohnausweis BVG ordentlich (Ziff. 10.1 = 5050+1972),3033.3,3033.28,0.02,OK,
TF24,Utzinger Jan,2025-08,RETRO,AHV-Basis (AHV-AVS-BaseSalary),70000.0,70000.0,0.0,OK,
TF24,Utzinger Jan,2025-08,RETRO,FAK-Basis (FAK-CAF-ContributorySalary),70000.0,70000.0,0.0,OK,
TF24,Utzinger Jan,2025-08,RETRO,FAK Kinderzulagen wiederkehrend (3000),0.0,0.0,0.0,OK,
TF24,Utzinger Jan,2025-08,RETRO,FAK Zulagen einmalig (3001+3034),0.0,0.0,0.0,OK,
TF24,Utzinger Jan,2025-08,RETRO,UVG-Bruttolohn (UVG-LAA-GrossSalary),70000.0,70000.0,0.0,OK,
TF24,Utzinger Jan,2025-08,RETRO,UVG-Basis (UVG-LAA-BaseSalary),70000.0,70000.0,0.0,OK,
TF24,Utzinger Jan,2025-08,RETRO,UVGZ-Basis (UVGZ-LAAC-BaseSalary),70000.0,70000.0,0.0,OK,
TF24,Utzinger Jan,2025-08,RETRO,KTG-Referenzlohn (Reference-AHV-AVS-Salary),70000.0,70000.0,0.0,OK,
TF24,Utzinger Jan,2025-08,RETRO,"Lohnausweis Bruttolohn (GrossIncome, Ziff. 8)",70000.0,70000.0,0.0,OK,
TF24,Utzinger Jan,2025-08,RETRO,Lohnausweis BVG ordentlich (Ziff. 10.1 = 5050+1972),5308.35,5308.36,-0.01,OK,
TF25,Lehmann Nadine,2025-08,RETRO,AHV-Basis (AHV-AVS-BaseSalary),54166.65,54166.65,0.0,OK,
TF25,Lehmann Nadine,2025-08,RETRO,FAK-Basis (FAK-CAF-ContributorySalary),54166.65,54166.65,0.0,OK,
TF25,Lehmann Nadine,2025-08,RETRO,FAK Kinderzulagen wiederkehrend (3000),0.0,0.0,0.0,OK,
TF25,Lehmann Nadine,2025-08,RETRO,FAK Zulagen einmalig (3001+3034),0.0,0.0,0.0,OK,
TF25,Lehmann Nadine,2025-08,RETRO,UVG-Bruttolohn (UVG-LAA-GrossSalary),54166.65,54166.65,0.0,OK,
TF25,Lehmann Nadine,2025-08,RETRO,UVG-Basis (UVG-LAA-BaseSalary),54166.65,54166.65,0.0,OK,
TF25,Lehmann Nadine,2025-08,RETRO,UVGZ-Basis (UVGZ-LAAC-BaseSalary),54166.65,54166.65,0.0,OK,
TF25,Lehmann Nadine,2025-08,RETRO,KTG-Referenzlohn (Reference-AHV-AVS-Salary),54166.65,54166.65,0.0,OK,
TF25,Lehmann Nadine,2025-08,RETRO,"Lohnausweis Bruttolohn (GrossIncome, Ziff. 8)",54166.65,54166.65,0.0,OK,
TF25,Lehmann Nadine,2025-08,RETRO,Lohnausweis BVG ordentlich (Ziff. 10.1 = 5050+1972),4550.0,4550.0,0.0,OK,
TF26,Jenzer Marcel,2025-08,RETRO,AHV-Basis (AHV-AVS-BaseSalary),54166.65,54166.65,0.0,OK,
TF26,Jenzer Marcel,2025-08,RETRO,FAK-Basis (FAK-CAF-ContributorySalary),54166.65,54166.65,0.0,OK,
TF26,Jenzer Marcel,2025-08,RETRO,FAK Kinderzulagen wiederkehrend (3000),0.0,0.0,0.0,OK,
TF26,Jenzer Marcel,2025-08,RETRO,FAK Zulagen einmalig (3001+3034),0.0,0.0,0.0,OK,
TF26,Jenzer Marcel,2025-08,RETRO,UVG-Bruttolohn (UVG-LAA-GrossSalary),54166.65,54166.65,0.0,OK,
TF26,Jenzer Marcel,2025-08,RETRO,UVG-Basis (UVG-LAA-BaseSalary),54166.65,54166.65,0.0,OK,
TF26,Jenzer Marcel,2025-08,RETRO,UVGZ-Basis (UVGZ-LAAC-BaseSalary),54166.65,54166.65,0.0,OK,
TF26,Jenzer Marcel,2025-08,RETRO,KTG-Referenzlohn (Reference-AHV-AVS-Salary),54166.65,54166.65,0.0,OK,
TF26,Jenzer Marcel,2025-08,RETRO,"Lohnausweis Bruttolohn (GrossIncome, Ziff. 8)",54166.65,54166.65,0.0,OK,
TF26,Jenzer Marcel,2025-08,RETRO,Lohnausweis BVG ordentlich (Ziff. 10.1 = 5050+1972),4550.0,4550.0,0.0,OK,
TF27,Rast Eva,2025-08,RETRO,AHV-Basis (AHV-AVS-BaseSalary),40000.0,40000.0,0.0,OK,
TF27,Rast Eva,2025-08,RETRO,FAK-Basis (FAK-CAF-ContributorySalary),40000.0,40000.0,0.0,OK,
TF27,Rast Eva,2025-08,RETRO,FAK Kinderzulagen wiederkehrend (3000),0.0,0.0,0.0,OK,
TF27,Rast Eva,2025-08,RETRO,FAK Zulagen einmalig (3001+3034),0.0,0.0,0.0,OK,
TF27,Rast Eva,2025-08,RETRO,UVG-Bruttolohn (UVG-LAA-GrossSalary),40000.0,40000.0,0.0,OK,
TF27,Rast Eva,2025-08,RETRO,UVG-Basis (UVG-LAA-BaseSalary),40000.0,40000.0,0.0,OK,
TF27,Rast Eva,2025-08,RETRO,UVGZ-Basis (UVGZ-LAAC-BaseSalary),40000.0,40000.0,0.0,OK,
TF27,Rast Eva,2025-08,RETRO,KTG-Referenzlohn (Reference-AHV-AVS-Salary),40000.0,40000.0,0.0,OK,
TF27,Rast Eva,2025-08,RETRO,"Lohnausweis Bruttolohn (GrossIncome, Ziff. 8)",40000.0,40000.0,0.0,OK,
TF27,Rast Eva,2025-08,RETRO,Lohnausweis BVG ordentlich (Ziff. 10.1 = 5050+1972),3200.0,3200.0,0.0,OK,
TF28,Arbenz Esther,2025-08,RETRO,AHV-Basis (AHV-AVS-BaseSalary),68000.0,68000.0,0.0,OK,
TF28,Arbenz Esther,2025-08,RETRO,FAK-Basis (FAK-CAF-ContributorySalary),68000.0,68000.0,0.0,OK,
TF28,Arbenz Esther,2025-08,RETRO,FAK Kinderzulagen wiederkehrend (3000),0.0,0.0,0.0,OK,
TF28,Arbenz Esther,2025-08,RETRO,FAK Zulagen einmalig (3001+3034),0.0,0.0,0.0,OK,
TF28,Arbenz Esther,2025-08,RETRO,UVG-Bruttolohn (UVG-LAA-GrossSalary),68000.0,68000.0,0.0,OK,
TF28,Arbenz Esther,2025-08,RETRO,UVG-Basis (UVG-LAA-BaseSalary),68000.0,68000.0,0.0,OK,
TF28,Arbenz Esther,2025-08,RETRO,UVGZ-Basis (UVGZ-LAAC-BaseSalary),68000.0,68000.0,0.0,OK,
TF28,Arbenz Esther,2025-08,RETRO,KTG-Referenzlohn (Reference-AHV-AVS-Salary),68000.0,68000.0,0.0,OK,
TF28,Arbenz Esther,2025-08,RETRO,"Lohnausweis Bruttolohn (GrossIncome, Ziff. 8)",68000.0,68000.0,0.0,OK,
TF28,Arbenz Esther,2025-08,RETRO,Lohnausweis BVG ordentlich (Ziff. 10.1 = 5050+1972),4160.0,4160.0,0.0,OK,
TF29,Forster Moreno,2025-08,RETRO,AHV-Basis (AHV-AVS-BaseSalary),68000.0,68000.0,0.0,OK,
TF29,Forster Moreno,2025-08,RETRO,FAK-Basis (FAK-CAF-ContributorySalary),68000.0,68000.0,0.0,OK,
TF29,Forster Moreno,2025-08,RETRO,FAK Kinderzulagen wiederkehrend (3000),0.0,0.0,0.0,OK,
TF29,Forster Moreno,2025-08,RETRO,FAK Zulagen einmalig (3001+3034),0.0,0.0,0.0,OK,
TF29,Forster Moreno,2025-08,RETRO,UVG-Bruttolohn (UVG-LAA-GrossSalary),68000.0,68000.0,0.0,OK,
TF29,Forster Moreno,2025-08,RETRO,UVG-Basis (UVG-LAA-BaseSalary),68000.0,68000.0,0.0,OK,
TF29,Forster Moreno,2025-08,RETRO,UVGZ-Basis (UVGZ-LAAC-BaseSalary),68000.0,68000.0,0.0,OK,
TF29,Forster Moreno,2025-08,RETRO,KTG-Referenzlohn (Reference-AHV-AVS-Salary),68000.0,68000.0,0.0,OK,
TF29,Forster Moreno,2025-08,RETRO,"Lohnausweis Bruttolohn (GrossIncome, Ziff. 8)",68000.0,68000.0,0.0,OK,
TF29,Forster Moreno,2025-08,RETRO,Lohnausweis BVG ordentlich (Ziff. 10.1 = 5050+1972),3640.0,3640.0,0.0,OK,
TF30,Müller Heinrich,2025-08,RETRO,AHV-Basis (AHV-AVS-BaseSalary),44000.0,44000.0,0.0,OK,
TF30,Müller Heinrich,2025-08,RETRO,FAK-Basis (FAK-CAF-ContributorySalary),44000.0,44000.0,0.0,OK,
TF30,Müller Heinrich,2025-08,RETRO,FAK Kinderzulagen wiederkehrend (3000),0.0,0.0,0.0,OK,
TF30,Müller Heinrich,2025-08,RETRO,FAK Zulagen einmalig (3001+3034),0.0,0.0,0.0,OK,
TF30,Müller Heinrich,2025-08,RETRO,UVG-Bruttolohn (UVG-LAA-GrossSalary),44000.0,44000.0,0.0,OK,
TF30,Müller Heinrich,2025-08,RETRO,UVG-Basis (UVG-LAA-BaseSalary),44000.0,44000.0,0.0,OK,
TF30,Müller Heinrich,2025-08,RETRO,UVGZ-Basis (UVGZ-LAAC-BaseSalary),44000.0,44000.0,0.0,OK,
TF30,Müller Heinrich,2025-08,RETRO,KTG-Referenzlohn (Reference-AHV-AVS-Salary),44000.0,44000.0,0.0,OK,
TF30,Müller Heinrich,2025-08,RETRO,"Lohnausweis Bruttolohn (GrossIncome, Ziff. 8)",44000.0,44000.0,0.0,OK,
TF30,Müller Heinrich,2025-08,RETRO,Lohnausweis BVG ordentlich (Ziff. 10.1 = 5050+1972),1760.0,1760.0,0.0,OK,
TF31,Bolletto Franca,2025-08,RETRO,AHV-Basis (AHV-AVS-BaseSalary),40000.0,40000.0,0.0,OK,
TF31,Bolletto Franca,2025-08,RETRO,FAK-Basis (FAK-CAF-ContributorySalary),40000.0,40000.0,0.0,OK,
TF31,Bolletto Franca,2025-08,RETRO,FAK Kinderzulagen wiederkehrend (3000),0.0,0.0,0.0,OK,
TF31,Bolletto Franca,2025-08,RETRO,FAK Zulagen einmalig (3001+3034),0.0,0.0,0.0,OK,
TF31,Bolletto Franca,2025-08,RETRO,UVG-Bruttolohn (UVG-LAA-GrossSalary),40000.0,40000.0,0.0,OK,
TF31,Bolletto Franca,2025-08,RETRO,UVG-Basis (UVG-LAA-BaseSalary),40000.0,40000.0,0.0,OK,
TF31,Bolletto Franca,2025-08,RETRO,UVGZ-Basis (UVGZ-LAAC-BaseSalary),40000.0,40000.0,0.0,OK,
TF31,Bolletto Franca,2025-08,RETRO,KTG-Referenzlohn (Reference-AHV-AVS-Salary),40000.0,40000.0,0.0,OK,
TF31,Bolletto Franca,2025-08,RETRO,"Lohnausweis Bruttolohn (GrossIncome, Ziff. 8)",40000.0,40000.0,0.0,OK,
TF31,Bolletto Franca,2025-08,RETRO,Lohnausweis BVG ordentlich (Ziff. 10.1 = 5050+1972),2600.0,2600.0,0.0,OK,
TF33,Châtelain Pierre,2025-08,RETRO,AHV-Basis (AHV-AVS-BaseSalary),40000.0,40000.0,0.0,OK,
TF33,Châtelain Pierre,2025-08,RETRO,FAK-Basis (FAK-CAF-ContributorySalary),40000.0,40000.0,0.0,OK,
TF33,Châtelain Pierre,2025-08,RETRO,FAK Kinderzulagen wiederkehrend (3000),1250.0,500.0,750.0,DIFF,
TF33,Châtelain Pierre,2025-08,RETRO,FAK Zulagen einmalig (3001+3034),0.0,750.0,-750.0,DIFF,
TF33,Châtelain Pierre,2025-08,RETRO,UVG-Bruttolohn (UVG-LAA-GrossSalary),41250.0,41250.0,0.0,OK,
TF33,Châtelain Pierre,2025-08,RETRO,UVG-Basis (UVG-LAA-BaseSalary),40000.0,40000.0,0.0,OK,
TF33,Châtelain Pierre,2025-08,RETRO,UVGZ-Basis (UVGZ-LAAC-BaseSalary),40000.0,40000.0,0.0,OK,
TF33,Châtelain Pierre,2025-08,RETRO,KTG-Referenzlohn (Reference-AHV-AVS-Salary),40000.0,40000.0,0.0,OK,
TF33,Châtelain Pierre,2025-08,RETRO,"Lohnausweis Bruttolohn (GrossIncome, Ziff. 8)",41250.0,41250.0,0.0,OK,
TF33,Châtelain Pierre,2025-08,RETRO,Lohnausweis BVG ordentlich (Ziff. 10.1 = 5050+1972),3033.35,3033.36,-0.01,OK,
TF34,Rinaldi Massimo,2025-08,RETRO,AHV-Basis (AHV-AVS-BaseSalary),40000.0,40000.0,0.0,OK,
TF34,Rinaldi Massimo,2025-08,RETRO,FAK-Basis (FAK-CAF-ContributorySalary),40000.0,40000.0,0.0,OK,
TF34,Rinaldi Massimo,2025-08,RETRO,FAK Kinderzulagen wiederkehrend (3000),1075.0,430.0,645.0,DIFF,
TF34,Rinaldi Massimo,2025-08,RETRO,FAK Zulagen einmalig (3001+3034),0.0,645.0,-645.0,DIFF,
TF34,Rinaldi Massimo,2025-08,RETRO,UVG-Bruttolohn (UVG-LAA-GrossSalary),41075.0,41075.0,0.0,OK,
TF34,Rinaldi Massimo,2025-08,RETRO,UVG-Basis (UVG-LAA-BaseSalary),40000.0,40000.0,0.0,OK,
TF34,Rinaldi Massimo,2025-08,RETRO,UVGZ-Basis (UVGZ-LAAC-BaseSalary),40000.0,40000.0,0.0,OK,
TF34,Rinaldi Massimo,2025-08,RETRO,KTG-Referenzlohn (Reference-AHV-AVS-Salary),40000.0,40000.0,0.0,OK,
TF34,Rinaldi Massimo,2025-08,RETRO,"Lohnausweis Bruttolohn (GrossIncome, Ziff. 8)",41075.0,41075.0,0.0,OK,
TF34,Rinaldi Massimo,2025-08,RETRO,Lohnausweis BVG ordentlich (Ziff. 10.1 = 5050+1972),0.0,0.0,0.0,OK,
TF35,Roos Roland,2025-08,RETRO,AHV-Basis (AHV-AVS-BaseSalary),70000.0,70000.0,0.0,OK,
TF35,Roos Roland,2025-08,RETRO,FAK-Basis (FAK-CAF-ContributorySalary),70000.0,70000.0,0.0,OK,
TF35,Roos Roland,2025-08,RETRO,FAK Kinderzulagen wiederkehrend (3000),0.0,0.0,0.0,OK,
TF35,Roos Roland,2025-08,RETRO,FAK Zulagen einmalig (3001+3034),0.0,0.0,0.0,OK,
TF35,Roos Roland,2025-08,RETRO,UVG-Bruttolohn (UVG-LAA-GrossSalary),70000.0,70000.0,0.0,OK,
TF35,Roos Roland,2025-08,RETRO,UVG-Basis (UVG-LAA-BaseSalary),70000.0,70000.0,0.0,OK,
TF35,Roos Roland,2025-08,RETRO,UVGZ-Basis (UVGZ-LAAC-BaseSalary),70000.0,70000.0,0.0,OK,
TF35,Roos Roland,2025-08,RETRO,KTG-Referenzlohn (Reference-AHV-AVS-Salary),70000.0,70000.0,0.0,OK,
TF35,Roos Roland,2025-08,RETRO,"Lohnausweis Bruttolohn (GrossIncome, Ziff. 8)",70000.0,70000.0,0.0,OK,
TF35,Roos Roland,2025-08,RETRO,Lohnausweis BVG ordentlich (Ziff. 10.1 = 5050+1972),3033.35,3033.36,-0.01,OK,
TF36,Maldini Fabio,2025-08,RETRO,AHV-Basis (AHV-AVS-BaseSalary),70000.0,70000.0,0.0,OK,
TF36,Maldini Fabio,2025-08,RETRO,FAK-Basis (FAK-CAF-ContributorySalary),70000.0,70000.0,0.0,OK,
TF36,Maldini Fabio,2025-08,RETRO,FAK Kinderzulagen wiederkehrend (3000),0.0,0.0,0.0,OK,
TF36,Maldini Fabio,2025-08,RETRO,FAK Zulagen einmalig (3001+3034),0.0,0.0,0.0,OK,
TF36,Maldini Fabio,2025-08,RETRO,UVG-Bruttolohn (UVG-LAA-GrossSalary),70000.0,70000.0,0.0,OK,
TF36,Maldini Fabio,2025-08,RETRO,UVG-Basis (UVG-LAA-BaseSalary),70000.0,70000.0,0.0,OK,
TF36,Maldini Fabio,2025-08,RETRO,UVGZ-Basis (UVGZ-LAAC-BaseSalary),70000.0,70000.0,0.0,OK,
TF36,Maldini Fabio,2025-08,RETRO,KTG-Referenzlohn (Reference-AHV-AVS-Salary),70000.0,70000.0,0.0,OK,
TF36,Maldini Fabio,2025-08,RETRO,"Lohnausweis Bruttolohn (GrossIncome, Ziff. 8)",70000.0,70000.0,0.0,OK,
TF36,Maldini Fabio,2025-08,RETRO,Lohnausweis BVG ordentlich (Ziff. 10.1 = 5050+1972),3466.65,3466.64,0.01,OK,
TF37,Oberli Christine,2025-08,RETRO,AHV-Basis (AHV-AVS-BaseSalary),5000.0,5000.0,0.0,OK,
TF37,Oberli Christine,2025-08,RETRO,FAK-Basis (FAK-CAF-ContributorySalary),5000.0,5000.0,0.0,OK,
TF37,Oberli Christine,2025-08,RETRO,FAK Kinderzulagen wiederkehrend (3000),250.0,250.0,0.0,OK,
TF37,Oberli Christine,2025-08,RETRO,FAK Zulagen einmalig (3001+3034),0.0,0.0,0.0,OK,
TF37,Oberli Christine,2025-08,RETRO,UVG-Bruttolohn (UVG-LAA-GrossSalary),5250.0,5250.0,0.0,OK,
TF37,Oberli Christine,2025-08,RETRO,UVG-Basis (UVG-LAA-BaseSalary),5000.0,5000.0,0.0,OK,
TF37,Oberli Christine,2025-08,RETRO,UVGZ-Basis (UVGZ-LAAC-BaseSalary),5000.0,5000.0,0.0,OK,
TF37,Oberli Christine,2025-08,RETRO,KTG-Referenzlohn (Reference-AHV-AVS-Salary),5000.0,5000.0,0.0,OK,
TF37,Oberli Christine,2025-08,RETRO,"Lohnausweis Bruttolohn (GrossIncome, Ziff. 8)",5250.0,5250.0,0.0,OK,
TF37,Oberli Christine,2025-08,RETRO,Lohnausweis BVG ordentlich (Ziff. 10.1 = 5050+1972),400.0,400.0,0.0,OK,
TF38,Jung Claude,2025-08,RETRO,AHV-Basis (AHV-AVS-BaseSalary),35500.0,35500.0,0.0,OK,
TF38,Jung Claude,2025-08,RETRO,FAK-Basis (FAK-CAF-ContributorySalary),35500.0,35500.0,0.0,OK,
TF38,Jung Claude,2025-08,RETRO,FAK Kinderzulagen wiederkehrend (3000),0.0,0.0,0.0,OK,
TF38,Jung Claude,2025-08,RETRO,FAK Zulagen einmalig (3001+3034),0.0,0.0,0.0,OK,
TF38,Jung Claude,2025-08,RETRO,UVG-Bruttolohn (UVG-LAA-GrossSalary),35500.0,35500.0,0.0,OK,
TF38,Jung Claude,2025-08,RETRO,UVG-Basis (UVG-LAA-BaseSalary),35500.0,35500.0,0.0,OK,
TF38,Jung Claude,2025-08,RETRO,UVGZ-Basis (UVGZ-LAAC-BaseSalary),35500.0,35500.0,0.0,OK,
TF38,Jung Claude,2025-08,RETRO,KTG-Referenzlohn (Reference-AHV-AVS-Salary),35500.0,35500.0,0.0,OK,
TF38,Jung Claude,2025-08,RETRO,"Lohnausweis Bruttolohn (GrossIncome, Ziff. 8)",35500.0,35500.0,0.0,OK,
TF38,Jung Claude,2025-08,RETRO,Lohnausweis BVG ordentlich (Ziff. 10.1 = 5050+1972),3146.65,3146.64,0.01,OK,
TF39,Hasler Harald,2025-08,RETRO,UVG-Bruttolohn (UVG-LAA-GrossSalary),10000.0,10000.0,0.0,OK,
TF39,Hasler Harald,2025-08,RETRO,UVG-Basis (UVG-LAA-BaseSalary),10000.0,10000.0,0.0,OK,
TF39,Hasler Harald,2025-08,RETRO,UVGZ-Basis (UVGZ-LAAC-BaseSalary),10000.0,10000.0,0.0,OK,
TF39,Hasler Harald,2025-08,RETRO,KTG-Referenzlohn (Reference-AHV-AVS-Salary),10000.0,10000.0,0.0,OK,
TF39,Hasler Harald,2025-08,RETRO,"Lohnausweis Bruttolohn (GrossIncome, Ziff. 8)",10000.0,10000.0,0.0,OK,
TF39,Hasler Harald,2025-08,RETRO,Lohnausweis BVG ordentlich (Ziff. 10.1 = 5050+1972),0.0,0.0,0.0,OK,
TF40,Farine Corinne,2025-08,RETRO,AHV-Basis (AHV-AVS-BaseSalary),32300.0,32300.0,0.0,OK,
TF40,Farine Corinne,2025-08,RETRO,FAK-Basis (FAK-CAF-ContributorySalary),32300.0,32300.0,0.0,OK,
TF40,Farine Corinne,2025-08,RETRO,FAK Kinderzulagen wiederkehrend (3000),750.0,750.0,0.0,OK,
TF40,Farine Corinne,2025-08,RETRO,FAK Zulagen einmalig (3001+3034),0.0,0.0,0.0,OK,
TF40,Farine Corinne,2025-08,RETRO,UVG-Bruttolohn (UVG-LAA-GrossSalary),33050.0,33050.0,0.0,OK,
TF40,Farine Corinne,2025-08,RETRO,UVG-Basis (UVG-LAA-BaseSalary),32300.0,32300.0,0.0,OK,
TF40,Farine Corinne,2025-08,RETRO,UVGZ-Basis (UVGZ-LAAC-BaseSalary),32300.0,32300.0,0.0,OK,
TF40,Farine Corinne,2025-08,RETRO,KTG-Referenzlohn (Reference-AHV-AVS-Salary),32300.0,32300.0,0.0,OK,
TF40,Farine Corinne,2025-08,RETRO,"Lohnausweis Bruttolohn (GrossIncome, Ziff. 8)",33050.0,33050.0,0.0,OK,
TF40,Farine Corinne,2025-08,RETRO,Lohnausweis BVG ordentlich (Ziff. 10.1 = 5050+1972),1013.35,1013.34,0.01,OK,
TF41,Meier Max,2025-08,RETRO,AHV-Basis (AHV-AVS-BaseSalary),90000.0,90000.0,0.0,OK,
TF41,Meier Max,2025-08,RETRO,FAK-Basis (FAK-CAF-ContributorySalary),90000.0,90000.0,0.0,OK,
TF41,Meier Max,2025-08,RETRO,FAK Kinderzulagen wiederkehrend (3000),0.0,0.0,0.0,OK,
TF41,Meier Max,2025-08,RETRO,FAK Zulagen einmalig (3001+3034),0.0,0.0,0.0,OK,
TF41,Meier Max,2025-08,RETRO,UVG-Bruttolohn (UVG-LAA-GrossSalary),90000.0,90000.0,0.0,OK,
TF41,Meier Max,2025-08,RETRO,UVG-Basis (UVG-LAA-BaseSalary),90000.0,90000.0,0.0,OK,
TF41,Meier Max,2025-08,RETRO,UVGZ-Basis (UVGZ-LAAC-BaseSalary),90000.0,90000.0,0.0,OK,
TF41,Meier Max,2025-08,RETRO,KTG-Referenzlohn (Reference-AHV-AVS-Salary),90000.0,90000.0,0.0,OK,
TF41,Meier Max,2025-08,RETRO,"Lohnausweis Bruttolohn (GrossIncome, Ziff. 8)",90000.0,90000.0,0.0,OK,
TF41,Meier Max,2025-08,RETRO,Lohnausweis BVG ordentlich (Ziff. 10.1 = 5050+1972),0.0,0.0,0.0,OK,
TF44,Lusser Hans,2025-08,RETRO,AHV-Basis (AHV-AVS-BaseSalary),-8000.0,-8000.0,0.0,OK,
TF44,Lusser Hans,2025-08,RETRO,FAK-Basis (FAK-CAF-ContributorySalary),-8000.0,-8000.0,0.0,OK,
TF44,Lusser Hans,2025-08,RETRO,FAK Kinderzulagen wiederkehrend (3000),0.0,0.0,0.0,OK,
TF44,Lusser Hans,2025-08,RETRO,FAK Zulagen einmalig (3001+3034),0.0,0.0,0.0,OK,
TF44,Lusser Hans,2025-08,RETRO,UVG-Bruttolohn (UVG-LAA-GrossSalary),20000.0,20000.0,0.0,OK,
TF44,Lusser Hans,2025-08,RETRO,UVG-Basis (UVG-LAA-BaseSalary),-8000.0,-8000.0,0.0,OK,
TF44,Lusser Hans,2025-08,RETRO,UVGZ-Basis (UVGZ-LAAC-BaseSalary),-8000.0,-8000.0,0.0,OK,
TF44,Lusser Hans,2025-08,RETRO,KTG-Referenzlohn (Reference-AHV-AVS-Salary),-8000.0,-8000.0,0.0,OK,
TF44,Lusser Hans,2025-08,RETRO,"Lohnausweis Bruttolohn (GrossIncome, Ziff. 8)",20000.0,20000.0,0.0,OK,
TF44,Lusser Hans,2025-08,RETRO,Lohnausweis BVG ordentlich (Ziff. 10.1 = 5050+1972),770.0,770.0,0.0,OK,
TF02,Paganini Maria,2025-08,MONTHLY,Statistik Grundlohn (GrossBaseSalaryAndRegularAllowance),5266.8,5266.8,0.0,OK,
TF02,Paganini Maria,2025-08,MONTHLY,Statistik Zulagen (Allowances),105.0,0.0,105.0,DIFF,
TF02,Paganini Maria,2025-08,MONTHLY,Statistik Familienzulagen (FamilyIncomeSupplement),215.0,215.0,0.0,OK,
TF02,Paganini Maria,2025-08,MONTHLY,Statistik Leistungen Dritter (PaymentsByThird),0.0,0.0,0.0,OK,
TF02,Paganini Maria,2025-08,MONTHLY,Statistik BVG-Beitrag AN (BVG-LPP-RegularContribution),-408.33,-408.33,0.0,OK,
TF03,Lusser Pia,2025-08,MONTHLY,Statistik Grundlohn (GrossBaseSalaryAndRegularAllowance),1500.0,1500.0,0.0,OK,
TF03,Lusser Pia,2025-08,MONTHLY,Statistik Zulagen (Allowances),0.0,0.0,0.0,OK,
TF03,Lusser Pia,2025-08,MONTHLY,Statistik Familienzulagen (FamilyIncomeSupplement),0.0,0.0,0.0,OK,
TF03,Lusser Pia,2025-08,MONTHLY,Statistik Leistungen Dritter (PaymentsByThird),0.0,0.0,0.0,OK,
TF03,Lusser Pia,2025-08,MONTHLY,Statistik BVG-Beitrag AN (BVG-LPP-RegularContribution),0.0,-0.0,0.0,OK,
TF04,Fankhauser Markus,2025-08,MONTHLY,Statistik Grundlohn (GrossBaseSalaryAndRegularAllowance),30000.0,30000.0,0.0,OK,
TF04,Fankhauser Markus,2025-08,MONTHLY,Statistik Zulagen (Allowances),0.0,0.0,0.0,OK,
TF04,Fankhauser Markus,2025-08,MONTHLY,Statistik Familienzulagen (FamilyIncomeSupplement),0.0,0.0,0.0,OK,
TF04,Fankhauser Markus,2025-08,MONTHLY,Statistik Leistungen Dritter (PaymentsByThird),0.0,0.0,0.0,OK,
TF04,Fankhauser Markus,2025-08,MONTHLY,Statistik BVG-Beitrag AN (BVG-LPP-RegularContribution),-2800.0,-2800.0,0.0,OK,
TF05,Moser Johann,2025-08,MONTHLY,Statistik Grundlohn (GrossBaseSalaryAndRegularAllowance),1350.0,1350.0,0.0,OK,
TF05,Moser Johann,2025-08,MONTHLY,Statistik Zulagen (Allowances),0.0,0.0,0.0,OK,
TF05,Moser Johann,2025-08,MONTHLY,Statistik Familienzulagen (FamilyIncomeSupplement),0.0,0.0,0.0,OK,
TF05,Moser Johann,2025-08,MONTHLY,Statistik Leistungen Dritter (PaymentsByThird),0.0,0.0,0.0,OK,
TF05,Moser Johann,2025-08,MONTHLY,Statistik BVG-Beitrag AN (BVG-LPP-RegularContribution),0.0,-0.0,0.0,OK,
TF06,Zahnd Anita,2025-08,MONTHLY,Statistik Grundlohn (GrossBaseSalaryAndRegularAllowance),13500.0,13500.0,0.0,OK,
TF06,Zahnd Anita,2025-08,MONTHLY,Statistik Zulagen (Allowances),0.0,0.0,0.0,OK,
TF06,Zahnd Anita,2025-08,MONTHLY,Statistik Familienzulagen (FamilyIncomeSupplement),0.0,0.0,0.0,OK,
TF06,Zahnd Anita,2025-08,MONTHLY,Statistik Leistungen Dritter (PaymentsByThird),0.0,0.0,0.0,OK,
TF06,Zahnd Anita,2025-08,MONTHLY,Statistik BVG-Beitrag AN (BVG-LPP-RegularContribution),-1080.0,-1080.0,0.0,OK,
TF08,Lamon René,2025-08,MONTHLY,Statistik Grundlohn (GrossBaseSalaryAndRegularAllowance),9548.05,9548.05,0.0,OK,
TF08,Lamon René,2025-08,MONTHLY,Statistik Zulagen (Allowances),105.0,0.0,105.0,DIFF,
TF08,Lamon René,2025-08,MONTHLY,Statistik Familienzulagen (FamilyIncomeSupplement),250.0,250.0,0.0,OK,
TF08,Lamon René,2025-08,MONTHLY,Statistik Leistungen Dritter (PaymentsByThird),0.0,0.0,0.0,OK,
TF08,Lamon René,2025-08,MONTHLY,Statistik BVG-Beitrag AN (BVG-LPP-RegularContribution),-751.09,-751.09,0.0,OK,
TF09,Estermann Michael,2025-08,MONTHLY,Statistik Grundlohn (GrossBaseSalaryAndRegularAllowance),2000.0,2000.0,0.0,OK,
TF09,Estermann Michael,2025-08,MONTHLY,Statistik Zulagen (Allowances),0.0,0.0,0.0,OK,
TF09,Estermann Michael,2025-08,MONTHLY,Statistik Familienzulagen (FamilyIncomeSupplement),0.0,0.0,0.0,OK,
TF09,Estermann Michael,2025-08,MONTHLY,Statistik Leistungen Dritter (PaymentsByThird),0.0,0.0,0.0,OK,
TF09,Estermann Michael,2025-08,MONTHLY,Statistik BVG-Beitrag AN (BVG-LPP-RegularContribution),0.0,-0.0,0.0,OK,
TF10,Ganz Heinz,2025-08,MONTHLY,Statistik Grundlohn (GrossBaseSalaryAndRegularAllowance),6400.0,6400.0,0.0,OK,
TF10,Ganz Heinz,2025-08,MONTHLY,Statistik Zulagen (Allowances),0.0,0.0,0.0,OK,
TF10,Ganz Heinz,2025-08,MONTHLY,Statistik Familienzulagen (FamilyIncomeSupplement),0.0,0.0,0.0,OK,
TF10,Ganz Heinz,2025-08,MONTHLY,Statistik Leistungen Dritter (PaymentsByThird),0.0,0.0,0.0,OK,
TF10,Ganz Heinz,2025-08,MONTHLY,Statistik BVG-Beitrag AN (BVG-LPP-RegularContribution),-448.0,-448.0,0.0,OK,
TF11,Bosshard Peter,2025-08,MONTHLY,Statistik Grundlohn (GrossBaseSalaryAndRegularAllowance),30500.0,31950.0,-1450.0,DIFF,
TF11,Bosshard Peter,2025-08,MONTHLY,Statistik Zulagen (Allowances),0.0,0.0,0.0,OK,
TF11,Bosshard Peter,2025-08,MONTHLY,Statistik Familienzulagen (FamilyIncomeSupplement),475.0,475.0,0.0,OK,
TF11,Bosshard Peter,2025-08,MONTHLY,Statistik Leistungen Dritter (PaymentsByThird),0.0,0.0,0.0,OK,
TF11,Bosshard Peter,2025-08,MONTHLY,Statistik BVG-Beitrag AN (BVG-LPP-RegularContribution),-2469.83,-2469.83,0.0,OK,
TF12,Casanova Renato,2025-08,MONTHLY,Statistik Grundlohn (GrossBaseSalaryAndRegularAllowance),12000.0,12850.0,-850.0,DIFF,
TF12,Casanova Renato,2025-08,MONTHLY,Statistik Zulagen (Allowances),0.0,0.0,0.0,OK,
TF12,Casanova Renato,2025-08,MONTHLY,Statistik Familienzulagen (FamilyIncomeSupplement),0.0,0.0,0.0,OK,
TF12,Casanova Renato,2025-08,MONTHLY,Statistik Leistungen Dritter (PaymentsByThird),0.0,0.0,0.0,OK,
TF12,Casanova Renato,2025-08,MONTHLY,Statistik BVG-Beitrag AN (BVG-LPP-RegularContribution),-899.5,-899.5,0.0,OK,
TF13,Combertaldi Renato,2025-08,MONTHLY,Statistik Grundlohn (GrossBaseSalaryAndRegularAllowance),2200.0,2200.0,0.0,OK,
TF13,Combertaldi Renato,2025-08,MONTHLY,Statistik Zulagen (Allowances),0.0,0.0,0.0,OK,
TF13,Combertaldi Renato,2025-08,MONTHLY,Statistik Familienzulagen (FamilyIncomeSupplement),0.0,0.0,0.0,OK,
TF13,Combertaldi Renato,2025-08,MONTHLY,Statistik Leistungen Dritter (PaymentsByThird),0.0,0.0,0.0,OK,
TF13,Combertaldi Renato,2025-08,MONTHLY,Statistik BVG-Beitrag AN (BVG-LPP-RegularContribution),0.0,-0.0,0.0,OK,
TF14,Egli Anna,2025-08,MONTHLY,Statistik Grundlohn (GrossBaseSalaryAndRegularAllowance),4774.05,4774.05,0.0,OK,
TF14,Egli Anna,2025-08,MONTHLY,Statistik Zulagen (Allowances),0.0,0.0,0.0,OK,
TF14,Egli Anna,2025-08,MONTHLY,Statistik Familienzulagen (FamilyIncomeSupplement),0.0,0.0,0.0,OK,
TF14,Egli Anna,2025-08,MONTHLY,Statistik Leistungen Dritter (PaymentsByThird),0.0,0.0,0.0,OK,
TF14,Egli Anna,2025-08,MONTHLY,Statistik BVG-Beitrag AN (BVG-LPP-RegularContribution),0.0,-0.0,0.0,OK,
TF17,Binggeli Fritz,2025-08,MONTHLY,Statistik Grundlohn (GrossBaseSalaryAndRegularAllowance),4550.0,4550.0,0.0,OK,
TF17,Binggeli Fritz,2025-08,MONTHLY,Statistik Zulagen (Allowances),0.0,0.0,0.0,OK,
TF17,Binggeli Fritz,2025-08,MONTHLY,Statistik Familienzulagen (FamilyIncomeSupplement),0.0,0.0,0.0,OK,
TF17,Binggeli Fritz,2025-08,MONTHLY,Statistik Leistungen Dritter (PaymentsByThird),0.0,0.0,0.0,OK,
TF17,Binggeli Fritz,2025-08,MONTHLY,Statistik BVG-Beitrag AN (BVG-LPP-RegularContribution),-318.5,-318.5,0.0,OK,
TF17,Binggeli Fritz,2025-08,MONTHLY,QST steuerbarer Lohn TI A0N (TaxableEarning),4550.0,4550.0,0.0,OK,"Satz-Lohn 6500.00, QST 495.95"
TF18,Blanc Pierre,2025-08,MONTHLY,Statistik Grundlohn (GrossBaseSalaryAndRegularAllowance),1179.45,1179.45,0.0,OK,
TF18,Blanc Pierre,2025-08,MONTHLY,Statistik Zulagen (Allowances),0.0,0.0,0.0,OK,
TF18,Blanc Pierre,2025-08,MONTHLY,Statistik Familienzulagen (FamilyIncomeSupplement),0.0,0.0,0.0,OK,
TF18,Blanc Pierre,2025-08,MONTHLY,Statistik Leistungen Dritter (PaymentsByThird),0.0,0.0,0.0,OK,
TF18,Blanc Pierre,2025-08,MONTHLY,Statistik BVG-Beitrag AN (BVG-LPP-RegularContribution),-76.44,-76.44,0.0,OK,
TF18,Blanc Pierre,2025-08,MONTHLY,QST steuerbarer Lohn BE B0Y (TaxableEarning),1179.45,1179.45,0.0,OK,"Satz-Lohn 4859.35, QST 80.30"
TF19,Andrey Melanie,2025-08,MONTHLY,Statistik Grundlohn (GrossBaseSalaryAndRegularAllowance),2600.0,2600.0,0.0,OK,
TF19,Andrey Melanie,2025-08,MONTHLY,Statistik Zulagen (Allowances),0.0,0.0,0.0,OK,
TF19,Andrey Melanie,2025-08,MONTHLY,Statistik Familienzulagen (FamilyIncomeSupplement),0.0,0.0,0.0,OK,
TF19,Andrey Melanie,2025-08,MONTHLY,Statistik Leistungen Dritter (PaymentsByThird),0.0,0.0,0.0,OK,
TF19,Andrey Melanie,2025-08,MONTHLY,Statistik BVG-Beitrag AN (BVG-LPP-RegularContribution),-197.16,-197.16,0.0,OK,
TF19,Andrey Melanie,2025-08,MONTHLY,QST steuerbarer Lohn TI A0N (TaxableEarning),2600.0,2600.0,0.0,OK,"Satz-Lohn 3380.00, QST 52.00"
TF22,Bucher Elisabeth,2025-08,MONTHLY,Statistik Grundlohn (GrossBaseSalaryAndRegularAllowance),4521.3,4521.3,0.0,OK,
TF22,Bucher Elisabeth,2025-08,MONTHLY,Statistik Zulagen (Allowances),0.0,0.0,0.0,OK,
TF22,Bucher Elisabeth,2025-08,MONTHLY,Statistik Familienzulagen (FamilyIncomeSupplement),0.0,0.0,0.0,OK,
TF22,Bucher Elisabeth,2025-08,MONTHLY,Statistik Leistungen Dritter (PaymentsByThird),0.0,0.0,0.0,OK,
TF22,Bucher Elisabeth,2025-08,MONTHLY,Statistik BVG-Beitrag AN (BVG-LPP-RegularContribution),-320.83,-320.83,0.0,OK,
TF22,Bucher Elisabeth,2025-08,MONTHLY,QST steuerbarer Lohn TI C0N (TaxableEarning),4521.3,4521.3,0.0,OK,"Satz-Lohn 4816.15, QST 309.60"
TF23,Koller Ludwig,2025-08,MONTHLY,Statistik Grundlohn (GrossBaseSalaryAndRegularAllowance),5000.0,5000.0,0.0,OK,
TF23,Koller Ludwig,2025-08,MONTHLY,Statistik Zulagen (Allowances),0.0,0.0,0.0,OK,
TF23,Koller Ludwig,2025-08,MONTHLY,Statistik Familienzulagen (FamilyIncomeSupplement),0.0,0.0,0.0,OK,
TF23,Koller Ludwig,2025-08,MONTHLY,Statistik Leistungen Dritter (PaymentsByThird),0.0,0.0,0.0,OK,
TF23,Koller Ludwig,2025-08,MONTHLY,Statistik BVG-Beitrag AN (BVG-LPP-RegularContribution),-379.16,-379.16,0.0,OK,
TF23,Koller Ludwig,2025-08,MONTHLY,QST steuerbarer Lohn TI B0N (TaxableEarning),5000.0,5000.0,0.0,OK,"Satz-Lohn 7500.00, QST 375.00"
TF24,Utzinger Jan,2025-08,MONTHLY,Statistik Grundlohn (GrossBaseSalaryAndRegularAllowance),11000.0,11000.0,0.0,OK,
TF24,Utzinger Jan,2025-08,MONTHLY,Statistik Zulagen (Allowances),0.0,0.0,0.0,OK,
TF24,Utzinger Jan,2025-08,MONTHLY,Statistik Familienzulagen (FamilyIncomeSupplement),0.0,0.0,0.0,OK,
TF24,Utzinger Jan,2025-08,MONTHLY,Statistik Leistungen Dritter (PaymentsByThird),0.0,0.0,0.0,OK,
TF24,Utzinger Jan,2025-08,MONTHLY,Statistik BVG-Beitrag AN (BVG-LPP-RegularContribution),-834.17,-834.17,0.0,OK,
TF24,Utzinger Jan,2025-08,MONTHLY,QST steuerbarer Lohn TI B0N (TaxableEarning),11000.0,11000.0,0.0,OK,"Satz-Lohn 8750.00, QST 1237.00"
TF27,Rast Eva,2025-08,MONTHLY,Statistik Grundlohn (GrossBaseSalaryAndRegularAllowance),10000.0,10000.0,0.0,OK,
TF27,Rast Eva,2025-08,MONTHLY,Statistik Zulagen (Allowances),0.0,0.0,0.0,OK,
TF27,Rast Eva,2025-08,MONTHLY,Statistik Familienzulagen (FamilyIncomeSupplement),0.0,0.0,0.0,OK,
TF27,Rast Eva,2025-08,MONTHLY,Statistik Leistungen Dritter (PaymentsByThird),0.0,0.0,0.0,OK,
TF27,Rast Eva,2025-08,MONTHLY,Statistik BVG-Beitrag AN (BVG-LPP-RegularContribution),-800.0,-800.0,0.0,OK,
TF27,Rast Eva,2025-08,MONTHLY,QST steuerbarer Lohn BE L0N (TaxableEarning),10000.0,10000.0,0.0,OK,"Satz-Lohn 10000.00, QST 450.00"
TF28,Arbenz Esther,2025-08,MONTHLY,Statistik Grundlohn (GrossBaseSalaryAndRegularAllowance),6000.0,6000.0,0.0,OK,
TF28,Arbenz Esther,2025-08,MONTHLY,Statistik Zulagen (Allowances),0.0,0.0,0.0,OK,
TF28,Arbenz Esther,2025-08,MONTHLY,Statistik Familienzulagen (FamilyIncomeSupplement),0.0,0.0,0.0,OK,
TF28,Arbenz Esther,2025-08,MONTHLY,Statistik Leistungen Dritter (PaymentsByThird),0.0,0.0,0.0,OK,
TF28,Arbenz Esther,2025-08,MONTHLY,Statistik BVG-Beitrag AN (BVG-LPP-RegularContribution),-520.0,-520.0,0.0,OK,
TF28,Arbenz Esther,2025-08,MONTHLY,QST steuerbarer Lohn BE A0Y (TaxableEarning),3900.0,6000.0,-2100.0,DIFF,"Satz-Lohn 8000.00, QST 571.75"
TF29,Forster Moreno,2025-08,MONTHLY,Statistik Grundlohn (GrossBaseSalaryAndRegularAllowance),6000.0,6000.0,0.0,OK,
TF29,Forster Moreno,2025-08,MONTHLY,Statistik Zulagen (Allowances),0.0,0.0,0.0,OK,
TF29,Forster Moreno,2025-08,MONTHLY,Statistik Familienzulagen (FamilyIncomeSupplement),0.0,0.0,0.0,OK,
TF29,Forster Moreno,2025-08,MONTHLY,Statistik Leistungen Dritter (PaymentsByThird),0.0,0.0,0.0,OK,
TF29,Forster Moreno,2025-08,MONTHLY,Statistik BVG-Beitrag AN (BVG-LPP-RegularContribution),-455.0,-455.0,0.0,OK,
TF29,Forster Moreno,2025-08,MONTHLY,QST steuerbarer Lohn TI A0N (TaxableEarning),3900.0,6000.0,-2100.0,DIFF,"Satz-Lohn 9666.65, QST 569.40"
TF30,Müller Heinrich,2025-08,MONTHLY,Statistik Grundlohn (GrossBaseSalaryAndRegularAllowance),5500.0,5500.0,0.0,OK,
TF30,Müller Heinrich,2025-08,MONTHLY,Statistik Zulagen (Allowances),0.0,0.0,0.0,OK,
TF30,Müller Heinrich,2025-08,MONTHLY,Statistik Familienzulagen (FamilyIncomeSupplement),0.0,0.0,0.0,OK,
TF30,Müller Heinrich,2025-08,MONTHLY,Statistik Leistungen Dritter (PaymentsByThird),0.0,0.0,0.0,OK,
TF30,Müller Heinrich,2025-08,MONTHLY,Statistik BVG-Beitrag AN (BVG-LPP-RegularContribution),-440.0,-440.0,0.0,OK,
TF30,Müller Heinrich,2025-08,MONTHLY,QST steuerbarer Lohn BE A0Y (TaxableEarning),5500.0,5500.0,0.0,OK,"Satz-Lohn 5500.00, QST 651.75"
TF31,Bolletto Franca,2025-08,MONTHLY,Statistik Grundlohn (GrossBaseSalaryAndRegularAllowance),5000.0,5000.0,0.0,OK,
TF31,Bolletto Franca,2025-08,MONTHLY,Statistik Zulagen (Allowances),0.0,0.0,0.0,OK,
TF31,Bolletto Franca,2025-08,MONTHLY,Statistik Familienzulagen (FamilyIncomeSupplement),0.0,0.0,0.0,OK,
TF31,Bolletto Franca,2025-08,MONTHLY,Statistik Leistungen Dritter (PaymentsByThird),0.0,0.0,0.0,OK,
TF31,Bolletto Franca,2025-08,MONTHLY,Statistik BVG-Beitrag AN (BVG-LPP-RegularContribution),-325.0,-325.0,0.0,OK,
TF31,Bolletto Franca,2025-08,MONTHLY,QST steuerbarer Lohn VD B0N (TaxableEarning),5000.0,5000.0,0.0,OK,"Satz-Lohn 5000.00, QST 117.00"
TF33,Châtelain Pierre,2025-08,MONTHLY,Statistik Grundlohn (GrossBaseSalaryAndRegularAllowance),5000.0,5000.0,0.0,OK,
TF33,Châtelain Pierre,2025-08,MONTHLY,Statistik Zulagen (Allowances),0.0,0.0,0.0,OK,
TF33,Châtelain Pierre,2025-08,MONTHLY,Statistik Familienzulagen (FamilyIncomeSupplement),250.0,250.0,0.0,OK,
TF33,Châtelain Pierre,2025-08,MONTHLY,Statistik Leistungen Dritter (PaymentsByThird),0.0,0.0,0.0,OK,
TF33,Châtelain Pierre,2025-08,MONTHLY,Statistik BVG-Beitrag AN (BVG-LPP-RegularContribution),-379.17,-379.17,0.0,OK,
TF33,Châtelain Pierre,2025-08,MONTHLY,QST steuerbarer Lohn BE B1Y (TaxableEarning),5250.0,5250.0,0.0,OK,"Satz-Lohn 5250.00, QST 224.70"
TF34,Rinaldi Massimo,2025-08,MONTHLY,Statistik Grundlohn (GrossBaseSalaryAndRegularAllowance),5000.0,5000.0,0.0,OK,
TF34,Rinaldi Massimo,2025-08,MONTHLY,Statistik Zulagen (Allowances),0.0,0.0,0.0,OK,
TF34,Rinaldi Massimo,2025-08,MONTHLY,Statistik Familienzulagen (FamilyIncomeSupplement),215.0,215.0,0.0,OK,
TF34,Rinaldi Massimo,2025-08,MONTHLY,Statistik Leistungen Dritter (PaymentsByThird),0.0,0.0,0.0,OK,
TF34,Rinaldi Massimo,2025-08,MONTHLY,Statistik BVG-Beitrag AN (BVG-LPP-RegularContribution),0.0,-0.0,0.0,OK,
TF34,Rinaldi Massimo,2025-08,MONTHLY,QST steuerbarer Lohn TI B1N (TaxableEarning),5215.0,5215.0,0.0,OK,"Satz-Lohn 5107.50, QST 119.10"
TF35,Roos Roland,2025-08,MONTHLY,Statistik Grundlohn (GrossBaseSalaryAndRegularAllowance),5000.0,5000.0,0.0,OK,
TF35,Roos Roland,2025-08,MONTHLY,Statistik Zulagen (Allowances),0.0,0.0,0.0,OK,
TF35,Roos Roland,2025-08,MONTHLY,Statistik Familienzulagen (FamilyIncomeSupplement),0.0,0.0,0.0,OK,
TF35,Roos Roland,2025-08,MONTHLY,Statistik Leistungen Dritter (PaymentsByThird),0.0,0.0,0.0,OK,
TF35,Roos Roland,2025-08,MONTHLY,Statistik BVG-Beitrag AN (BVG-LPP-RegularContribution),-379.17,-379.17,0.0,OK,
TF35,Roos Roland,2025-08,MONTHLY,QST steuerbarer Lohn TI B0N (TaxableEarning),5000.0,5000.0,0.0,OK,"Satz-Lohn 7500.00, QST 375.00"
TF36,Maldini Fabio,2025-08,MONTHLY,Statistik Grundlohn (GrossBaseSalaryAndRegularAllowance),5000.0,5000.0,0.0,OK,
TF36,Maldini Fabio,2025-08,MONTHLY,Statistik Zulagen (Allowances),0.0,0.0,0.0,OK,
TF36,Maldini Fabio,2025-08,MONTHLY,Statistik Familienzulagen (FamilyIncomeSupplement),0.0,0.0,0.0,OK,
TF36,Maldini Fabio,2025-08,MONTHLY,Statistik Leistungen Dritter (PaymentsByThird),0.0,0.0,0.0,OK,
TF36,Maldini Fabio,2025-08,MONTHLY,Statistik BVG-Beitrag AN (BVG-LPP-RegularContribution),-433.33,-433.33,0.0,OK,
TF36,Maldini Fabio,2025-08,MONTHLY,QST steuerbarer Lohn BE C0Y (TaxableEarning),5000.0,5000.0,0.0,OK,"Satz-Lohn 5000.00, QST 550.00"
TF38,Jung Claude,2025-08,MONTHLY,Statistik Grundlohn (GrossBaseSalaryAndRegularAllowance),3000.0,3000.0,0.0,OK,
TF38,Jung Claude,2025-08,MONTHLY,Statistik Zulagen (Allowances),0.0,0.0,0.0,OK,
TF38,Jung Claude,2025-08,MONTHLY,Statistik Familienzulagen (FamilyIncomeSupplement),0.0,0.0,0.0,OK,
TF38,Jung Claude,2025-08,MONTHLY,Statistik Leistungen Dritter (PaymentsByThird),0.0,0.0,0.0,OK,
TF38,Jung Claude,2025-08,MONTHLY,Statistik BVG-Beitrag AN (BVG-LPP-RegularContribution),-393.33,-393.33,0.0,OK,
TF38,Jung Claude,2025-08,MONTHLY,QST steuerbarer Lohn BE A0Y (TaxableEarning),3000.0,3000.0,0.0,OK,"Satz-Lohn 3000.00, QST 171.60"
TF39,Hasler Harald,2025-08,MONTHLY,Statistik Grundlohn (GrossBaseSalaryAndRegularAllowance),0.0,0.0,0.0,OK,
TF39,Hasler Harald,2025-08,MONTHLY,Statistik Zulagen (Allowances),0.0,0.0,0.0,OK,
TF39,Hasler Harald,2025-08,MONTHLY,Statistik Familienzulagen (FamilyIncomeSupplement),0.0,0.0,0.0,OK,
TF39,Hasler Harald,2025-08,MONTHLY,Statistik Leistungen Dritter (PaymentsByThird),0.0,0.0,0.0,OK,
TF39,Hasler Harald,2025-08,MONTHLY,Statistik BVG-Beitrag AN (BVG-LPP-RegularContribution),0.0,-0.0,0.0,OK,
TF39,Hasler Harald,2025-08,MONTHLY,QST steuerbarer Lohn BE None (TaxableEarning),0.0,0.0,0.0,OK,"Satz-Lohn 0.00, QST 0.00"
TF44,Lusser Hans,2025-08,MONTHLY,Statistik Grundlohn (GrossBaseSalaryAndRegularAllowance),1500.0,1500.0,0.0,OK,
TF44,Lusser Hans,2025-08,MONTHLY,Statistik Zulagen (Allowances),0.0,0.0,0.0,OK,
TF44,Lusser Hans,2025-08,MONTHLY,Statistik Familienzulagen (FamilyIncomeSupplement),0.0,0.0,0.0,OK,
TF44,Lusser Hans,2025-08,MONTHLY,Statistik Leistungen Dritter (PaymentsByThird),28000.0,0.0,28000.0,DIFF,
TF44,Lusser Hans,2025-08,MONTHLY,Statistik BVG-Beitrag AN (BVG-LPP-RegularContribution),0.0,-0.0,0.0,OK,
TF01,Herz Monica,2025-09,RETRO,AHV-Basis (AHV-AVS-BaseSalary),35359.3,35359.3,0.0,OK,
TF01,Herz Monica,2025-09,RETRO,FAK-Basis (FAK-CAF-ContributorySalary),35359.3,35359.3,0.0,OK,
TF01,Herz Monica,2025-09,RETRO,FAK Kinderzulagen wiederkehrend (3000),0.0,0.0,0.0,OK,
TF01,Herz Monica,2025-09,RETRO,FAK Zulagen einmalig (3001+3034),0.0,0.0,0.0,OK,
TF01,Herz Monica,2025-09,RETRO,UVG-Bruttolohn (UVG-LAA-GrossSalary),39359.3,39359.3,0.0,OK,
TF01,Herz Monica,2025-09,RETRO,UVG-Basis (UVG-LAA-BaseSalary),32859.3,32859.3,0.0,OK,
TF01,Herz Monica,2025-09,RETRO,UVGZ-Basis (UVGZ-LAAC-BaseSalary),32859.3,32859.3,0.0,OK,
TF01,Herz Monica,2025-09,RETRO,KTG-Referenzlohn (Reference-AHV-AVS-Salary),35359.3,35359.3,0.0,OK,
TF01,Herz Monica,2025-09,RETRO,"Lohnausweis Bruttolohn (GrossIncome, Ziff. 8)",39359.3,39359.3,0.0,OK,
TF01,Herz Monica,2025-09,RETRO,Lohnausweis BVG ordentlich (Ziff. 10.1 = 5050+1972),2205.0,2205.0,0.0,OK,
TF02,Paganini Maria,2025-09,RETRO,AHV-Basis (AHV-AVS-BaseSalary),47701.1,47701.1,0.0,OK,
TF02,Paganini Maria,2025-09,RETRO,FAK-Basis (FAK-CAF-ContributorySalary),47701.1,47701.1,0.0,OK,
TF02,Paganini Maria,2025-09,RETRO,FAK Kinderzulagen wiederkehrend (3000),1935.0,1935.0,0.0,OK,
TF02,Paganini Maria,2025-09,RETRO,FAK Zulagen einmalig (3001+3034),0.0,0.0,0.0,OK,
TF02,Paganini Maria,2025-09,RETRO,UVG-Bruttolohn (UVG-LAA-GrossSalary),48436.1,48436.1,0.0,OK,
TF02,Paganini Maria,2025-09,RETRO,UVG-Basis (UVG-LAA-BaseSalary),47701.1,47701.1,0.0,OK,
TF02,Paganini Maria,2025-09,RETRO,UVGZ-Basis (UVGZ-LAAC-BaseSalary),47701.1,47701.1,0.0,OK,
TF02,Paganini Maria,2025-09,RETRO,KTG-Referenzlohn (Reference-AHV-AVS-Salary),47701.1,47701.1,0.0,OK,
TF02,Paganini Maria,2025-09,RETRO,"Lohnausweis Bruttolohn (GrossIncome, Ziff. 8)",48436.1,48436.1,0.0,OK,
TF02,Paganini Maria,2025-09,RETRO,Lohnausweis BVG ordentlich (Ziff. 10.1 = 5050+1972),3674.95,3674.97,-0.02,OK,
TF03,Lusser Pia,2025-09,RETRO,FAK-Basis (FAK-CAF-ContributorySalary),68300.0,73900.0,-5600.0,DIFF,
TF03,Lusser Pia,2025-09,RETRO,FAK Kinderzulagen wiederkehrend (3000),0.0,0.0,0.0,OK,
TF03,Lusser Pia,2025-09,RETRO,FAK Zulagen einmalig (3001+3034),0.0,0.0,0.0,OK,
TF03,Lusser Pia,2025-09,RETRO,UVG-Bruttolohn (UVG-LAA-GrossSalary),79900.0,79900.0,0.0,OK,
TF03,Lusser Pia,2025-09,RETRO,UVG-Basis (UVG-LAA-BaseSalary),73900.0,73900.0,0.0,OK,
TF03,Lusser Pia,2025-09,RETRO,UVGZ-Basis (UVGZ-LAAC-BaseSalary),73900.0,73900.0,0.0,OK,
TF03,Lusser Pia,2025-09,RETRO,KTG-Referenzlohn (Reference-AHV-AVS-Salary),73900.0,73900.0,0.0,OK,
TF03,Lusser Pia,2025-09,RETRO,"Lohnausweis Bruttolohn (GrossIncome, Ziff. 8)",79900.0,79900.0,0.0,OK,
TF03,Lusser Pia,2025-09,RETRO,Lohnausweis BVG ordentlich (Ziff. 10.1 = 5050+1972),1925.0,1925.0,0.0,OK,
TF04,Fankhauser Markus,2025-09,RETRO,AHV-Basis (AHV-AVS-BaseSalary),270000.0,270000.0,0.0,OK,
TF04,Fankhauser Markus,2025-09,RETRO,FAK-Basis (FAK-CAF-ContributorySalary),270000.0,270000.0,0.0,OK,
TF04,Fankhauser Markus,2025-09,RETRO,FAK Kinderzulagen wiederkehrend (3000),0.0,0.0,0.0,OK,
TF04,Fankhauser Markus,2025-09,RETRO,FAK Zulagen einmalig (3001+3034),0.0,0.0,0.0,OK,
TF04,Fankhauser Markus,2025-09,RETRO,UVG-Bruttolohn (UVG-LAA-GrossSalary),270000.0,270000.0,0.0,OK,
TF04,Fankhauser Markus,2025-09,RETRO,UVG-Basis (UVG-LAA-BaseSalary),270000.0,270000.0,0.0,OK,
TF04,Fankhauser Markus,2025-09,RETRO,UVGZ-Basis (UVGZ-LAAC-BaseSalary),270000.0,270000.0,0.0,OK,
TF04,Fankhauser Markus,2025-09,RETRO,KTG-Referenzlohn (Reference-AHV-AVS-Salary),270000.0,270000.0,0.0,OK,
TF04,Fankhauser Markus,2025-09,RETRO,"Lohnausweis Bruttolohn (GrossIncome, Ziff. 8)",270000.0,270000.0,0.0,OK,
TF04,Fankhauser Markus,2025-09,RETRO,Lohnausweis BVG ordentlich (Ziff. 10.1 = 5050+1972),25200.0,25200.0,0.0,OK,
TF05,Moser Johann,2025-09,RETRO,FAK-Basis (FAK-CAF-ContributorySalary),5400.0,12150.0,-6750.0,DIFF,
TF05,Moser Johann,2025-09,RETRO,FAK Kinderzulagen wiederkehrend (3000),0.0,0.0,0.0,OK,
TF05,Moser Johann,2025-09,RETRO,FAK Zulagen einmalig (3001+3034),0.0,0.0,0.0,OK,
TF05,Moser Johann,2025-09,RETRO,UVG-Bruttolohn (UVG-LAA-GrossSalary),12150.0,12150.0,0.0,OK,
TF05,Moser Johann,2025-09,RETRO,UVG-Basis (UVG-LAA-BaseSalary),12150.0,12150.0,0.0,OK,
TF05,Moser Johann,2025-09,RETRO,UVGZ-Basis (UVGZ-LAAC-BaseSalary),12150.0,12150.0,0.0,OK,
TF05,Moser Johann,2025-09,RETRO,KTG-Referenzlohn (Reference-AHV-AVS-Salary),12150.0,12150.0,0.0,OK,
TF05,Moser Johann,2025-09,RETRO,"Lohnausweis Bruttolohn (GrossIncome, Ziff. 8)",12150.0,12150.0,0.0,OK,
TF05,Moser Johann,2025-09,RETRO,Lohnausweis BVG ordentlich (Ziff. 10.1 = 5050+1972),468.0,468.0,0.0,OK,
TF06,Zahnd Anita,2025-09,RETRO,AHV-Basis (AHV-AVS-BaseSalary),121500.0,121500.0,0.0,OK,
TF06,Zahnd Anita,2025-09,RETRO,FAK-Basis (FAK-CAF-ContributorySalary),121500.0,121500.0,0.0,OK,
TF06,Zahnd Anita,2025-09,RETRO,FAK Kinderzulagen wiederkehrend (3000),0.0,0.0,0.0,OK,
TF06,Zahnd Anita,2025-09,RETRO,FAK Zulagen einmalig (3001+3034),0.0,0.0,0.0,OK,
TF06,Zahnd Anita,2025-09,RETRO,UVG-Bruttolohn (UVG-LAA-GrossSalary),121500.0,121500.0,0.0,OK,
TF06,Zahnd Anita,2025-09,RETRO,UVG-Basis (UVG-LAA-BaseSalary),121500.0,121500.0,0.0,OK,
TF06,Zahnd Anita,2025-09,RETRO,UVGZ-Basis (UVGZ-LAAC-BaseSalary),121500.0,121500.0,0.0,OK,
TF06,Zahnd Anita,2025-09,RETRO,KTG-Referenzlohn (Reference-AHV-AVS-Salary),121500.0,121500.0,0.0,OK,
TF06,Zahnd Anita,2025-09,RETRO,"Lohnausweis Bruttolohn (GrossIncome, Ziff. 8)",121500.0,121500.0,0.0,OK,
TF06,Zahnd Anita,2025-09,RETRO,Lohnausweis BVG ordentlich (Ziff. 10.1 = 5050+1972),9720.0,9720.0,0.0,OK,
TF07,Burri Heidi,2025-09,RETRO,AHV-Basis (AHV-AVS-BaseSalary),5500.0,5500.0,0.0,OK,
TF07,Burri Heidi,2025-09,RETRO,FAK-Basis (FAK-CAF-ContributorySalary),5500.0,5500.0,0.0,OK,
TF07,Burri Heidi,2025-09,RETRO,FAK Kinderzulagen wiederkehrend (3000),0.0,0.0,0.0,OK,
TF07,Burri Heidi,2025-09,RETRO,FAK Zulagen einmalig (3001+3034),0.0,0.0,0.0,OK,
TF07,Burri Heidi,2025-09,RETRO,UVG-Bruttolohn (UVG-LAA-GrossSalary),15000.0,15000.0,0.0,OK,
TF07,Burri Heidi,2025-09,RETRO,UVG-Basis (UVG-LAA-BaseSalary),5500.0,5500.0,0.0,OK,
TF07,Burri Heidi,2025-09,RETRO,UVGZ-Basis (UVGZ-LAAC-BaseSalary),5500.0,5500.0,0.0,OK,
TF07,Burri Heidi,2025-09,RETRO,KTG-Referenzlohn (Reference-AHV-AVS-Salary),5500.0,5500.0,0.0,OK,
TF07,Burri Heidi,2025-09,RETRO,"Lohnausweis Bruttolohn (GrossIncome, Ziff. 8)",15000.0,15000.0,0.0,OK,
TF07,Burri Heidi,2025-09,RETRO,Lohnausweis BVG ordentlich (Ziff. 10.1 = 5050+1972),0.0,0.0,0.0,OK,
TF08,Lamon René,2025-09,RETRO,AHV-Basis (AHV-AVS-BaseSalary),91350.95,91350.95,0.0,OK,
TF08,Lamon René,2025-09,RETRO,FAK-Basis (FAK-CAF-ContributorySalary),91350.95,91350.95,0.0,OK,
TF08,Lamon René,2025-09,RETRO,FAK Kinderzulagen wiederkehrend (3000),2250.0,2250.0,0.0,OK,
TF08,Lamon René,2025-09,RETRO,FAK Zulagen einmalig (3001+3034),0.0,0.0,0.0,OK,
TF08,Lamon René,2025-09,RETRO,UVG-Bruttolohn (UVG-LAA-GrossSalary),93600.95,93600.95,0.0,OK,
TF08,Lamon René,2025-09,RETRO,UVG-Basis (UVG-LAA-BaseSalary),91350.95,91350.95,0.0,OK,
TF08,Lamon René,2025-09,RETRO,UVGZ-Basis (UVGZ-LAAC-BaseSalary),91350.95,91350.95,0.0,OK,
TF08,Lamon René,2025-09,RETRO,KTG-Referenzlohn (Reference-AHV-AVS-Salary),91350.95,91350.95,0.0,OK,
TF08,Lamon René,2025-09,RETRO,"Lohnausweis Bruttolohn (GrossIncome, Ziff. 8)",93600.95,93600.95,0.0,OK,
TF08,Lamon René,2025-09,RETRO,Lohnausweis BVG ordentlich (Ziff. 10.1 = 5050+1972),6612.5,6612.51,-0.01,OK,
TF09,Estermann Michael,2025-09,RETRO,FAK-Basis (FAK-CAF-ContributorySalary),40400.0,53000.0,-12600.0,DIFF,
TF09,Estermann Michael,2025-09,RETRO,FAK Kinderzulagen wiederkehrend (3000),0.0,0.0,0.0,OK,
TF09,Estermann Michael,2025-09,RETRO,FAK Zulagen einmalig (3001+3034),0.0,0.0,0.0,OK,
TF09,Estermann Michael,2025-09,RETRO,UVG-Bruttolohn (UVG-LAA-GrossSalary),53000.0,53000.0,0.0,OK,
TF09,Estermann Michael,2025-09,RETRO,UVG-Basis (UVG-LAA-BaseSalary),53000.0,53000.0,0.0,OK,
TF09,Estermann Michael,2025-09,RETRO,UVGZ-Basis (UVGZ-LAAC-BaseSalary),53000.0,53000.0,0.0,OK,
TF09,Estermann Michael,2025-09,RETRO,KTG-Referenzlohn (Reference-AHV-AVS-Salary),53000.0,53000.0,0.0,OK,
TF09,Estermann Michael,2025-09,RETRO,"Lohnausweis Bruttolohn (GrossIncome, Ziff. 8)",53000.0,53000.0,0.0,OK,
TF09,Estermann Michael,2025-09,RETRO,Lohnausweis BVG ordentlich (Ziff. 10.1 = 5050+1972),0.0,0.0,0.0,OK,
TF10,Ganz Heinz,2025-09,RETRO,AHV-Basis (AHV-AVS-BaseSalary),77700.0,77700.0,0.0,OK,
TF10,Ganz Heinz,2025-09,RETRO,FAK-Basis (FAK-CAF-ContributorySalary),77700.0,77700.0,0.0,OK,
TF10,Ganz Heinz,2025-09,RETRO,FAK Kinderzulagen wiederkehrend (3000),0.0,0.0,0.0,OK,
TF10,Ganz Heinz,2025-09,RETRO,FAK Zulagen einmalig (3001+3034),0.0,0.0,0.0,OK,
TF10,Ganz Heinz,2025-09,RETRO,UVG-Bruttolohn (UVG-LAA-GrossSalary),81600.0,81600.0,0.0,OK,
TF10,Ganz Heinz,2025-09,RETRO,UVG-Basis (UVG-LAA-BaseSalary),76700.0,76700.0,0.0,OK,
TF10,Ganz Heinz,2025-09,RETRO,UVGZ-Basis (UVGZ-LAAC-BaseSalary),76700.0,76700.0,0.0,OK,
TF10,Ganz Heinz,2025-09,RETRO,KTG-Referenzlohn (Reference-AHV-AVS-Salary),77700.0,77700.0,0.0,OK,
TF10,Ganz Heinz,2025-09,RETRO,"Lohnausweis Bruttolohn (GrossIncome, Ziff. 8)",81600.0,81600.0,0.0,OK,
TF10,Ganz Heinz,2025-09,RETRO,Lohnausweis BVG ordentlich (Ziff. 10.1 = 5050+1972),3584.0,3584.0,0.0,OK,
TF11,Bosshard Peter,2025-09,RETRO,AHV-Basis (AHV-AVS-BaseSalary),204150.0,204150.0,0.0,OK,
TF11,Bosshard Peter,2025-09,RETRO,FAK-Basis (FAK-CAF-ContributorySalary),204150.0,204150.0,0.0,OK,
TF11,Bosshard Peter,2025-09,RETRO,FAK Kinderzulagen wiederkehrend (3000),3845.0,3845.0,0.0,OK,
TF11,Bosshard Peter,2025-09,RETRO,FAK Zulagen einmalig (3001+3034),1000.0,1000.0,0.0,OK,
TF11,Bosshard Peter,2025-09,RETRO,UVG-Bruttolohn (UVG-LAA-GrossSalary),258995.0,258995.0,0.0,OK,
TF11,Bosshard Peter,2025-09,RETRO,UVG-Basis (UVG-LAA-BaseSalary),204150.0,204150.0,0.0,OK,
TF11,Bosshard Peter,2025-09,RETRO,UVGZ-Basis (UVGZ-LAAC-BaseSalary),408300.0,204150.0,204150.0,DIFF,
TF11,Bosshard Peter,2025-09,RETRO,KTG-Referenzlohn (Reference-AHV-AVS-Salary),408300.0,204150.0,204150.0,DIFF,
TF11,Bosshard Peter,2025-09,RETRO,"Lohnausweis Bruttolohn (GrossIncome, Ziff. 8)",258995.0,258995.0,0.0,OK,
TF11,Bosshard Peter,2025-09,RETRO,Lohnausweis BVG ordentlich (Ziff. 10.1 = 5050+1972),14201.8,14201.82,-0.02,OK,
TF11,Bosshard Peter,2025-09,RETRO,Lohnausweis BVG Einkauf (Ziff. 10.2 = 1973),5000.0,5000.0,0.0,OK,
TF12,Casanova Renato,2025-09,RETRO,AHV-Basis (AHV-AVS-BaseSalary),96400.0,96400.0,0.0,OK,
TF12,Casanova Renato,2025-09,RETRO,FAK-Basis (FAK-CAF-ContributorySalary),96400.0,96400.0,0.0,OK,
TF12,Casanova Renato,2025-09,RETRO,FAK Kinderzulagen wiederkehrend (3000),0.0,0.0,0.0,OK,
TF12,Casanova Renato,2025-09,RETRO,FAK Zulagen einmalig (3001+3034),0.0,0.0,0.0,OK,
TF12,Casanova Renato,2025-09,RETRO,UVG-Bruttolohn (UVG-LAA-GrossSalary),101400.0,101400.0,0.0,OK,
TF12,Casanova Renato,2025-09,RETRO,UVG-Basis (UVG-LAA-BaseSalary),94400.0,94400.0,0.0,OK,
TF12,Casanova Renato,2025-09,RETRO,UVGZ-Basis (UVGZ-LAAC-BaseSalary),94400.0,94400.0,0.0,OK,
TF12,Casanova Renato,2025-09,RETRO,KTG-Referenzlohn (Reference-AHV-AVS-Salary),96400.0,96400.0,0.0,OK,
TF12,Casanova Renato,2025-09,RETRO,"Lohnausweis Bruttolohn (GrossIncome, Ziff. 8)",99400.0,101400.0,-2000.0,DIFF,
TF12,Casanova Renato,2025-09,RETRO,Lohnausweis BVG ordentlich (Ziff. 10.1 = 5050+1972),7196.0,7196.0,0.0,OK,
TF13,Combertaldi Renato,2025-09,RETRO,UVG-Bruttolohn (UVG-LAA-GrossSalary),20280.0,20280.0,0.0,OK,
TF13,Combertaldi Renato,2025-09,RETRO,UVG-Basis (UVG-LAA-BaseSalary),20280.0,20280.0,0.0,OK,
TF13,Combertaldi Renato,2025-09,RETRO,UVGZ-Basis (UVGZ-LAAC-BaseSalary),20280.0,20280.0,0.0,OK,
TF13,Combertaldi Renato,2025-09,RETRO,KTG-Referenzlohn (Reference-AHV-AVS-Salary),20280.0,20280.0,0.0,OK,
TF13,Combertaldi Renato,2025-09,RETRO,"Lohnausweis Bruttolohn (GrossIncome, Ziff. 8)",20280.0,20280.0,0.0,OK,
TF13,Combertaldi Renato,2025-09,RETRO,Lohnausweis BVG ordentlich (Ziff. 10.1 = 5050+1972),0.0,0.0,0.0,OK,
TF14,Egli Anna,2025-09,RETRO,UVG-Bruttolohn (UVG-LAA-GrossSalary),34899.25,34899.25,0.0,OK,
TF14,Egli Anna,2025-09,RETRO,UVG-Basis (UVG-LAA-BaseSalary),34899.25,34899.25,0.0,OK,
TF14,Egli Anna,2025-09,RETRO,UVGZ-Basis (UVGZ-LAAC-BaseSalary),34899.25,34899.25,0.0,OK,
TF14,Egli Anna,2025-09,RETRO,KTG-Referenzlohn (Reference-AHV-AVS-Salary),34899.25,34899.25,0.0,OK,
TF14,Egli Anna,2025-09,RETRO,"Lohnausweis Bruttolohn (GrossIncome, Ziff. 8)",34899.25,34899.25,0.0,OK,
TF14,Egli Anna,2025-09,RETRO,Lohnausweis BVG ordentlich (Ziff. 10.1 = 5050+1972),0.0,0.0,0.0,OK,
TF15,Degelo Lorenz,2025-09,RETRO,AHV-Basis (AHV-AVS-BaseSalary),2800.35,2800.35,0.0,OK,
TF15,Degelo Lorenz,2025-09,RETRO,FAK-Basis (FAK-CAF-ContributorySalary),2800.35,2800.35,0.0,OK,
TF15,Degelo Lorenz,2025-09,RETRO,FAK Kinderzulagen wiederkehrend (3000),0.0,0.0,0.0,OK,
TF15,Degelo Lorenz,2025-09,RETRO,FAK Zulagen einmalig (3001+3034),0.0,0.0,0.0,OK,
TF15,Degelo Lorenz,2025-09,RETRO,UVG-Bruttolohn (UVG-LAA-GrossSalary),2800.35,2800.35,0.0,OK,
TF15,Degelo Lorenz,2025-09,RETRO,UVG-Basis (UVG-LAA-BaseSalary),2800.35,2800.35,0.0,OK,
TF15,Degelo Lorenz,2025-09,RETRO,UVGZ-Basis (UVGZ-LAAC-BaseSalary),2800.35,2800.35,0.0,OK,
TF15,Degelo Lorenz,2025-09,RETRO,KTG-Referenzlohn (Reference-AHV-AVS-Salary),2800.35,2800.35,0.0,OK,
TF15,Degelo Lorenz,2025-09,RETRO,"Lohnausweis Bruttolohn (GrossIncome, Ziff. 8)",2800.35,2800.35,0.0,OK,
TF15,Degelo Lorenz,2025-09,RETRO,Lohnausweis BVG ordentlich (Ziff. 10.1 = 5050+1972),0.0,0.0,0.0,OK,
TF16,Aebi Anna,2025-09,RETRO,FAK-Basis (FAK-CAF-ContributorySalary),30365.05,34565.05,-4200.0,DIFF,
TF16,Aebi Anna,2025-09,RETRO,FAK Kinderzulagen wiederkehrend (3000),0.0,0.0,0.0,OK,
TF16,Aebi Anna,2025-09,RETRO,FAK Zulagen einmalig (3001+3034),0.0,0.0,0.0,OK,
TF16,Aebi Anna,2025-09,RETRO,UVG-Bruttolohn (UVG-LAA-GrossSalary),34565.05,34565.05,0.0,OK,
TF16,Aebi Anna,2025-09,RETRO,UVG-Basis (UVG-LAA-BaseSalary),34565.05,34565.05,0.0,OK,
TF16,Aebi Anna,2025-09,RETRO,UVGZ-Basis (UVGZ-LAAC-BaseSalary),34565.05,34565.05,0.0,OK,
TF16,Aebi Anna,2025-09,RETRO,KTG-Referenzlohn (Reference-AHV-AVS-Salary),34565.05,34565.05,0.0,OK,
TF16,Aebi Anna,2025-09,RETRO,"Lohnausweis Bruttolohn (GrossIncome, Ziff. 8)",34565.05,34565.05,0.0,OK,
TF16,Aebi Anna,2025-09,RETRO,Lohnausweis BVG ordentlich (Ziff. 10.1 = 5050+1972),0.0,0.0,0.0,OK,
TF17,Binggeli Fritz,2025-09,RETRO,AHV-Basis (AHV-AVS-BaseSalary),40950.0,40950.0,0.0,OK,
TF17,Binggeli Fritz,2025-09,RETRO,FAK-Basis (FAK-CAF-ContributorySalary),40950.0,40950.0,0.0,OK,
TF17,Binggeli Fritz,2025-09,RETRO,FAK Kinderzulagen wiederkehrend (3000),0.0,0.0,0.0,OK,
TF17,Binggeli Fritz,2025-09,RETRO,FAK Zulagen einmalig (3001+3034),0.0,0.0,0.0,OK,
TF17,Binggeli Fritz,2025-09,RETRO,UVG-Bruttolohn (UVG-LAA-GrossSalary),40950.0,40950.0,0.0,OK,
TF17,Binggeli Fritz,2025-09,RETRO,UVG-Basis (UVG-LAA-BaseSalary),40950.0,40950.0,0.0,OK,
TF17,Binggeli Fritz,2025-09,RETRO,UVGZ-Basis (UVGZ-LAAC-BaseSalary),40950.0,40950.0,0.0,OK,
TF17,Binggeli Fritz,2025-09,RETRO,KTG-Referenzlohn (Reference-AHV-AVS-Salary),40950.0,40950.0,0.0,OK,
TF17,Binggeli Fritz,2025-09,RETRO,"Lohnausweis Bruttolohn (GrossIncome, Ziff. 8)",40950.0,40950.0,0.0,OK,
TF17,Binggeli Fritz,2025-09,RETRO,Lohnausweis BVG ordentlich (Ziff. 10.1 = 5050+1972),2866.5,2866.5,0.0,OK,
TF18,Blanc Pierre,2025-09,RETRO,AHV-Basis (AHV-AVS-BaseSalary),12384.25,12384.25,0.0,OK,
TF18,Blanc Pierre,2025-09,RETRO,FAK-Basis (FAK-CAF-ContributorySalary),12384.25,12384.25,0.0,OK,
TF18,Blanc Pierre,2025-09,RETRO,FAK Kinderzulagen wiederkehrend (3000),0.0,0.0,0.0,OK,
TF18,Blanc Pierre,2025-09,RETRO,FAK Zulagen einmalig (3001+3034),0.0,0.0,0.0,OK,
TF18,Blanc Pierre,2025-09,RETRO,UVG-Bruttolohn (UVG-LAA-GrossSalary),12384.25,12384.25,0.0,OK,
TF18,Blanc Pierre,2025-09,RETRO,UVG-Basis (UVG-LAA-BaseSalary),12384.25,12384.25,0.0,OK,
TF18,Blanc Pierre,2025-09,RETRO,UVGZ-Basis (UVGZ-LAAC-BaseSalary),12384.25,12384.25,0.0,OK,
TF18,Blanc Pierre,2025-09,RETRO,KTG-Referenzlohn (Reference-AHV-AVS-Salary),12384.25,12384.25,0.0,OK,
TF18,Blanc Pierre,2025-09,RETRO,"Lohnausweis Bruttolohn (GrossIncome, Ziff. 8)",12384.25,12384.25,0.0,OK,
TF18,Blanc Pierre,2025-09,RETRO,Lohnausweis BVG ordentlich (Ziff. 10.1 = 5050+1972),687.95,687.96,-0.01,OK,
TF19,Andrey Melanie,2025-09,RETRO,AHV-Basis (AHV-AVS-BaseSalary),23400.0,23400.0,0.0,OK,
TF19,Andrey Melanie,2025-09,RETRO,FAK-Basis (FAK-CAF-ContributorySalary),23400.0,23400.0,0.0,OK,
TF19,Andrey Melanie,2025-09,RETRO,FAK Kinderzulagen wiederkehrend (3000),0.0,0.0,0.0,OK,
TF19,Andrey Melanie,2025-09,RETRO,FAK Zulagen einmalig (3001+3034),0.0,0.0,0.0,OK,
TF19,Andrey Melanie,2025-09,RETRO,UVG-Bruttolohn (UVG-LAA-GrossSalary),23400.0,23400.0,0.0,OK,
TF19,Andrey Melanie,2025-09,RETRO,UVG-Basis (UVG-LAA-BaseSalary),23400.0,23400.0,0.0,OK,
TF19,Andrey Melanie,2025-09,RETRO,UVGZ-Basis (UVGZ-LAAC-BaseSalary),23400.0,23400.0,0.0,OK,
TF19,Andrey Melanie,2025-09,RETRO,KTG-Referenzlohn (Reference-AHV-AVS-Salary),23400.0,23400.0,0.0,OK,
TF19,Andrey Melanie,2025-09,RETRO,"Lohnausweis Bruttolohn (GrossIncome, Ziff. 8)",23400.0,23400.0,0.0,OK,
TF19,Andrey Melanie,2025-09,RETRO,Lohnausweis BVG ordentlich (Ziff. 10.1 = 5050+1972),1774.45,1774.44,0.01,OK,
TF20,Arnold Lukas,2025-09,RETRO,AHV-Basis (AHV-AVS-BaseSalary),10416.65,10416.65,0.0,OK,
TF20,Arnold Lukas,2025-09,RETRO,FAK-Basis (FAK-CAF-ContributorySalary),10416.65,10416.65,0.0,OK,
TF20,Arnold Lukas,2025-09,RETRO,FAK Kinderzulagen wiederkehrend (3000),0.0,0.0,0.0,OK,
TF20,Arnold Lukas,2025-09,RETRO,FAK Zulagen einmalig (3001+3034),0.0,0.0,0.0,OK,
TF20,Arnold Lukas,2025-09,RETRO,UVG-Bruttolohn (UVG-LAA-GrossSalary),10416.65,10416.65,0.0,OK,
TF20,Arnold Lukas,2025-09,RETRO,UVG-Basis (UVG-LAA-BaseSalary),9916.65,9916.65,0.0,OK,
TF20,Arnold Lukas,2025-09,RETRO,UVGZ-Basis (UVGZ-LAAC-BaseSalary),9916.65,9916.65,0.0,OK,
TF20,Arnold Lukas,2025-09,RETRO,KTG-Referenzlohn (Reference-AHV-AVS-Salary),10416.65,10416.65,0.0,OK,
TF20,Arnold Lukas,2025-09,RETRO,"Lohnausweis Bruttolohn (GrossIncome, Ziff. 8)",10416.65,10416.65,0.0,OK,
TF20,Arnold Lukas,2025-09,RETRO,Lohnausweis BVG ordentlich (Ziff. 10.1 = 5050+1972),520.0,519.99,0.01,OK,
TF21,Meier Christian,2025-09,RETRO,AHV-Basis (AHV-AVS-BaseSalary),10416.65,10416.65,0.0,OK,
TF21,Meier Christian,2025-09,RETRO,FAK-Basis (FAK-CAF-ContributorySalary),10416.65,10416.65,0.0,OK,
TF21,Meier Christian,2025-09,RETRO,FAK Kinderzulagen wiederkehrend (3000),0.0,0.0,0.0,OK,
TF21,Meier Christian,2025-09,RETRO,FAK Zulagen einmalig (3001+3034),0.0,0.0,0.0,OK,
TF21,Meier Christian,2025-09,RETRO,UVG-Bruttolohn (UVG-LAA-GrossSalary),10416.65,10416.65,0.0,OK,
TF21,Meier Christian,2025-09,RETRO,UVG-Basis (UVG-LAA-BaseSalary),9916.65,9916.65,0.0,OK,
TF21,Meier Christian,2025-09,RETRO,UVGZ-Basis (UVGZ-LAAC-BaseSalary),9916.65,9916.65,0.0,OK,
TF21,Meier Christian,2025-09,RETRO,KTG-Referenzlohn (Reference-AHV-AVS-Salary),10416.65,10416.65,0.0,OK,
TF21,Meier Christian,2025-09,RETRO,"Lohnausweis Bruttolohn (GrossIncome, Ziff. 8)",10416.65,10416.65,0.0,OK,
TF21,Meier Christian,2025-09,RETRO,Lohnausweis BVG ordentlich (Ziff. 10.1 = 5050+1972),455.0,455.01,-0.01,OK,
TF22,Bucher Elisabeth,2025-09,RETRO,AHV-Basis (AHV-AVS-BaseSalary),43640.2,43640.2,0.0,OK,
TF22,Bucher Elisabeth,2025-09,RETRO,FAK-Basis (FAK-CAF-ContributorySalary),43640.2,43640.2,0.0,OK,
TF22,Bucher Elisabeth,2025-09,RETRO,FAK Kinderzulagen wiederkehrend (3000),0.0,0.0,0.0,OK,
TF22,Bucher Elisabeth,2025-09,RETRO,FAK Zulagen einmalig (3001+3034),0.0,0.0,0.0,OK,
TF22,Bucher Elisabeth,2025-09,RETRO,UVG-Bruttolohn (UVG-LAA-GrossSalary),43640.2,43640.2,0.0,OK,
TF22,Bucher Elisabeth,2025-09,RETRO,UVG-Basis (UVG-LAA-BaseSalary),43640.2,43640.2,0.0,OK,
TF22,Bucher Elisabeth,2025-09,RETRO,UVGZ-Basis (UVGZ-LAAC-BaseSalary),43640.2,43640.2,0.0,OK,
TF22,Bucher Elisabeth,2025-09,RETRO,KTG-Referenzlohn (Reference-AHV-AVS-Salary),43640.2,43640.2,0.0,OK,
TF22,Bucher Elisabeth,2025-09,RETRO,"Lohnausweis Bruttolohn (GrossIncome, Ziff. 8)",43640.2,43640.2,0.0,OK,
TF22,Bucher Elisabeth,2025-09,RETRO,Lohnausweis BVG ordentlich (Ziff. 10.1 = 5050+1972),2718.3,2718.3,0.0,OK,
TF23,Koller Ludwig,2025-09,RETRO,AHV-Basis (AHV-AVS-BaseSalary),75000.0,75000.0,0.0,OK,
TF23,Koller Ludwig,2025-09,RETRO,FAK-Basis (FAK-CAF-ContributorySalary),75000.0,75000.0,0.0,OK,
TF23,Koller Ludwig,2025-09,RETRO,FAK Kinderzulagen wiederkehrend (3000),0.0,0.0,0.0,OK,
TF23,Koller Ludwig,2025-09,RETRO,FAK Zulagen einmalig (3001+3034),0.0,0.0,0.0,OK,
TF23,Koller Ludwig,2025-09,RETRO,UVG-Bruttolohn (UVG-LAA-GrossSalary),75000.0,75000.0,0.0,OK,
TF23,Koller Ludwig,2025-09,RETRO,UVG-Basis (UVG-LAA-BaseSalary),75000.0,75000.0,0.0,OK,
TF23,Koller Ludwig,2025-09,RETRO,UVGZ-Basis (UVGZ-LAAC-BaseSalary),75000.0,75000.0,0.0,OK,
TF23,Koller Ludwig,2025-09,RETRO,KTG-Referenzlohn (Reference-AHV-AVS-Salary),75000.0,75000.0,0.0,OK,
TF23,Koller Ludwig,2025-09,RETRO,"Lohnausweis Bruttolohn (GrossIncome, Ziff. 8)",75000.0,75000.0,0.0,OK,
TF23,Koller Ludwig,2025-09,RETRO,Lohnausweis BVG ordentlich (Ziff. 10.1 = 5050+1972),3412.45,3412.44,0.01,OK,
TF24,Utzinger Jan,2025-09,RETRO,AHV-Basis (AHV-AVS-BaseSalary),81000.0,81000.0,0.0,OK,
TF24,Utzinger Jan,2025-09,RETRO,FAK-Basis (FAK-CAF-ContributorySalary),81000.0,81000.0,0.0,OK,
TF24,Utzinger Jan,2025-09,RETRO,FAK Kinderzulagen wiederkehrend (3000),0.0,0.0,0.0,OK,
TF24,Utzinger Jan,2025-09,RETRO,FAK Zulagen einmalig (3001+3034),0.0,0.0,0.0,OK,
TF24,Utzinger Jan,2025-09,RETRO,UVG-Bruttolohn (UVG-LAA-GrossSalary),81000.0,81000.0,0.0,OK,
TF24,Utzinger Jan,2025-09,RETRO,UVG-Basis (UVG-LAA-BaseSalary),81000.0,81000.0,0.0,OK,
TF24,Utzinger Jan,2025-09,RETRO,UVGZ-Basis (UVGZ-LAAC-BaseSalary),81000.0,81000.0,0.0,OK,
TF24,Utzinger Jan,2025-09,RETRO,KTG-Referenzlohn (Reference-AHV-AVS-Salary),81000.0,81000.0,0.0,OK,
TF24,Utzinger Jan,2025-09,RETRO,"Lohnausweis Bruttolohn (GrossIncome, Ziff. 8)",81000.0,81000.0,0.0,OK,
TF24,Utzinger Jan,2025-09,RETRO,Lohnausweis BVG ordentlich (Ziff. 10.1 = 5050+1972),6142.55,6142.53,0.02,OK,
TF25,Lehmann Nadine,2025-09,RETRO,AHV-Basis (AHV-AVS-BaseSalary),54166.65,54166.65,0.0,OK,
TF25,Lehmann Nadine,2025-09,RETRO,FAK-Basis (FAK-CAF-ContributorySalary),54166.65,54166.65,0.0,OK,
TF25,Lehmann Nadine,2025-09,RETRO,FAK Kinderzulagen wiederkehrend (3000),0.0,0.0,0.0,OK,
TF25,Lehmann Nadine,2025-09,RETRO,FAK Zulagen einmalig (3001+3034),0.0,0.0,0.0,OK,
TF25,Lehmann Nadine,2025-09,RETRO,UVG-Bruttolohn (UVG-LAA-GrossSalary),54166.65,54166.65,0.0,OK,
TF25,Lehmann Nadine,2025-09,RETRO,UVG-Basis (UVG-LAA-BaseSalary),54166.65,54166.65,0.0,OK,
TF25,Lehmann Nadine,2025-09,RETRO,UVGZ-Basis (UVGZ-LAAC-BaseSalary),54166.65,54166.65,0.0,OK,
TF25,Lehmann Nadine,2025-09,RETRO,KTG-Referenzlohn (Reference-AHV-AVS-Salary),54166.65,54166.65,0.0,OK,
TF25,Lehmann Nadine,2025-09,RETRO,"Lohnausweis Bruttolohn (GrossIncome, Ziff. 8)",54166.65,54166.65,0.0,OK,
TF25,Lehmann Nadine,2025-09,RETRO,Lohnausweis BVG ordentlich (Ziff. 10.1 = 5050+1972),4550.0,4550.0,0.0,OK,
TF26,Jenzer Marcel,2025-09,RETRO,AHV-Basis (AHV-AVS-BaseSalary),54166.65,54166.65,0.0,OK,
TF26,Jenzer Marcel,2025-09,RETRO,FAK-Basis (FAK-CAF-ContributorySalary),54166.65,54166.65,0.0,OK,
TF26,Jenzer Marcel,2025-09,RETRO,FAK Kinderzulagen wiederkehrend (3000),0.0,0.0,0.0,OK,
TF26,Jenzer Marcel,2025-09,RETRO,FAK Zulagen einmalig (3001+3034),0.0,0.0,0.0,OK,
TF26,Jenzer Marcel,2025-09,RETRO,UVG-Bruttolohn (UVG-LAA-GrossSalary),54166.65,54166.65,0.0,OK,
TF26,Jenzer Marcel,2025-09,RETRO,UVG-Basis (UVG-LAA-BaseSalary),54166.65,54166.65,0.0,OK,
TF26,Jenzer Marcel,2025-09,RETRO,UVGZ-Basis (UVGZ-LAAC-BaseSalary),54166.65,54166.65,0.0,OK,
TF26,Jenzer Marcel,2025-09,RETRO,KTG-Referenzlohn (Reference-AHV-AVS-Salary),54166.65,54166.65,0.0,OK,
TF26,Jenzer Marcel,2025-09,RETRO,"Lohnausweis Bruttolohn (GrossIncome, Ziff. 8)",54166.65,54166.65,0.0,OK,
TF26,Jenzer Marcel,2025-09,RETRO,Lohnausweis BVG ordentlich (Ziff. 10.1 = 5050+1972),4550.0,4550.0,0.0,OK,
TF27,Rast Eva,2025-09,RETRO,AHV-Basis (AHV-AVS-BaseSalary),50000.0,50000.0,0.0,OK,
TF27,Rast Eva,2025-09,RETRO,FAK-Basis (FAK-CAF-ContributorySalary),50000.0,50000.0,0.0,OK,
TF27,Rast Eva,2025-09,RETRO,FAK Kinderzulagen wiederkehrend (3000),0.0,0.0,0.0,OK,
TF27,Rast Eva,2025-09,RETRO,FAK Zulagen einmalig (3001+3034),0.0,0.0,0.0,OK,
TF27,Rast Eva,2025-09,RETRO,UVG-Bruttolohn (UVG-LAA-GrossSalary),50000.0,50000.0,0.0,OK,
TF27,Rast Eva,2025-09,RETRO,UVG-Basis (UVG-LAA-BaseSalary),50000.0,50000.0,0.0,OK,
TF27,Rast Eva,2025-09,RETRO,UVGZ-Basis (UVGZ-LAAC-BaseSalary),50000.0,50000.0,0.0,OK,
TF27,Rast Eva,2025-09,RETRO,KTG-Referenzlohn (Reference-AHV-AVS-Salary),50000.0,50000.0,0.0,OK,
TF27,Rast Eva,2025-09,RETRO,"Lohnausweis Bruttolohn (GrossIncome, Ziff. 8)",50000.0,50000.0,0.0,OK,
TF27,Rast Eva,2025-09,RETRO,Lohnausweis BVG ordentlich (Ziff. 10.1 = 5050+1972),4000.0,4000.0,0.0,OK,
TF28,Arbenz Esther,2025-09,RETRO,AHV-Basis (AHV-AVS-BaseSalary),74000.0,74000.0,0.0,OK,
TF28,Arbenz Esther,2025-09,RETRO,FAK-Basis (FAK-CAF-ContributorySalary),74000.0,74000.0,0.0,OK,
TF28,Arbenz Esther,2025-09,RETRO,FAK Kinderzulagen wiederkehrend (3000),0.0,0.0,0.0,OK,
TF28,Arbenz Esther,2025-09,RETRO,FAK Zulagen einmalig (3001+3034),0.0,0.0,0.0,OK,
TF28,Arbenz Esther,2025-09,RETRO,UVG-Bruttolohn (UVG-LAA-GrossSalary),74000.0,74000.0,0.0,OK,
TF28,Arbenz Esther,2025-09,RETRO,UVG-Basis (UVG-LAA-BaseSalary),74000.0,74000.0,0.0,OK,
TF28,Arbenz Esther,2025-09,RETRO,UVGZ-Basis (UVGZ-LAAC-BaseSalary),74000.0,74000.0,0.0,OK,
TF28,Arbenz Esther,2025-09,RETRO,KTG-Referenzlohn (Reference-AHV-AVS-Salary),74000.0,74000.0,0.0,OK,
TF28,Arbenz Esther,2025-09,RETRO,"Lohnausweis Bruttolohn (GrossIncome, Ziff. 8)",74000.0,74000.0,0.0,OK,
TF28,Arbenz Esther,2025-09,RETRO,Lohnausweis BVG ordentlich (Ziff. 10.1 = 5050+1972),4680.0,4680.0,0.0,OK,
TF29,Forster Moreno,2025-09,RETRO,AHV-Basis (AHV-AVS-BaseSalary),74000.0,74000.0,0.0,OK,
TF29,Forster Moreno,2025-09,RETRO,FAK-Basis (FAK-CAF-ContributorySalary),74000.0,74000.0,0.0,OK,
TF29,Forster Moreno,2025-09,RETRO,FAK Kinderzulagen wiederkehrend (3000),0.0,0.0,0.0,OK,
TF29,Forster Moreno,2025-09,RETRO,FAK Zulagen einmalig (3001+3034),0.0,0.0,0.0,OK,
TF29,Forster Moreno,2025-09,RETRO,UVG-Bruttolohn (UVG-LAA-GrossSalary),74000.0,74000.0,0.0,OK,
TF29,Forster Moreno,2025-09,RETRO,UVG-Basis (UVG-LAA-BaseSalary),74000.0,74000.0,0.0,OK,
TF29,Forster Moreno,2025-09,RETRO,UVGZ-Basis (UVGZ-LAAC-BaseSalary),74000.0,74000.0,0.0,OK,
TF29,Forster Moreno,2025-09,RETRO,KTG-Referenzlohn (Reference-AHV-AVS-Salary),74000.0,74000.0,0.0,OK,
TF29,Forster Moreno,2025-09,RETRO,"Lohnausweis Bruttolohn (GrossIncome, Ziff. 8)",74000.0,74000.0,0.0,OK,
TF29,Forster Moreno,2025-09,RETRO,Lohnausweis BVG ordentlich (Ziff. 10.1 = 5050+1972),4095.0,4095.0,0.0,OK,
TF30,Müller Heinrich,2025-09,RETRO,AHV-Basis (AHV-AVS-BaseSalary),49500.0,49500.0,0.0,OK,
TF30,Müller Heinrich,2025-09,RETRO,FAK-Basis (FAK-CAF-ContributorySalary),49500.0,49500.0,0.0,OK,
TF30,Müller Heinrich,2025-09,RETRO,FAK Kinderzulagen wiederkehrend (3000),0.0,0.0,0.0,OK,
TF30,Müller Heinrich,2025-09,RETRO,FAK Zulagen einmalig (3001+3034),0.0,0.0,0.0,OK,
TF30,Müller Heinrich,2025-09,RETRO,UVG-Bruttolohn (UVG-LAA-GrossSalary),49500.0,49500.0,0.0,OK,
TF30,Müller Heinrich,2025-09,RETRO,UVG-Basis (UVG-LAA-BaseSalary),49500.0,49500.0,0.0,OK,
TF30,Müller Heinrich,2025-09,RETRO,UVGZ-Basis (UVGZ-LAAC-BaseSalary),49500.0,49500.0,0.0,OK,
TF30,Müller Heinrich,2025-09,RETRO,KTG-Referenzlohn (Reference-AHV-AVS-Salary),49500.0,49500.0,0.0,OK,
TF30,Müller Heinrich,2025-09,RETRO,"Lohnausweis Bruttolohn (GrossIncome, Ziff. 8)",49500.0,49500.0,0.0,OK,
TF30,Müller Heinrich,2025-09,RETRO,Lohnausweis BVG ordentlich (Ziff. 10.1 = 5050+1972),2200.0,2200.0,0.0,OK,
TF31,Bolletto Franca,2025-09,RETRO,AHV-Basis (AHV-AVS-BaseSalary),45000.0,45000.0,0.0,OK,
TF31,Bolletto Franca,2025-09,RETRO,FAK-Basis (FAK-CAF-ContributorySalary),45000.0,45000.0,0.0,OK,
TF31,Bolletto Franca,2025-09,RETRO,FAK Kinderzulagen wiederkehrend (3000),0.0,0.0,0.0,OK,
TF31,Bolletto Franca,2025-09,RETRO,FAK Zulagen einmalig (3001+3034),0.0,0.0,0.0,OK,
TF31,Bolletto Franca,2025-09,RETRO,UVG-Bruttolohn (UVG-LAA-GrossSalary),45000.0,45000.0,0.0,OK,
TF31,Bolletto Franca,2025-09,RETRO,UVG-Basis (UVG-LAA-BaseSalary),45000.0,45000.0,0.0,OK,
TF31,Bolletto Franca,2025-09,RETRO,UVGZ-Basis (UVGZ-LAAC-BaseSalary),45000.0,45000.0,0.0,OK,
TF31,Bolletto Franca,2025-09,RETRO,KTG-Referenzlohn (Reference-AHV-AVS-Salary),45000.0,45000.0,0.0,OK,
TF31,Bolletto Franca,2025-09,RETRO,"Lohnausweis Bruttolohn (GrossIncome, Ziff. 8)",45000.0,45000.0,0.0,OK,
TF31,Bolletto Franca,2025-09,RETRO,Lohnausweis BVG ordentlich (Ziff. 10.1 = 5050+1972),2925.0,2925.0,0.0,OK,
TF32,Armanini Laura,2025-09,RETRO,AHV-Basis (AHV-AVS-BaseSalary),5000.0,5000.0,0.0,OK,
TF32,Armanini Laura,2025-09,RETRO,FAK-Basis (FAK-CAF-ContributorySalary),5000.0,5000.0,0.0,OK,
TF32,Armanini Laura,2025-09,RETRO,FAK Kinderzulagen wiederkehrend (3000),0.0,0.0,0.0,OK,
TF32,Armanini Laura,2025-09,RETRO,FAK Zulagen einmalig (3001+3034),0.0,0.0,0.0,OK,
TF32,Armanini Laura,2025-09,RETRO,UVG-Bruttolohn (UVG-LAA-GrossSalary),5000.0,5000.0,0.0,OK,
TF32,Armanini Laura,2025-09,RETRO,UVG-Basis (UVG-LAA-BaseSalary),5000.0,5000.0,0.0,OK,
TF32,Armanini Laura,2025-09,RETRO,UVGZ-Basis (UVGZ-LAAC-BaseSalary),5000.0,5000.0,0.0,OK,
TF32,Armanini Laura,2025-09,RETRO,KTG-Referenzlohn (Reference-AHV-AVS-Salary),5000.0,5000.0,0.0,OK,
TF32,Armanini Laura,2025-09,RETRO,"Lohnausweis Bruttolohn (GrossIncome, Ziff. 8)",5000.0,5000.0,0.0,OK,
TF32,Armanini Laura,2025-09,RETRO,Lohnausweis BVG ordentlich (Ziff. 10.1 = 5050+1972),400.0,400.0,0.0,OK,
TF33,Châtelain Pierre,2025-09,RETRO,AHV-Basis (AHV-AVS-BaseSalary),45000.0,45000.0,0.0,OK,
TF33,Châtelain Pierre,2025-09,RETRO,FAK-Basis (FAK-CAF-ContributorySalary),45000.0,45000.0,0.0,OK,
TF33,Châtelain Pierre,2025-09,RETRO,FAK Kinderzulagen wiederkehrend (3000),1500.0,750.0,750.0,DIFF,
TF33,Châtelain Pierre,2025-09,RETRO,FAK Zulagen einmalig (3001+3034),0.0,750.0,-750.0,DIFF,
TF33,Châtelain Pierre,2025-09,RETRO,UVG-Bruttolohn (UVG-LAA-GrossSalary),46500.0,46500.0,0.0,OK,
TF33,Châtelain Pierre,2025-09,RETRO,UVG-Basis (UVG-LAA-BaseSalary),45000.0,45000.0,0.0,OK,
TF33,Châtelain Pierre,2025-09,RETRO,UVGZ-Basis (UVGZ-LAAC-BaseSalary),45000.0,45000.0,0.0,OK,
TF33,Châtelain Pierre,2025-09,RETRO,KTG-Referenzlohn (Reference-AHV-AVS-Salary),45000.0,45000.0,0.0,OK,
TF33,Châtelain Pierre,2025-09,RETRO,"Lohnausweis Bruttolohn (GrossIncome, Ziff. 8)",46500.0,46500.0,0.0,OK,
TF33,Châtelain Pierre,2025-09,RETRO,Lohnausweis BVG ordentlich (Ziff. 10.1 = 5050+1972),3412.55,3412.53,0.02,OK,
TF34,Rinaldi Massimo,2025-09,RETRO,AHV-Basis (AHV-AVS-BaseSalary),45000.0,45000.0,0.0,OK,
TF34,Rinaldi Massimo,2025-09,RETRO,FAK-Basis (FAK-CAF-ContributorySalary),45000.0,45000.0,0.0,OK,
TF34,Rinaldi Massimo,2025-09,RETRO,FAK Kinderzulagen wiederkehrend (3000),1290.0,645.0,645.0,DIFF,
TF34,Rinaldi Massimo,2025-09,RETRO,FAK Zulagen einmalig (3001+3034),0.0,645.0,-645.0,DIFF,
TF34,Rinaldi Massimo,2025-09,RETRO,UVG-Bruttolohn (UVG-LAA-GrossSalary),46290.0,46290.0,0.0,OK,
TF34,Rinaldi Massimo,2025-09,RETRO,UVG-Basis (UVG-LAA-BaseSalary),45000.0,45000.0,0.0,OK,
TF34,Rinaldi Massimo,2025-09,RETRO,UVGZ-Basis (UVGZ-LAAC-BaseSalary),45000.0,45000.0,0.0,OK,
TF34,Rinaldi Massimo,2025-09,RETRO,KTG-Referenzlohn (Reference-AHV-AVS-Salary),45000.0,45000.0,0.0,OK,
TF34,Rinaldi Massimo,2025-09,RETRO,"Lohnausweis Bruttolohn (GrossIncome, Ziff. 8)",46290.0,46290.0,0.0,OK,
TF34,Rinaldi Massimo,2025-09,RETRO,Lohnausweis BVG ordentlich (Ziff. 10.1 = 5050+1972),0.0,0.0,0.0,OK,
TF35,Roos Roland,2025-09,RETRO,AHV-Basis (AHV-AVS-BaseSalary),75000.0,75000.0,0.0,OK,
TF35,Roos Roland,2025-09,RETRO,FAK-Basis (FAK-CAF-ContributorySalary),75000.0,75000.0,0.0,OK,
TF35,Roos Roland,2025-09,RETRO,FAK Kinderzulagen wiederkehrend (3000),0.0,0.0,0.0,OK,
TF35,Roos Roland,2025-09,RETRO,FAK Zulagen einmalig (3001+3034),0.0,0.0,0.0,OK,
TF35,Roos Roland,2025-09,RETRO,UVG-Bruttolohn (UVG-LAA-GrossSalary),75000.0,75000.0,0.0,OK,
TF35,Roos Roland,2025-09,RETRO,UVG-Basis (UVG-LAA-BaseSalary),75000.0,75000.0,0.0,OK,
TF35,Roos Roland,2025-09,RETRO,UVGZ-Basis (UVGZ-LAAC-BaseSalary),75000.0,75000.0,0.0,OK,
TF35,Roos Roland,2025-09,RETRO,KTG-Referenzlohn (Reference-AHV-AVS-Salary),75000.0,75000.0,0.0,OK,
TF35,Roos Roland,2025-09,RETRO,"Lohnausweis Bruttolohn (GrossIncome, Ziff. 8)",75000.0,75000.0,0.0,OK,
TF35,Roos Roland,2025-09,RETRO,Lohnausweis BVG ordentlich (Ziff. 10.1 = 5050+1972),3466.7,3466.69,0.01,OK,
TF36,Maldini Fabio,2025-09,RETRO,AHV-Basis (AHV-AVS-BaseSalary),75000.0,75000.0,0.0,OK,
TF36,Maldini Fabio,2025-09,RETRO,FAK-Basis (FAK-CAF-ContributorySalary),75000.0,75000.0,0.0,OK,
TF36,Maldini Fabio,2025-09,RETRO,FAK Kinderzulagen wiederkehrend (3000),0.0,0.0,0.0,OK,
TF36,Maldini Fabio,2025-09,RETRO,FAK Zulagen einmalig (3001+3034),0.0,0.0,0.0,OK,
TF36,Maldini Fabio,2025-09,RETRO,UVG-Bruttolohn (UVG-LAA-GrossSalary),75000.0,75000.0,0.0,OK,
TF36,Maldini Fabio,2025-09,RETRO,UVG-Basis (UVG-LAA-BaseSalary),75000.0,75000.0,0.0,OK,
TF36,Maldini Fabio,2025-09,RETRO,UVGZ-Basis (UVGZ-LAAC-BaseSalary),75000.0,75000.0,0.0,OK,
TF36,Maldini Fabio,2025-09,RETRO,KTG-Referenzlohn (Reference-AHV-AVS-Salary),75000.0,75000.0,0.0,OK,
TF36,Maldini Fabio,2025-09,RETRO,"Lohnausweis Bruttolohn (GrossIncome, Ziff. 8)",75000.0,75000.0,0.0,OK,
TF36,Maldini Fabio,2025-09,RETRO,Lohnausweis BVG ordentlich (Ziff. 10.1 = 5050+1972),3845.8,3845.81,-0.01,OK,
TF37,Oberli Christine,2025-09,RETRO,AHV-Basis (AHV-AVS-BaseSalary),5000.0,5000.0,0.0,OK,
TF37,Oberli Christine,2025-09,RETRO,FAK-Basis (FAK-CAF-ContributorySalary),5000.0,5000.0,0.0,OK,
TF37,Oberli Christine,2025-09,RETRO,FAK Kinderzulagen wiederkehrend (3000),250.0,250.0,0.0,OK,
TF37,Oberli Christine,2025-09,RETRO,FAK Zulagen einmalig (3001+3034),0.0,0.0,0.0,OK,
TF37,Oberli Christine,2025-09,RETRO,UVG-Bruttolohn (UVG-LAA-GrossSalary),5250.0,5250.0,0.0,OK,
TF37,Oberli Christine,2025-09,RETRO,UVG-Basis (UVG-LAA-BaseSalary),5000.0,5000.0,0.0,OK,
TF37,Oberli Christine,2025-09,RETRO,UVGZ-Basis (UVGZ-LAAC-BaseSalary),5000.0,5000.0,0.0,OK,
TF37,Oberli Christine,2025-09,RETRO,KTG-Referenzlohn (Reference-AHV-AVS-Salary),5000.0,5000.0,0.0,OK,
TF37,Oberli Christine,2025-09,RETRO,"Lohnausweis Bruttolohn (GrossIncome, Ziff. 8)",5250.0,5250.0,0.0,OK,
TF37,Oberli Christine,2025-09,RETRO,Lohnausweis BVG ordentlich (Ziff. 10.1 = 5050+1972),400.0,400.0,0.0,OK,
TF38,Jung Claude,2025-09,RETRO,AHV-Basis (AHV-AVS-BaseSalary),42300.0,42300.0,0.0,OK,
TF38,Jung Claude,2025-09,RETRO,FAK-Basis (FAK-CAF-ContributorySalary),42300.0,42300.0,0.0,OK,
TF38,Jung Claude,2025-09,RETRO,FAK Kinderzulagen wiederkehrend (3000),0.0,0.0,0.0,OK,
TF38,Jung Claude,2025-09,RETRO,FAK Zulagen einmalig (3001+3034),0.0,0.0,0.0,OK,
TF38,Jung Claude,2025-09,RETRO,UVG-Bruttolohn (UVG-LAA-GrossSalary),42300.0,42300.0,0.0,OK,
TF38,Jung Claude,2025-09,RETRO,UVG-Basis (UVG-LAA-BaseSalary),42300.0,42300.0,0.0,OK,
TF38,Jung Claude,2025-09,RETRO,UVGZ-Basis (UVGZ-LAAC-BaseSalary),42300.0,42300.0,0.0,OK,
TF38,Jung Claude,2025-09,RETRO,KTG-Referenzlohn (Reference-AHV-AVS-Salary),42300.0,42300.0,0.0,OK,
TF38,Jung Claude,2025-09,RETRO,"Lohnausweis Bruttolohn (GrossIncome, Ziff. 8)",42300.0,42300.0,0.0,OK,
TF38,Jung Claude,2025-09,RETRO,Lohnausweis BVG ordentlich (Ziff. 10.1 = 5050+1972),3539.95,3539.97,-0.02,OK,
TF39,Hasler Harald,2025-09,RETRO,UVG-Bruttolohn (UVG-LAA-GrossSalary),10000.0,10000.0,0.0,OK,
TF39,Hasler Harald,2025-09,RETRO,UVG-Basis (UVG-LAA-BaseSalary),10000.0,10000.0,0.0,OK,
TF39,Hasler Harald,2025-09,RETRO,UVGZ-Basis (UVGZ-LAAC-BaseSalary),10000.0,10000.0,0.0,OK,
TF39,Hasler Harald,2025-09,RETRO,KTG-Referenzlohn (Reference-AHV-AVS-Salary),10000.0,10000.0,0.0,OK,
TF39,Hasler Harald,2025-09,RETRO,"Lohnausweis Bruttolohn (GrossIncome, Ziff. 8)",10000.0,10000.0,0.0,OK,
TF39,Hasler Harald,2025-09,RETRO,Lohnausweis BVG ordentlich (Ziff. 10.1 = 5050+1972),0.0,0.0,0.0,OK,
TF40,Farine Corinne,2025-09,RETRO,AHV-Basis (AHV-AVS-BaseSalary),32300.0,32300.0,0.0,OK,
TF40,Farine Corinne,2025-09,RETRO,FAK-Basis (FAK-CAF-ContributorySalary),32300.0,32300.0,0.0,OK,
TF40,Farine Corinne,2025-09,RETRO,FAK Kinderzulagen wiederkehrend (3000),750.0,750.0,0.0,OK,
TF40,Farine Corinne,2025-09,RETRO,FAK Zulagen einmalig (3001+3034),0.0,0.0,0.0,OK,
TF40,Farine Corinne,2025-09,RETRO,UVG-Bruttolohn (UVG-LAA-GrossSalary),33050.0,33050.0,0.0,OK,
TF40,Farine Corinne,2025-09,RETRO,UVG-Basis (UVG-LAA-BaseSalary),32300.0,32300.0,0.0,OK,
TF40,Farine Corinne,2025-09,RETRO,UVGZ-Basis (UVGZ-LAAC-BaseSalary),32300.0,32300.0,0.0,OK,
TF40,Farine Corinne,2025-09,RETRO,KTG-Referenzlohn (Reference-AHV-AVS-Salary),32300.0,32300.0,0.0,OK,
TF40,Farine Corinne,2025-09,RETRO,"Lohnausweis Bruttolohn (GrossIncome, Ziff. 8)",33050.0,33050.0,0.0,OK,
TF40,Farine Corinne,2025-09,RETRO,Lohnausweis BVG ordentlich (Ziff. 10.1 = 5050+1972),1013.35,1013.34,0.01,OK,
TF41,Meier Max,2025-09,RETRO,AHV-Basis (AHV-AVS-BaseSalary),90000.0,90000.0,0.0,OK,
TF41,Meier Max,2025-09,RETRO,FAK-Basis (FAK-CAF-ContributorySalary),90000.0,90000.0,0.0,OK,
TF41,Meier Max,2025-09,RETRO,FAK Kinderzulagen wiederkehrend (3000),0.0,0.0,0.0,OK,
TF41,Meier Max,2025-09,RETRO,FAK Zulagen einmalig (3001+3034),0.0,0.0,0.0,OK,
TF41,Meier Max,2025-09,RETRO,UVG-Bruttolohn (UVG-LAA-GrossSalary),90000.0,90000.0,0.0,OK,
TF41,Meier Max,2025-09,RETRO,UVG-Basis (UVG-LAA-BaseSalary),90000.0,90000.0,0.0,OK,
TF41,Meier Max,2025-09,RETRO,UVGZ-Basis (UVGZ-LAAC-BaseSalary),90000.0,90000.0,0.0,OK,
TF41,Meier Max,2025-09,RETRO,KTG-Referenzlohn (Reference-AHV-AVS-Salary),90000.0,90000.0,0.0,OK,
TF41,Meier Max,2025-09,RETRO,"Lohnausweis Bruttolohn (GrossIncome, Ziff. 8)",90000.0,90000.0,0.0,OK,
TF41,Meier Max,2025-09,RETRO,Lohnausweis BVG ordentlich (Ziff. 10.1 = 5050+1972),0.0,0.0,0.0,OK,
TF44,Lusser Hans,2025-09,RETRO,AHV-Basis (AHV-AVS-BaseSalary),-6500.0,-6500.0,0.0,OK,
TF44,Lusser Hans,2025-09,RETRO,FAK-Basis (FAK-CAF-ContributorySalary),-6500.0,-6500.0,0.0,OK,
TF44,Lusser Hans,2025-09,RETRO,FAK Kinderzulagen wiederkehrend (3000),0.0,0.0,0.0,OK,
TF44,Lusser Hans,2025-09,RETRO,FAK Zulagen einmalig (3001+3034),0.0,0.0,0.0,OK,
TF44,Lusser Hans,2025-09,RETRO,UVG-Bruttolohn (UVG-LAA-GrossSalary),21500.0,21500.0,0.0,OK,
TF44,Lusser Hans,2025-09,RETRO,UVG-Basis (UVG-LAA-BaseSalary),-6500.0,-6500.0,0.0,OK,
TF44,Lusser Hans,2025-09,RETRO,UVGZ-Basis (UVGZ-LAAC-BaseSalary),-6500.0,-6500.0,0.0,OK,
TF44,Lusser Hans,2025-09,RETRO,KTG-Referenzlohn (Reference-AHV-AVS-Salary),-6500.0,-6500.0,0.0,OK,
TF44,Lusser Hans,2025-09,RETRO,"Lohnausweis Bruttolohn (GrossIncome, Ziff. 8)",21500.0,21500.0,0.0,OK,
TF44,Lusser Hans,2025-09,RETRO,Lohnausweis BVG ordentlich (Ziff. 10.1 = 5050+1972),770.0,770.0,0.0,OK,
TF02,Paganini Maria,2025-09,MONTHLY,Statistik Grundlohn (GrossBaseSalaryAndRegularAllowance),5688.15,5688.15,0.0,OK,
TF02,Paganini Maria,2025-09,MONTHLY,Statistik Zulagen (Allowances),89.0,0.0,89.0,DIFF,
TF02,Paganini Maria,2025-09,MONTHLY,Statistik Familienzulagen (FamilyIncomeSupplement),215.0,215.0,0.0,OK,
TF02,Paganini Maria,2025-09,MONTHLY,Statistik Leistungen Dritter (PaymentsByThird),0.0,0.0,0.0,OK,
TF02,Paganini Maria,2025-09,MONTHLY,Statistik BVG-Beitrag AN (BVG-LPP-RegularContribution),-408.33,-408.33,0.0,OK,
TF03,Lusser Pia,2025-09,MONTHLY,Statistik Grundlohn (GrossBaseSalaryAndRegularAllowance),1500.0,1500.0,0.0,OK,
TF03,Lusser Pia,2025-09,MONTHLY,Statistik Zulagen (Allowances),0.0,0.0,0.0,OK,
TF03,Lusser Pia,2025-09,MONTHLY,Statistik Familienzulagen (FamilyIncomeSupplement),0.0,0.0,0.0,OK,
TF03,Lusser Pia,2025-09,MONTHLY,Statistik Leistungen Dritter (PaymentsByThird),0.0,0.0,0.0,OK,
TF03,Lusser Pia,2025-09,MONTHLY,Statistik BVG-Beitrag AN (BVG-LPP-RegularContribution),0.0,-0.0,0.0,OK,
TF04,Fankhauser Markus,2025-09,MONTHLY,Statistik Grundlohn (GrossBaseSalaryAndRegularAllowance),30000.0,30000.0,0.0,OK,
TF04,Fankhauser Markus,2025-09,MONTHLY,Statistik Zulagen (Allowances),0.0,0.0,0.0,OK,
TF04,Fankhauser Markus,2025-09,MONTHLY,Statistik Familienzulagen (FamilyIncomeSupplement),0.0,0.0,0.0,OK,
TF04,Fankhauser Markus,2025-09,MONTHLY,Statistik Leistungen Dritter (PaymentsByThird),0.0,0.0,0.0,OK,
TF04,Fankhauser Markus,2025-09,MONTHLY,Statistik BVG-Beitrag AN (BVG-LPP-RegularContribution),-2800.0,-2800.0,0.0,OK,
TF05,Moser Johann,2025-09,MONTHLY,Statistik Grundlohn (GrossBaseSalaryAndRegularAllowance),1350.0,1350.0,0.0,OK,
TF05,Moser Johann,2025-09,MONTHLY,Statistik Zulagen (Allowances),0.0,0.0,0.0,OK,
TF05,Moser Johann,2025-09,MONTHLY,Statistik Familienzulagen (FamilyIncomeSupplement),0.0,0.0,0.0,OK,
TF05,Moser Johann,2025-09,MONTHLY,Statistik Leistungen Dritter (PaymentsByThird),0.0,0.0,0.0,OK,
TF05,Moser Johann,2025-09,MONTHLY,Statistik BVG-Beitrag AN (BVG-LPP-RegularContribution),0.0,-0.0,0.0,OK,
TF06,Zahnd Anita,2025-09,MONTHLY,Statistik Grundlohn (GrossBaseSalaryAndRegularAllowance),13500.0,13500.0,0.0,OK,
TF06,Zahnd Anita,2025-09,MONTHLY,Statistik Zulagen (Allowances),0.0,0.0,0.0,OK,
TF06,Zahnd Anita,2025-09,MONTHLY,Statistik Familienzulagen (FamilyIncomeSupplement),0.0,0.0,0.0,OK,
TF06,Zahnd Anita,2025-09,MONTHLY,Statistik Leistungen Dritter (PaymentsByThird),0.0,0.0,0.0,OK,
TF06,Zahnd Anita,2025-09,MONTHLY,Statistik BVG-Beitrag AN (BVG-LPP-RegularContribution),-1080.0,-1080.0,0.0,OK,
TF08,Lamon René,2025-09,MONTHLY,Statistik Grundlohn (GrossBaseSalaryAndRegularAllowance),7638.45,7638.45,0.0,OK,
TF08,Lamon René,2025-09,MONTHLY,Statistik Zulagen (Allowances),89.0,0.0,89.0,DIFF,
TF08,Lamon René,2025-09,MONTHLY,Statistik Familienzulagen (FamilyIncomeSupplement),250.0,250.0,0.0,OK,
TF08,Lamon René,2025-09,MONTHLY,Statistik Leistungen Dritter (PaymentsByThird),0.0,0.0,0.0,OK,
TF08,Lamon René,2025-09,MONTHLY,Statistik BVG-Beitrag AN (BVG-LPP-RegularContribution),-603.79,-603.79,0.0,OK,
TF09,Estermann Michael,2025-09,MONTHLY,Statistik Grundlohn (GrossBaseSalaryAndRegularAllowance),2000.0,2000.0,0.0,OK,
TF09,Estermann Michael,2025-09,MONTHLY,Statistik Zulagen (Allowances),0.0,0.0,0.0,OK,
TF09,Estermann Michael,2025-09,MONTHLY,Statistik Familienzulagen (FamilyIncomeSupplement),0.0,0.0,0.0,OK,
TF09,Estermann Michael,2025-09,MONTHLY,Statistik Leistungen Dritter (PaymentsByThird),0.0,0.0,0.0,OK,
TF09,Estermann Michael,2025-09,MONTHLY,Statistik BVG-Beitrag AN (BVG-LPP-RegularContribution),0.0,-0.0,0.0,OK,
TF10,Ganz Heinz,2025-09,MONTHLY,Statistik Grundlohn (GrossBaseSalaryAndRegularAllowance),6400.0,6400.0,0.0,OK,
TF10,Ganz Heinz,2025-09,MONTHLY,Statistik Zulagen (Allowances),0.0,0.0,0.0,OK,
TF10,Ganz Heinz,2025-09,MONTHLY,Statistik Familienzulagen (FamilyIncomeSupplement),0.0,0.0,0.0,OK,
TF10,Ganz Heinz,2025-09,MONTHLY,Statistik Leistungen Dritter (PaymentsByThird),4500.0,0.0,4500.0,DIFF,
TF10,Ganz Heinz,2025-09,MONTHLY,Statistik BVG-Beitrag AN (BVG-LPP-RegularContribution),-448.0,-448.0,0.0,OK,
TF11,Bosshard Peter,2025-09,MONTHLY,Statistik Grundlohn (GrossBaseSalaryAndRegularAllowance),30500.0,31950.0,-1450.0,DIFF,
TF11,Bosshard Peter,2025-09,MONTHLY,Statistik Zulagen (Allowances),0.0,0.0,0.0,OK,
TF11,Bosshard Peter,2025-09,MONTHLY,Statistik Familienzulagen (FamilyIncomeSupplement),475.0,475.0,0.0,OK,
TF11,Bosshard Peter,2025-09,MONTHLY,Statistik Leistungen Dritter (PaymentsByThird),0.0,0.0,0.0,OK,
TF11,Bosshard Peter,2025-09,MONTHLY,Statistik BVG-Beitrag AN (BVG-LPP-RegularContribution),-2469.83,-2469.83,0.0,OK,
TF12,Casanova Renato,2025-09,MONTHLY,Statistik Grundlohn (GrossBaseSalaryAndRegularAllowance),12000.0,12850.0,-850.0,DIFF,
TF12,Casanova Renato,2025-09,MONTHLY,Statistik Zulagen (Allowances),0.0,0.0,0.0,OK,
TF12,Casanova Renato,2025-09,MONTHLY,Statistik Familienzulagen (FamilyIncomeSupplement),0.0,0.0,0.0,OK,
TF12,Casanova Renato,2025-09,MONTHLY,Statistik Leistungen Dritter (PaymentsByThird),0.0,0.0,0.0,OK,
TF12,Casanova Renato,2025-09,MONTHLY,Statistik BVG-Beitrag AN (BVG-LPP-RegularContribution),-899.5,-899.5,0.0,OK,
TF13,Combertaldi Renato,2025-09,MONTHLY,Statistik Grundlohn (GrossBaseSalaryAndRegularAllowance),2200.0,2200.0,0.0,OK,
TF13,Combertaldi Renato,2025-09,MONTHLY,Statistik Zulagen (Allowances),0.0,0.0,0.0,OK,
TF13,Combertaldi Renato,2025-09,MONTHLY,Statistik Familienzulagen (FamilyIncomeSupplement),0.0,0.0,0.0,OK,
TF13,Combertaldi Renato,2025-09,MONTHLY,Statistik Leistungen Dritter (PaymentsByThird),0.0,0.0,0.0,OK,
TF13,Combertaldi Renato,2025-09,MONTHLY,Statistik BVG-Beitrag AN (BVG-LPP-RegularContribution),0.0,-0.0,0.0,OK,
TF14,Egli Anna,2025-09,MONTHLY,Statistik Grundlohn (GrossBaseSalaryAndRegularAllowance),2500.0,2500.0,0.0,OK,
TF14,Egli Anna,2025-09,MONTHLY,Statistik Zulagen (Allowances),0.0,0.0,0.0,OK,
TF14,Egli Anna,2025-09,MONTHLY,Statistik Familienzulagen (FamilyIncomeSupplement),0.0,0.0,0.0,OK,
TF14,Egli Anna,2025-09,MONTHLY,Statistik Leistungen Dritter (PaymentsByThird),0.0,0.0,0.0,OK,
TF14,Egli Anna,2025-09,MONTHLY,Statistik BVG-Beitrag AN (BVG-LPP-RegularContribution),0.0,-0.0,0.0,OK,
TF17,Binggeli Fritz,2025-09,MONTHLY,Statistik Grundlohn (GrossBaseSalaryAndRegularAllowance),4550.0,4550.0,0.0,OK,
TF17,Binggeli Fritz,2025-09,MONTHLY,Statistik Zulagen (Allowances),0.0,0.0,0.0,OK,
TF17,Binggeli Fritz,2025-09,MONTHLY,Statistik Familienzulagen (FamilyIncomeSupplement),0.0,0.0,0.0,OK,
TF17,Binggeli Fritz,2025-09,MONTHLY,Statistik Leistungen Dritter (PaymentsByThird),0.0,0.0,0.0,OK,
TF17,Binggeli Fritz,2025-09,MONTHLY,Statistik BVG-Beitrag AN (BVG-LPP-RegularContribution),-318.5,-318.5,0.0,OK,
TF17,Binggeli Fritz,2025-09,MONTHLY,QST steuerbarer Lohn TI A0N (TaxableEarning),4550.0,4550.0,0.0,OK,"Satz-Lohn 6500.00, QST 495.95"
TF18,Blanc Pierre,2025-09,MONTHLY,Statistik Grundlohn (GrossBaseSalaryAndRegularAllowance),2948.65,2948.65,0.0,OK,
TF18,Blanc Pierre,2025-09,MONTHLY,Statistik Zulagen (Allowances),0.0,0.0,0.0,OK,
TF18,Blanc Pierre,2025-09,MONTHLY,Statistik Familienzulagen (FamilyIncomeSupplement),0.0,0.0,0.0,OK,
TF18,Blanc Pierre,2025-09,MONTHLY,Statistik Leistungen Dritter (PaymentsByThird),0.0,0.0,0.0,OK,
TF18,Blanc Pierre,2025-09,MONTHLY,Statistik BVG-Beitrag AN (BVG-LPP-RegularContribution),-76.44,-76.44,0.0,OK,
TF18,Blanc Pierre,2025-09,MONTHLY,QST steuerbarer Lohn BE B0Y (TaxableEarning),2948.65,2948.65,0.0,OK,"Satz-Lohn 7241.90, QST 299.00"
TF19,Andrey Melanie,2025-09,MONTHLY,Statistik Grundlohn (GrossBaseSalaryAndRegularAllowance),2600.0,2600.0,0.0,OK,
TF19,Andrey Melanie,2025-09,MONTHLY,Statistik Zulagen (Allowances),0.0,0.0,0.0,OK,
TF19,Andrey Melanie,2025-09,MONTHLY,Statistik Familienzulagen (FamilyIncomeSupplement),0.0,0.0,0.0,OK,
TF19,Andrey Melanie,2025-09,MONTHLY,Statistik Leistungen Dritter (PaymentsByThird),0.0,0.0,0.0,OK,
TF19,Andrey Melanie,2025-09,MONTHLY,Statistik BVG-Beitrag AN (BVG-LPP-RegularContribution),-197.16,-197.16,0.0,OK,
TF19,Andrey Melanie,2025-09,MONTHLY,QST steuerbarer Lohn TI A0N (TaxableEarning),2600.0,2600.0,0.0,OK,"Satz-Lohn 3293.35, QST 78.00"
TF22,Bucher Elisabeth,2025-09,MONTHLY,Statistik Grundlohn (GrossBaseSalaryAndRegularAllowance),5111.0,5111.0,0.0,OK,
TF22,Bucher Elisabeth,2025-09,MONTHLY,Statistik Zulagen (Allowances),0.0,0.0,0.0,OK,
TF22,Bucher Elisabeth,2025-09,MONTHLY,Statistik Familienzulagen (FamilyIncomeSupplement),0.0,0.0,0.0,OK,
TF22,Bucher Elisabeth,2025-09,MONTHLY,Statistik Leistungen Dritter (PaymentsByThird),0.0,0.0,0.0,OK,
TF22,Bucher Elisabeth,2025-09,MONTHLY,Statistik BVG-Beitrag AN (BVG-LPP-RegularContribution),-320.83,-320.83,0.0,OK,
TF22,Bucher Elisabeth,2025-09,MONTHLY,QST steuerbarer Lohn TI C0N (TaxableEarning),5111.0,5111.0,0.0,OK,"Satz-Lohn 4848.90, QST 388.45"
TF23,Koller Ludwig,2025-09,MONTHLY,Statistik Grundlohn (GrossBaseSalaryAndRegularAllowance),5000.0,5000.0,0.0,OK,
TF23,Koller Ludwig,2025-09,MONTHLY,Statistik Zulagen (Allowances),0.0,0.0,0.0,OK,
TF23,Koller Ludwig,2025-09,MONTHLY,Statistik Familienzulagen (FamilyIncomeSupplement),0.0,0.0,0.0,OK,
TF23,Koller Ludwig,2025-09,MONTHLY,Statistik Leistungen Dritter (PaymentsByThird),0.0,0.0,0.0,OK,
TF23,Koller Ludwig,2025-09,MONTHLY,Statistik BVG-Beitrag AN (BVG-LPP-RegularContribution),-379.16,-379.16,0.0,OK,
TF23,Koller Ludwig,2025-09,MONTHLY,QST steuerbarer Lohn TI B0N (TaxableEarning),5000.0,5000.0,0.0,OK,"Satz-Lohn 7500.00, QST 375.00"
TF24,Utzinger Jan,2025-09,MONTHLY,Statistik Grundlohn (GrossBaseSalaryAndRegularAllowance),11000.0,11000.0,0.0,OK,
TF24,Utzinger Jan,2025-09,MONTHLY,Statistik Zulagen (Allowances),0.0,0.0,0.0,OK,
TF24,Utzinger Jan,2025-09,MONTHLY,Statistik Familienzulagen (FamilyIncomeSupplement),0.0,0.0,0.0,OK,
TF24,Utzinger Jan,2025-09,MONTHLY,Statistik Leistungen Dritter (PaymentsByThird),0.0,0.0,0.0,OK,
TF24,Utzinger Jan,2025-09,MONTHLY,Statistik BVG-Beitrag AN (BVG-LPP-RegularContribution),-834.17,-834.17,0.0,OK,
TF24,Utzinger Jan,2025-09,MONTHLY,QST steuerbarer Lohn TI B0N (TaxableEarning),11000.0,11000.0,0.0,OK,"Satz-Lohn 9000.00, QST 1244.00"
TF27,Rast Eva,2025-09,MONTHLY,Statistik Grundlohn (GrossBaseSalaryAndRegularAllowance),10000.0,10000.0,0.0,OK,
TF27,Rast Eva,2025-09,MONTHLY,Statistik Zulagen (Allowances),0.0,0.0,0.0,OK,
TF27,Rast Eva,2025-09,MONTHLY,Statistik Familienzulagen (FamilyIncomeSupplement),0.0,0.0,0.0,OK,
TF27,Rast Eva,2025-09,MONTHLY,Statistik Leistungen Dritter (PaymentsByThird),0.0,0.0,0.0,OK,
TF27,Rast Eva,2025-09,MONTHLY,Statistik BVG-Beitrag AN (BVG-LPP-RegularContribution),-800.0,-800.0,0.0,OK,
TF27,Rast Eva,2025-09,MONTHLY,QST steuerbarer Lohn BE L0N (TaxableEarning),10000.0,10000.0,0.0,OK,"Satz-Lohn 10000.00, QST 450.00"
TF28,Arbenz Esther,2025-09,MONTHLY,Statistik Grundlohn (GrossBaseSalaryAndRegularAllowance),6000.0,6000.0,0.0,OK,
TF28,Arbenz Esther,2025-09,MONTHLY,Statistik Zulagen (Allowances),0.0,0.0,0.0,OK,
TF28,Arbenz Esther,2025-09,MONTHLY,Statistik Familienzulagen (FamilyIncomeSupplement),0.0,0.0,0.0,OK,
TF28,Arbenz Esther,2025-09,MONTHLY,Statistik Leistungen Dritter (PaymentsByThird),0.0,0.0,0.0,OK,
TF28,Arbenz Esther,2025-09,MONTHLY,Statistik BVG-Beitrag AN (BVG-LPP-RegularContribution),-520.0,-520.0,0.0,OK,
TF28,Arbenz Esther,2025-09,MONTHLY,QST steuerbarer Lohn BE A0Y (TaxableEarning),6000.0,6000.0,0.0,OK,"Satz-Lohn 8000.00, QST 879.60"
TF29,Forster Moreno,2025-09,MONTHLY,Statistik Grundlohn (GrossBaseSalaryAndRegularAllowance),6000.0,6000.0,0.0,OK,
TF29,Forster Moreno,2025-09,MONTHLY,Statistik Zulagen (Allowances),0.0,0.0,0.0,OK,
TF29,Forster Moreno,2025-09,MONTHLY,Statistik Familienzulagen (FamilyIncomeSupplement),0.0,0.0,0.0,OK,
TF29,Forster Moreno,2025-09,MONTHLY,Statistik Leistungen Dritter (PaymentsByThird),0.0,0.0,0.0,OK,
TF29,Forster Moreno,2025-09,MONTHLY,Statistik BVG-Beitrag AN (BVG-LPP-RegularContribution),-455.0,-455.0,0.0,OK,
TF29,Forster Moreno,2025-09,MONTHLY,QST steuerbarer Lohn TI A0N (TaxableEarning),6000.0,6000.0,0.0,OK,"Satz-Lohn 9666.65, QST 876.00"
TF30,Müller Heinrich,2025-09,MONTHLY,Statistik Grundlohn (GrossBaseSalaryAndRegularAllowance),5500.0,5500.0,0.0,OK,
TF30,Müller Heinrich,2025-09,MONTHLY,Statistik Zulagen (Allowances),0.0,0.0,0.0,OK,
TF30,Müller Heinrich,2025-09,MONTHLY,Statistik Familienzulagen (FamilyIncomeSupplement),0.0,0.0,0.0,OK,
TF30,Müller Heinrich,2025-09,MONTHLY,Statistik Leistungen Dritter (PaymentsByThird),0.0,0.0,0.0,OK,
TF30,Müller Heinrich,2025-09,MONTHLY,Statistik BVG-Beitrag AN (BVG-LPP-RegularContribution),-440.0,-440.0,0.0,OK,
TF30,Müller Heinrich,2025-09,MONTHLY,QST steuerbarer Lohn BE A0Y (TaxableEarning),5500.0,5500.0,0.0,OK,"Satz-Lohn 5500.00, QST 651.75"
TF31,Bolletto Franca,2025-09,MONTHLY,Statistik Grundlohn (GrossBaseSalaryAndRegularAllowance),5000.0,5000.0,0.0,OK,
TF31,Bolletto Franca,2025-09,MONTHLY,Statistik Zulagen (Allowances),0.0,0.0,0.0,OK,
TF31,Bolletto Franca,2025-09,MONTHLY,Statistik Familienzulagen (FamilyIncomeSupplement),0.0,0.0,0.0,OK,
TF31,Bolletto Franca,2025-09,MONTHLY,Statistik Leistungen Dritter (PaymentsByThird),0.0,0.0,0.0,OK,
TF31,Bolletto Franca,2025-09,MONTHLY,Statistik BVG-Beitrag AN (BVG-LPP-RegularContribution),-325.0,-325.0,0.0,OK,
TF31,Bolletto Franca,2025-09,MONTHLY,QST steuerbarer Lohn VD B0N (TaxableEarning),5000.0,5000.0,0.0,OK,"Satz-Lohn 5000.00, QST 117.00"
TF32,Armanini Laura,2025-09,MONTHLY,Statistik Grundlohn (GrossBaseSalaryAndRegularAllowance),5000.0,5000.0,0.0,OK,
TF32,Armanini Laura,2025-09,MONTHLY,Statistik Zulagen (Allowances),0.0,0.0,0.0,OK,
TF32,Armanini Laura,2025-09,MONTHLY,Statistik Familienzulagen (FamilyIncomeSupplement),0.0,0.0,0.0,OK,
TF32,Armanini Laura,2025-09,MONTHLY,Statistik Leistungen Dritter (PaymentsByThird),0.0,0.0,0.0,OK,
TF32,Armanini Laura,2025-09,MONTHLY,Statistik BVG-Beitrag AN (BVG-LPP-RegularContribution),-400.0,-400.0,0.0,OK,
TF32,Armanini Laura,2025-09,MONTHLY,QST steuerbarer Lohn BE A0Y (TaxableEarning),5000.0,5000.0,0.0,OK,"Satz-Lohn 5000.00, QST 547.50"
TF33,Châtelain Pierre,2025-09,MONTHLY,Statistik Grundlohn (GrossBaseSalaryAndRegularAllowance),5000.0,5000.0,0.0,OK,
TF33,Châtelain Pierre,2025-09,MONTHLY,Statistik Zulagen (Allowances),0.0,0.0,0.0,OK,
TF33,Châtelain Pierre,2025-09,MONTHLY,Statistik Familienzulagen (FamilyIncomeSupplement),250.0,250.0,0.0,OK,
TF33,Châtelain Pierre,2025-09,MONTHLY,Statistik Leistungen Dritter (PaymentsByThird),0.0,0.0,0.0,OK,
TF33,Châtelain Pierre,2025-09,MONTHLY,Statistik BVG-Beitrag AN (BVG-LPP-RegularContribution),-379.17,-379.17,0.0,OK,
TF33,Châtelain Pierre,2025-09,MONTHLY,QST steuerbarer Lohn BE B1Y (TaxableEarning),5250.0,5250.0,0.0,OK,"Satz-Lohn 5250.00, QST 224.70"
TF34,Rinaldi Massimo,2025-09,MONTHLY,Statistik Grundlohn (GrossBaseSalaryAndRegularAllowance),5000.0,5000.0,0.0,OK,
TF34,Rinaldi Massimo,2025-09,MONTHLY,Statistik Zulagen (Allowances),0.0,0.0,0.0,OK,
TF34,Rinaldi Massimo,2025-09,MONTHLY,Statistik Familienzulagen (FamilyIncomeSupplement),215.0,215.0,0.0,OK,
TF34,Rinaldi Massimo,2025-09,MONTHLY,Statistik Leistungen Dritter (PaymentsByThird),0.0,0.0,0.0,OK,
TF34,Rinaldi Massimo,2025-09,MONTHLY,Statistik BVG-Beitrag AN (BVG-LPP-RegularContribution),0.0,-0.0,0.0,OK,
TF34,Rinaldi Massimo,2025-09,MONTHLY,QST steuerbarer Lohn TI B1N (TaxableEarning),5215.0,5215.0,0.0,OK,"Satz-Lohn 5125.40, QST 99.10"
TF35,Roos Roland,2025-09,MONTHLY,Statistik Grundlohn (GrossBaseSalaryAndRegularAllowance),5000.0,5000.0,0.0,OK,
TF35,Roos Roland,2025-09,MONTHLY,Statistik Zulagen (Allowances),0.0,0.0,0.0,OK,
TF35,Roos Roland,2025-09,MONTHLY,Statistik Familienzulagen (FamilyIncomeSupplement),0.0,0.0,0.0,OK,
TF35,Roos Roland,2025-09,MONTHLY,Statistik Leistungen Dritter (PaymentsByThird),0.0,0.0,0.0,OK,
TF35,Roos Roland,2025-09,MONTHLY,Statistik BVG-Beitrag AN (BVG-LPP-RegularContribution),-433.33,-433.33,0.0,OK,
TF35,Roos Roland,2025-09,MONTHLY,QST steuerbarer Lohn BE B0Y (TaxableEarning),5000.0,5000.0,0.0,OK,"Satz-Lohn 5000.00, QST 349.00"
TF35,Roos Roland,2025-09,MONTHLY,QST steuerbarer Lohn TI B0Y (TaxableEarning),0.0,5000.0,-5000.0,DIFF,"Satz-Lohn 0.00, QST 0.00"
TF36,Maldini Fabio,2025-09,MONTHLY,Statistik Grundlohn (GrossBaseSalaryAndRegularAllowance),5000.0,5000.0,0.0,OK,
TF36,Maldini Fabio,2025-09,MONTHLY,Statistik Zulagen (Allowances),0.0,0.0,0.0,OK,
TF36,Maldini Fabio,2025-09,MONTHLY,Statistik Familienzulagen (FamilyIncomeSupplement),0.0,0.0,0.0,OK,
TF36,Maldini Fabio,2025-09,MONTHLY,Statistik Leistungen Dritter (PaymentsByThird),0.0,0.0,0.0,OK,
TF36,Maldini Fabio,2025-09,MONTHLY,Statistik BVG-Beitrag AN (BVG-LPP-RegularContribution),-379.17,-379.17,0.0,OK,
TF36,Maldini Fabio,2025-09,MONTHLY,QST steuerbarer Lohn TI T0N (TaxableEarning),5000.0,5000.0,0.0,OK,"Satz-Lohn 5000.00, QST 320.00"
TF36,Maldini Fabio,2025-09,MONTHLY,QST steuerbarer Lohn BE T0N (TaxableEarning),0.0,5000.0,-5000.0,DIFF,"Satz-Lohn 0.00, QST 0.00"
TF38,Jung Claude,2025-09,MONTHLY,Statistik Grundlohn (GrossBaseSalaryAndRegularAllowance),6800.0,3000.0,3800.0,DIFF,
TF38,Jung Claude,2025-09,MONTHLY,Statistik Zulagen (Allowances),0.0,0.0,0.0,OK,
TF38,Jung Claude,2025-09,MONTHLY,Statistik Familienzulagen (FamilyIncomeSupplement),0.0,0.0,0.0,OK,
TF38,Jung Claude,2025-09,MONTHLY,Statistik Leistungen Dritter (PaymentsByThird),0.0,0.0,0.0,OK,
TF38,Jung Claude,2025-09,MONTHLY,Statistik BVG-Beitrag AN (BVG-LPP-RegularContribution),-393.33,-393.33,0.0,OK,
TF38,Jung Claude,2025-09,MONTHLY,QST steuerbarer Lohn BE A0Y (TaxableEarning),6800.0,6800.0,0.0,OK,"Satz-Lohn 6800.00, QST 914.60"
TF39,Hasler Harald,2025-09,MONTHLY,Statistik Grundlohn (GrossBaseSalaryAndRegularAllowance),0.0,0.0,0.0,OK,
TF39,Hasler Harald,2025-09,MONTHLY,Statistik Zulagen (Allowances),0.0,0.0,0.0,OK,
TF39,Hasler Harald,2025-09,MONTHLY,Statistik Familienzulagen (FamilyIncomeSupplement),0.0,0.0,0.0,OK,
TF39,Hasler Harald,2025-09,MONTHLY,Statistik Leistungen Dritter (PaymentsByThird),0.0,0.0,0.0,OK,
TF39,Hasler Harald,2025-09,MONTHLY,Statistik BVG-Beitrag AN (BVG-LPP-RegularContribution),0.0,-0.0,0.0,OK,
TF39,Hasler Harald,2025-09,MONTHLY,QST steuerbarer Lohn BE None (TaxableEarning),0.0,0.0,0.0,OK,"Satz-Lohn 0.00, QST 0.00"
TF44,Lusser Hans,2025-09,MONTHLY,Statistik Grundlohn (GrossBaseSalaryAndRegularAllowance),1500.0,1500.0,0.0,OK,
TF44,Lusser Hans,2025-09,MONTHLY,Statistik Zulagen (Allowances),0.0,0.0,0.0,OK,
TF44,Lusser Hans,2025-09,MONTHLY,Statistik Familienzulagen (FamilyIncomeSupplement),0.0,0.0,0.0,OK,
TF44,Lusser Hans,2025-09,MONTHLY,Statistik Leistungen Dritter (PaymentsByThird),0.0,0.0,0.0,OK,
TF44,Lusser Hans,2025-09,MONTHLY,Statistik BVG-Beitrag AN (BVG-LPP-RegularContribution),0.0,-0.0,0.0,OK,
TF01,Herz Monica,2025-10,RETRO,AHV-Basis (AHV-AVS-BaseSalary),55359.3,55359.3,0.0,OK,
TF01,Herz Monica,2025-10,RETRO,FAK-Basis (FAK-CAF-ContributorySalary),55359.3,55359.3,0.0,OK,
TF01,Herz Monica,2025-10,RETRO,FAK Kinderzulagen wiederkehrend (3000),0.0,0.0,0.0,OK,
TF01,Herz Monica,2025-10,RETRO,FAK Zulagen einmalig (3001+3034),0.0,0.0,0.0,OK,
TF01,Herz Monica,2025-10,RETRO,UVG-Bruttolohn (UVG-LAA-GrossSalary),59359.3,59359.3,0.0,OK,
TF01,Herz Monica,2025-10,RETRO,UVG-Basis (UVG-LAA-BaseSalary),52859.3,52859.3,0.0,OK,
TF01,Herz Monica,2025-10,RETRO,UVGZ-Basis (UVGZ-LAAC-BaseSalary),52859.3,52859.3,0.0,OK,
TF01,Herz Monica,2025-10,RETRO,KTG-Referenzlohn (Reference-AHV-AVS-Salary),55359.3,55359.3,0.0,OK,
TF01,Herz Monica,2025-10,RETRO,"Lohnausweis Bruttolohn (GrossIncome, Ziff. 8)",59359.3,59359.3,0.0,OK,
TF01,Herz Monica,2025-10,RETRO,Lohnausweis BVG ordentlich (Ziff. 10.1 = 5050+1972),2205.0,2205.0,0.0,OK,
TF02,Paganini Maria,2025-10,RETRO,FAK-Basis (FAK-CAF-ContributorySalary),49044.7,50444.7,-1400.0,DIFF,
TF02,Paganini Maria,2025-10,RETRO,FAK Kinderzulagen wiederkehrend (3000),2150.0,2150.0,0.0,OK,
TF02,Paganini Maria,2025-10,RETRO,FAK Zulagen einmalig (3001+3034),0.0,0.0,0.0,OK,
TF02,Paganini Maria,2025-10,RETRO,UVG-Bruttolohn (UVG-LAA-GrossSalary),51394.7,51394.7,0.0,OK,
TF02,Paganini Maria,2025-10,RETRO,UVG-Basis (UVG-LAA-BaseSalary),50444.7,50444.7,0.0,OK,
TF02,Paganini Maria,2025-10,RETRO,UVGZ-Basis (UVGZ-LAAC-BaseSalary),50444.7,50444.7,0.0,OK,
TF02,Paganini Maria,2025-10,RETRO,KTG-Referenzlohn (Reference-AHV-AVS-Salary),50444.7,50444.7,0.0,OK,
TF02,Paganini Maria,2025-10,RETRO,"Lohnausweis Bruttolohn (GrossIncome, Ziff. 8)",51394.7,51394.7,0.0,OK,
TF02,Paganini Maria,2025-10,RETRO,Lohnausweis BVG ordentlich (Ziff. 10.1 = 5050+1972),3674.95,3674.97,-0.02,OK,
TF03,Lusser Pia,2025-10,RETRO,FAK-Basis (FAK-CAF-ContributorySalary),68400.0,75400.0,-7000.0,DIFF,
TF03,Lusser Pia,2025-10,RETRO,FAK Kinderzulagen wiederkehrend (3000),0.0,0.0,0.0,OK,
TF03,Lusser Pia,2025-10,RETRO,FAK Zulagen einmalig (3001+3034),0.0,0.0,0.0,OK,
TF03,Lusser Pia,2025-10,RETRO,UVG-Bruttolohn (UVG-LAA-GrossSalary),81400.0,81400.0,0.0,OK,
TF03,Lusser Pia,2025-10,RETRO,UVG-Basis (UVG-LAA-BaseSalary),75400.0,75400.0,0.0,OK,
TF03,Lusser Pia,2025-10,RETRO,UVGZ-Basis (UVGZ-LAAC-BaseSalary),75400.0,75400.0,0.0,OK,
TF03,Lusser Pia,2025-10,RETRO,KTG-Referenzlohn (Reference-AHV-AVS-Salary),75400.0,75400.0,0.0,OK,
TF03,Lusser Pia,2025-10,RETRO,"Lohnausweis Bruttolohn (GrossIncome, Ziff. 8)",81400.0,81400.0,0.0,OK,
TF03,Lusser Pia,2025-10,RETRO,Lohnausweis BVG ordentlich (Ziff. 10.1 = 5050+1972),1925.0,1925.0,0.0,OK,
TF04,Fankhauser Markus,2025-10,RETRO,AHV-Basis (AHV-AVS-BaseSalary),300000.0,300000.0,0.0,OK,
TF04,Fankhauser Markus,2025-10,RETRO,FAK-Basis (FAK-CAF-ContributorySalary),300000.0,300000.0,0.0,OK,
TF04,Fankhauser Markus,2025-10,RETRO,FAK Kinderzulagen wiederkehrend (3000),0.0,0.0,0.0,OK,
TF04,Fankhauser Markus,2025-10,RETRO,FAK Zulagen einmalig (3001+3034),0.0,0.0,0.0,OK,
TF04,Fankhauser Markus,2025-10,RETRO,UVG-Bruttolohn (UVG-LAA-GrossSalary),300000.0,300000.0,0.0,OK,
TF04,Fankhauser Markus,2025-10,RETRO,UVG-Basis (UVG-LAA-BaseSalary),300000.0,300000.0,0.0,OK,
TF04,Fankhauser Markus,2025-10,RETRO,UVGZ-Basis (UVGZ-LAAC-BaseSalary),300000.0,300000.0,0.0,OK,
TF04,Fankhauser Markus,2025-10,RETRO,KTG-Referenzlohn (Reference-AHV-AVS-Salary),300000.0,300000.0,0.0,OK,
TF04,Fankhauser Markus,2025-10,RETRO,"Lohnausweis Bruttolohn (GrossIncome, Ziff. 8)",300000.0,300000.0,0.0,OK,
TF04,Fankhauser Markus,2025-10,RETRO,Lohnausweis BVG ordentlich (Ziff. 10.1 = 5050+1972),28000.0,28000.0,0.0,OK,
TF05,Moser Johann,2025-10,RETRO,FAK-Basis (FAK-CAF-ContributorySalary),5400.0,13500.0,-8100.0,DIFF,
TF05,Moser Johann,2025-10,RETRO,FAK Kinderzulagen wiederkehrend (3000),0.0,0.0,0.0,OK,
TF05,Moser Johann,2025-10,RETRO,FAK Zulagen einmalig (3001+3034),0.0,0.0,0.0,OK,
TF05,Moser Johann,2025-10,RETRO,UVG-Bruttolohn (UVG-LAA-GrossSalary),13500.0,13500.0,0.0,OK,
TF05,Moser Johann,2025-10,RETRO,UVG-Basis (UVG-LAA-BaseSalary),13500.0,13500.0,0.0,OK,
TF05,Moser Johann,2025-10,RETRO,UVGZ-Basis (UVGZ-LAAC-BaseSalary),13500.0,13500.0,0.0,OK,
TF05,Moser Johann,2025-10,RETRO,KTG-Referenzlohn (Reference-AHV-AVS-Salary),13500.0,13500.0,0.0,OK,
TF05,Moser Johann,2025-10,RETRO,"Lohnausweis Bruttolohn (GrossIncome, Ziff. 8)",13500.0,13500.0,0.0,OK,
TF05,Moser Johann,2025-10,RETRO,Lohnausweis BVG ordentlich (Ziff. 10.1 = 5050+1972),468.0,468.0,0.0,OK,
TF06,Zahnd Anita,2025-10,RETRO,AHV-Basis (AHV-AVS-BaseSalary),135000.0,135000.0,0.0,OK,
TF06,Zahnd Anita,2025-10,RETRO,FAK-Basis (FAK-CAF-ContributorySalary),135000.0,135000.0,0.0,OK,
TF06,Zahnd Anita,2025-10,RETRO,FAK Kinderzulagen wiederkehrend (3000),0.0,0.0,0.0,OK,
TF06,Zahnd Anita,2025-10,RETRO,FAK Zulagen einmalig (3001+3034),0.0,0.0,0.0,OK,
TF06,Zahnd Anita,2025-10,RETRO,UVG-Bruttolohn (UVG-LAA-GrossSalary),135000.0,135000.0,0.0,OK,
TF06,Zahnd Anita,2025-10,RETRO,UVG-Basis (UVG-LAA-BaseSalary),135000.0,135000.0,0.0,OK,
TF06,Zahnd Anita,2025-10,RETRO,UVGZ-Basis (UVGZ-LAAC-BaseSalary),135000.0,135000.0,0.0,OK,
TF06,Zahnd Anita,2025-10,RETRO,KTG-Referenzlohn (Reference-AHV-AVS-Salary),135000.0,135000.0,0.0,OK,
TF06,Zahnd Anita,2025-10,RETRO,"Lohnausweis Bruttolohn (GrossIncome, Ziff. 8)",135000.0,135000.0,0.0,OK,
TF06,Zahnd Anita,2025-10,RETRO,Lohnausweis BVG ordentlich (Ziff. 10.1 = 5050+1972),10800.0,10800.0,0.0,OK,
TF07,Burri Heidi,2025-10,RETRO,AHV-Basis (AHV-AVS-BaseSalary),5500.0,5500.0,0.0,OK,
TF07,Burri Heidi,2025-10,RETRO,FAK-Basis (FAK-CAF-ContributorySalary),5500.0,5500.0,0.0,OK,
TF07,Burri Heidi,2025-10,RETRO,FAK Kinderzulagen wiederkehrend (3000),0.0,0.0,0.0,OK,
TF07,Burri Heidi,2025-10,RETRO,FAK Zulagen einmalig (3001+3034),0.0,0.0,0.0,OK,
TF07,Burri Heidi,2025-10,RETRO,UVG-Bruttolohn (UVG-LAA-GrossSalary),15000.0,15000.0,0.0,OK,
TF07,Burri Heidi,2025-10,RETRO,UVG-Basis (UVG-LAA-BaseSalary),5500.0,5500.0,0.0,OK,
TF07,Burri Heidi,2025-10,RETRO,UVGZ-Basis (UVGZ-LAAC-BaseSalary),5500.0,5500.0,0.0,OK,
TF07,Burri Heidi,2025-10,RETRO,KTG-Referenzlohn (Reference-AHV-AVS-Salary),5500.0,5500.0,0.0,OK,
TF07,Burri Heidi,2025-10,RETRO,"Lohnausweis Bruttolohn (GrossIncome, Ziff. 8)",15000.0,15000.0,0.0,OK,
TF07,Burri Heidi,2025-10,RETRO,Lohnausweis BVG ordentlich (Ziff. 10.1 = 5050+1972),0.0,0.0,0.0,OK,
TF08,Lamon René,2025-10,RETRO,AHV-Basis (AHV-AVS-BaseSalary),99706.7,99706.7,0.0,OK,
TF08,Lamon René,2025-10,RETRO,FAK-Basis (FAK-CAF-ContributorySalary),99706.7,99706.7,0.0,OK,
TF08,Lamon René,2025-10,RETRO,FAK Kinderzulagen wiederkehrend (3000),2500.0,2500.0,0.0,OK,
TF08,Lamon René,2025-10,RETRO,FAK Zulagen einmalig (3001+3034),0.0,0.0,0.0,OK,
TF08,Lamon René,2025-10,RETRO,UVG-Bruttolohn (UVG-LAA-GrossSalary),102206.7,102206.7,0.0,OK,
TF08,Lamon René,2025-10,RETRO,UVG-Basis (UVG-LAA-BaseSalary),99706.7,99706.7,0.0,OK,
TF08,Lamon René,2025-10,RETRO,UVGZ-Basis (UVGZ-LAAC-BaseSalary),99706.7,99706.7,0.0,OK,
TF08,Lamon René,2025-10,RETRO,KTG-Referenzlohn (Reference-AHV-AVS-Salary),99706.7,99706.7,0.0,OK,
TF08,Lamon René,2025-10,RETRO,"Lohnausweis Bruttolohn (GrossIncome, Ziff. 8)",102206.7,102206.7,0.0,OK,
TF08,Lamon René,2025-10,RETRO,Lohnausweis BVG ordentlich (Ziff. 10.1 = 5050+1972),7216.3,7216.3,0.0,OK,
TF09,Estermann Michael,2025-10,RETRO,FAK-Basis (FAK-CAF-ContributorySalary),10000.0,24000.0,-14000.0,DIFF,
TF09,Estermann Michael,2025-10,RETRO,FAK Kinderzulagen wiederkehrend (3000),0.0,0.0,0.0,OK,
TF09,Estermann Michael,2025-10,RETRO,FAK Zulagen einmalig (3001+3034),0.0,0.0,0.0,OK,
TF09,Estermann Michael,2025-10,RETRO,UVG-Bruttolohn (UVG-LAA-GrossSalary),54000.0,54000.0,0.0,OK,
TF09,Estermann Michael,2025-10,RETRO,UVG-Basis (UVG-LAA-BaseSalary),24000.0,24000.0,0.0,OK,
TF09,Estermann Michael,2025-10,RETRO,UVGZ-Basis (UVGZ-LAAC-BaseSalary),24000.0,24000.0,0.0,OK,
TF09,Estermann Michael,2025-10,RETRO,KTG-Referenzlohn (Reference-AHV-AVS-Salary),24000.0,24000.0,0.0,OK,
TF09,Estermann Michael,2025-10,RETRO,"Lohnausweis Bruttolohn (GrossIncome, Ziff. 8)",54000.0,54000.0,0.0,OK,
TF09,Estermann Michael,2025-10,RETRO,Lohnausweis BVG ordentlich (Ziff. 10.1 = 5050+1972),0.0,0.0,0.0,OK,
TF10,Ganz Heinz,2025-10,RETRO,AHV-Basis (AHV-AVS-BaseSalary),84100.0,84100.0,0.0,OK,
TF10,Ganz Heinz,2025-10,RETRO,FAK-Basis (FAK-CAF-ContributorySalary),84100.0,84100.0,0.0,OK,
TF10,Ganz Heinz,2025-10,RETRO,FAK Kinderzulagen wiederkehrend (3000),0.0,0.0,0.0,OK,
TF10,Ganz Heinz,2025-10,RETRO,FAK Zulagen einmalig (3001+3034),0.0,0.0,0.0,OK,
TF10,Ganz Heinz,2025-10,RETRO,UVG-Bruttolohn (UVG-LAA-GrossSalary),88000.0,88000.0,0.0,OK,
TF10,Ganz Heinz,2025-10,RETRO,UVG-Basis (UVG-LAA-BaseSalary),83100.0,83100.0,0.0,OK,
TF10,Ganz Heinz,2025-10,RETRO,UVGZ-Basis (UVGZ-LAAC-BaseSalary),83100.0,83100.0,0.0,OK,
TF10,Ganz Heinz,2025-10,RETRO,KTG-Referenzlohn (Reference-AHV-AVS-Salary),84100.0,84100.0,0.0,OK,
TF10,Ganz Heinz,2025-10,RETRO,"Lohnausweis Bruttolohn (GrossIncome, Ziff. 8)",88000.0,88000.0,0.0,OK,
TF10,Ganz Heinz,2025-10,RETRO,Lohnausweis BVG ordentlich (Ziff. 10.1 = 5050+1972),4032.0,4032.0,0.0,OK,
TF11,Bosshard Peter,2025-10,RETRO,AHV-Basis (AHV-AVS-BaseSalary),256600.0,256600.0,0.0,OK,
TF11,Bosshard Peter,2025-10,RETRO,FAK-Basis (FAK-CAF-ContributorySalary),256600.0,256600.0,0.0,OK,
TF11,Bosshard Peter,2025-10,RETRO,FAK Kinderzulagen wiederkehrend (3000),4320.0,4320.0,0.0,OK,
TF11,Bosshard Peter,2025-10,RETRO,FAK Zulagen einmalig (3001+3034),1000.0,1000.0,0.0,OK,
TF11,Bosshard Peter,2025-10,RETRO,UVG-Bruttolohn (UVG-LAA-GrossSalary),311920.0,311920.0,0.0,OK,
TF11,Bosshard Peter,2025-10,RETRO,UVG-Basis (UVG-LAA-BaseSalary),256600.0,256600.0,0.0,OK,
TF11,Bosshard Peter,2025-10,RETRO,UVGZ-Basis (UVGZ-LAAC-BaseSalary),513200.0,256600.0,256600.0,DIFF,
TF11,Bosshard Peter,2025-10,RETRO,KTG-Referenzlohn (Reference-AHV-AVS-Salary),513200.0,256600.0,256600.0,DIFF,
TF11,Bosshard Peter,2025-10,RETRO,"Lohnausweis Bruttolohn (GrossIncome, Ziff. 8)",311920.0,311920.0,0.0,OK,
TF11,Bosshard Peter,2025-10,RETRO,Lohnausweis BVG ordentlich (Ziff. 10.1 = 5050+1972),16671.65,16671.65,0.0,OK,
TF11,Bosshard Peter,2025-10,RETRO,Lohnausweis BVG Einkauf (Ziff. 10.2 = 1973),5000.0,5000.0,0.0,OK,
TF12,Casanova Renato,2025-10,RETRO,AHV-Basis (AHV-AVS-BaseSalary),97400.0,97400.0,0.0,OK,
TF12,Casanova Renato,2025-10,RETRO,FAK-Basis (FAK-CAF-ContributorySalary),97400.0,97400.0,0.0,OK,
TF12,Casanova Renato,2025-10,RETRO,FAK Kinderzulagen wiederkehrend (3000),0.0,0.0,0.0,OK,
TF12,Casanova Renato,2025-10,RETRO,FAK Zulagen einmalig (3001+3034),0.0,0.0,0.0,OK,
TF12,Casanova Renato,2025-10,RETRO,UVG-Bruttolohn (UVG-LAA-GrossSalary),102400.0,102400.0,0.0,OK,
TF12,Casanova Renato,2025-10,RETRO,UVG-Basis (UVG-LAA-BaseSalary),95400.0,95400.0,0.0,OK,
TF12,Casanova Renato,2025-10,RETRO,UVGZ-Basis (UVGZ-LAAC-BaseSalary),95400.0,95400.0,0.0,OK,
TF12,Casanova Renato,2025-10,RETRO,KTG-Referenzlohn (Reference-AHV-AVS-Salary),97400.0,97400.0,0.0,OK,
TF12,Casanova Renato,2025-10,RETRO,"Lohnausweis Bruttolohn (GrossIncome, Ziff. 8)",100400.0,102400.0,-2000.0,DIFF,
TF12,Casanova Renato,2025-10,RETRO,Lohnausweis BVG ordentlich (Ziff. 10.1 = 5050+1972),8062.65,8062.67,-0.02,OK,
TF13,Combertaldi Renato,2025-10,RETRO,UVG-Bruttolohn (UVG-LAA-GrossSalary),22480.0,22480.0,0.0,OK,
TF13,Combertaldi Renato,2025-10,RETRO,UVG-Basis (UVG-LAA-BaseSalary),22480.0,22480.0,0.0,OK,
TF13,Combertaldi Renato,2025-10,RETRO,UVGZ-Basis (UVGZ-LAAC-BaseSalary),22480.0,22480.0,0.0,OK,
TF13,Combertaldi Renato,2025-10,RETRO,KTG-Referenzlohn (Reference-AHV-AVS-Salary),22480.0,22480.0,0.0,OK,
TF13,Combertaldi Renato,2025-10,RETRO,"Lohnausweis Bruttolohn (GrossIncome, Ziff. 8)",22480.0,22480.0,0.0,OK,
TF13,Combertaldi Renato,2025-10,RETRO,Lohnausweis BVG ordentlich (Ziff. 10.1 = 5050+1972),0.0,0.0,0.0,OK,
TF14,Egli Anna,2025-10,RETRO,UVG-Bruttolohn (UVG-LAA-GrossSalary),47399.25,47399.25,0.0,OK,
TF14,Egli Anna,2025-10,RETRO,UVG-Basis (UVG-LAA-BaseSalary),47399.25,47399.25,0.0,OK,
TF14,Egli Anna,2025-10,RETRO,UVGZ-Basis (UVGZ-LAAC-BaseSalary),47399.25,47399.25,0.0,OK,
TF14,Egli Anna,2025-10,RETRO,KTG-Referenzlohn (Reference-AHV-AVS-Salary),47399.25,47399.25,0.0,OK,
TF14,Egli Anna,2025-10,RETRO,"Lohnausweis Bruttolohn (GrossIncome, Ziff. 8)",47399.25,47399.25,0.0,OK,
TF14,Egli Anna,2025-10,RETRO,Lohnausweis BVG ordentlich (Ziff. 10.1 = 5050+1972),0.0,0.0,0.0,OK,
TF15,Degelo Lorenz,2025-10,RETRO,AHV-Basis (AHV-AVS-BaseSalary),2800.35,2800.35,0.0,OK,
TF15,Degelo Lorenz,2025-10,RETRO,FAK-Basis (FAK-CAF-ContributorySalary),2800.35,2800.35,0.0,OK,
TF15,Degelo Lorenz,2025-10,RETRO,FAK Kinderzulagen wiederkehrend (3000),0.0,0.0,0.0,OK,
TF15,Degelo Lorenz,2025-10,RETRO,FAK Zulagen einmalig (3001+3034),0.0,0.0,0.0,OK,
TF15,Degelo Lorenz,2025-10,RETRO,UVG-Bruttolohn (UVG-LAA-GrossSalary),2800.35,2800.35,0.0,OK,
TF15,Degelo Lorenz,2025-10,RETRO,UVG-Basis (UVG-LAA-BaseSalary),2800.35,2800.35,0.0,OK,
TF15,Degelo Lorenz,2025-10,RETRO,UVGZ-Basis (UVGZ-LAAC-BaseSalary),2800.35,2800.35,0.0,OK,
TF15,Degelo Lorenz,2025-10,RETRO,KTG-Referenzlohn (Reference-AHV-AVS-Salary),2800.35,2800.35,0.0,OK,
TF15,Degelo Lorenz,2025-10,RETRO,"Lohnausweis Bruttolohn (GrossIncome, Ziff. 8)",2800.35,2800.35,0.0,OK,
TF15,Degelo Lorenz,2025-10,RETRO,Lohnausweis BVG ordentlich (Ziff. 10.1 = 5050+1972),0.0,0.0,0.0,OK,
TF16,Aebi Anna,2025-10,RETRO,FAK-Basis (FAK-CAF-ContributorySalary),30365.05,34565.05,-4200.0,DIFF,
TF16,Aebi Anna,2025-10,RETRO,FAK Kinderzulagen wiederkehrend (3000),0.0,0.0,0.0,OK,
TF16,Aebi Anna,2025-10,RETRO,FAK Zulagen einmalig (3001+3034),0.0,0.0,0.0,OK,
TF16,Aebi Anna,2025-10,RETRO,UVG-Bruttolohn (UVG-LAA-GrossSalary),34565.05,34565.05,0.0,OK,
TF16,Aebi Anna,2025-10,RETRO,UVG-Basis (UVG-LAA-BaseSalary),34565.05,34565.05,0.0,OK,
TF16,Aebi Anna,2025-10,RETRO,UVGZ-Basis (UVGZ-LAAC-BaseSalary),34565.05,34565.05,0.0,OK,
TF16,Aebi Anna,2025-10,RETRO,KTG-Referenzlohn (Reference-AHV-AVS-Salary),34565.05,34565.05,0.0,OK,
TF16,Aebi Anna,2025-10,RETRO,"Lohnausweis Bruttolohn (GrossIncome, Ziff. 8)",34565.05,34565.05,0.0,OK,
TF16,Aebi Anna,2025-10,RETRO,Lohnausweis BVG ordentlich (Ziff. 10.1 = 5050+1972),0.0,0.0,0.0,OK,
TF17,Binggeli Fritz,2025-10,RETRO,AHV-Basis (AHV-AVS-BaseSalary),45500.0,45500.0,0.0,OK,
TF17,Binggeli Fritz,2025-10,RETRO,FAK-Basis (FAK-CAF-ContributorySalary),45500.0,45500.0,0.0,OK,
TF17,Binggeli Fritz,2025-10,RETRO,FAK Kinderzulagen wiederkehrend (3000),0.0,0.0,0.0,OK,
TF17,Binggeli Fritz,2025-10,RETRO,FAK Zulagen einmalig (3001+3034),0.0,0.0,0.0,OK,
TF17,Binggeli Fritz,2025-10,RETRO,UVG-Bruttolohn (UVG-LAA-GrossSalary),45500.0,45500.0,0.0,OK,
TF17,Binggeli Fritz,2025-10,RETRO,UVG-Basis (UVG-LAA-BaseSalary),45500.0,45500.0,0.0,OK,
TF17,Binggeli Fritz,2025-10,RETRO,UVGZ-Basis (UVGZ-LAAC-BaseSalary),45500.0,45500.0,0.0,OK,
TF17,Binggeli Fritz,2025-10,RETRO,KTG-Referenzlohn (Reference-AHV-AVS-Salary),45500.0,45500.0,0.0,OK,
TF17,Binggeli Fritz,2025-10,RETRO,"Lohnausweis Bruttolohn (GrossIncome, Ziff. 8)",45500.0,45500.0,0.0,OK,
TF17,Binggeli Fritz,2025-10,RETRO,Lohnausweis BVG ordentlich (Ziff. 10.1 = 5050+1972),3185.0,3185.0,0.0,OK,
TF18,Blanc Pierre,2025-10,RETRO,AHV-Basis (AHV-AVS-BaseSalary),14821.8,14821.8,0.0,OK,
TF18,Blanc Pierre,2025-10,RETRO,FAK-Basis (FAK-CAF-ContributorySalary),14821.8,14821.8,0.0,OK,
TF18,Blanc Pierre,2025-10,RETRO,FAK Kinderzulagen wiederkehrend (3000),0.0,0.0,0.0,OK,
TF18,Blanc Pierre,2025-10,RETRO,FAK Zulagen einmalig (3001+3034),0.0,0.0,0.0,OK,
TF18,Blanc Pierre,2025-10,RETRO,UVG-Bruttolohn (UVG-LAA-GrossSalary),14821.8,14821.8,0.0,OK,
TF18,Blanc Pierre,2025-10,RETRO,UVG-Basis (UVG-LAA-BaseSalary),14821.8,14821.8,0.0,OK,
TF18,Blanc Pierre,2025-10,RETRO,UVGZ-Basis (UVGZ-LAAC-BaseSalary),14821.8,14821.8,0.0,OK,
TF18,Blanc Pierre,2025-10,RETRO,KTG-Referenzlohn (Reference-AHV-AVS-Salary),14821.8,14821.8,0.0,OK,
TF18,Blanc Pierre,2025-10,RETRO,"Lohnausweis Bruttolohn (GrossIncome, Ziff. 8)",14821.8,14821.8,0.0,OK,
TF18,Blanc Pierre,2025-10,RETRO,Lohnausweis BVG ordentlich (Ziff. 10.1 = 5050+1972),764.4,764.4,0.0,OK,
TF19,Andrey Melanie,2025-10,RETRO,AHV-Basis (AHV-AVS-BaseSalary),26000.0,26000.0,0.0,OK,
TF19,Andrey Melanie,2025-10,RETRO,FAK-Basis (FAK-CAF-ContributorySalary),26000.0,26000.0,0.0,OK,
TF19,Andrey Melanie,2025-10,RETRO,FAK Kinderzulagen wiederkehrend (3000),0.0,0.0,0.0,OK,
TF19,Andrey Melanie,2025-10,RETRO,FAK Zulagen einmalig (3001+3034),0.0,0.0,0.0,OK,
TF19,Andrey Melanie,2025-10,RETRO,UVG-Bruttolohn (UVG-LAA-GrossSalary),26000.0,26000.0,0.0,OK,
TF19,Andrey Melanie,2025-10,RETRO,UVG-Basis (UVG-LAA-BaseSalary),26000.0,26000.0,0.0,OK,
TF19,Andrey Melanie,2025-10,RETRO,UVGZ-Basis (UVGZ-LAAC-BaseSalary),26000.0,26000.0,0.0,OK,
TF19,Andrey Melanie,2025-10,RETRO,KTG-Referenzlohn (Reference-AHV-AVS-Salary),26000.0,26000.0,0.0,OK,
TF19,Andrey Melanie,2025-10,RETRO,"Lohnausweis Bruttolohn (GrossIncome, Ziff. 8)",26000.0,26000.0,0.0,OK,
TF19,Andrey Melanie,2025-10,RETRO,Lohnausweis BVG ordentlich (Ziff. 10.1 = 5050+1972),1971.6,1971.6,0.0,OK,
TF20,Arnold Lukas,2025-10,RETRO,AHV-Basis (AHV-AVS-BaseSalary),10416.65,10416.65,0.0,OK,
TF20,Arnold Lukas,2025-10,RETRO,FAK-Basis (FAK-CAF-ContributorySalary),10416.65,10416.65,0.0,OK,
TF20,Arnold Lukas,2025-10,RETRO,FAK Kinderzulagen wiederkehrend (3000),0.0,0.0,0.0,OK,
TF20,Arnold Lukas,2025-10,RETRO,FAK Zulagen einmalig (3001+3034),0.0,0.0,0.0,OK,
TF20,Arnold Lukas,2025-10,RETRO,UVG-Bruttolohn (UVG-LAA-GrossSalary),10416.65,10416.65,0.0,OK,
TF20,Arnold Lukas,2025-10,RETRO,UVG-Basis (UVG-LAA-BaseSalary),9916.65,9916.65,0.0,OK,
TF20,Arnold Lukas,2025-10,RETRO,UVGZ-Basis (UVGZ-LAAC-BaseSalary),9916.65,9916.65,0.0,OK,
TF20,Arnold Lukas,2025-10,RETRO,KTG-Referenzlohn (Reference-AHV-AVS-Salary),10416.65,10416.65,0.0,OK,
TF20,Arnold Lukas,2025-10,RETRO,"Lohnausweis Bruttolohn (GrossIncome, Ziff. 8)",10416.65,10416.65,0.0,OK,
TF20,Arnold Lukas,2025-10,RETRO,Lohnausweis BVG ordentlich (Ziff. 10.1 = 5050+1972),520.0,519.99,0.01,OK,
TF21,Meier Christian,2025-10,RETRO,AHV-Basis (AHV-AVS-BaseSalary),10416.65,10416.65,0.0,OK,
TF21,Meier Christian,2025-10,RETRO,FAK-Basis (FAK-CAF-ContributorySalary),10416.65,10416.65,0.0,OK,
TF21,Meier Christian,2025-10,RETRO,FAK Kinderzulagen wiederkehrend (3000),0.0,0.0,0.0,OK,
TF21,Meier Christian,2025-10,RETRO,FAK Zulagen einmalig (3001+3034),0.0,0.0,0.0,OK,
TF21,Meier Christian,2025-10,RETRO,UVG-Bruttolohn (UVG-LAA-GrossSalary),10416.65,10416.65,0.0,OK,
TF21,Meier Christian,2025-10,RETRO,UVG-Basis (UVG-LAA-BaseSalary),9916.65,9916.65,0.0,OK,
TF21,Meier Christian,2025-10,RETRO,UVGZ-Basis (UVGZ-LAAC-BaseSalary),9916.65,9916.65,0.0,OK,
TF21,Meier Christian,2025-10,RETRO,KTG-Referenzlohn (Reference-AHV-AVS-Salary),10416.65,10416.65,0.0,OK,
TF21,Meier Christian,2025-10,RETRO,"Lohnausweis Bruttolohn (GrossIncome, Ziff. 8)",10416.65,10416.65,0.0,OK,
TF21,Meier Christian,2025-10,RETRO,Lohnausweis BVG ordentlich (Ziff. 10.1 = 5050+1972),455.0,455.01,-0.01,OK,
TF22,Bucher Elisabeth,2025-10,RETRO,AHV-Basis (AHV-AVS-BaseSalary),47178.6,47178.6,0.0,OK,
TF22,Bucher Elisabeth,2025-10,RETRO,FAK-Basis (FAK-CAF-ContributorySalary),47178.6,47178.6,0.0,OK,
TF22,Bucher Elisabeth,2025-10,RETRO,FAK Kinderzulagen wiederkehrend (3000),0.0,0.0,0.0,OK,
TF22,Bucher Elisabeth,2025-10,RETRO,FAK Zulagen einmalig (3001+3034),0.0,0.0,0.0,OK,
TF22,Bucher Elisabeth,2025-10,RETRO,UVG-Bruttolohn (UVG-LAA-GrossSalary),47178.6,47178.6,0.0,OK,
TF22,Bucher Elisabeth,2025-10,RETRO,UVG-Basis (UVG-LAA-BaseSalary),47178.6,47178.6,0.0,OK,
TF22,Bucher Elisabeth,2025-10,RETRO,UVGZ-Basis (UVGZ-LAAC-BaseSalary),47178.6,47178.6,0.0,OK,
TF22,Bucher Elisabeth,2025-10,RETRO,KTG-Referenzlohn (Reference-AHV-AVS-Salary),47178.6,47178.6,0.0,OK,
TF22,Bucher Elisabeth,2025-10,RETRO,"Lohnausweis Bruttolohn (GrossIncome, Ziff. 8)",47178.6,47178.6,0.0,OK,
TF22,Bucher Elisabeth,2025-10,RETRO,Lohnausweis BVG ordentlich (Ziff. 10.1 = 5050+1972),3039.15,3039.13,0.02,OK,
TF23,Koller Ludwig,2025-10,RETRO,AHV-Basis (AHV-AVS-BaseSalary),80000.0,80000.0,0.0,OK,
TF23,Koller Ludwig,2025-10,RETRO,FAK-Basis (FAK-CAF-ContributorySalary),80000.0,80000.0,0.0,OK,
TF23,Koller Ludwig,2025-10,RETRO,FAK Kinderzulagen wiederkehrend (3000),215.0,215.0,0.0,OK,
TF23,Koller Ludwig,2025-10,RETRO,FAK Zulagen einmalig (3001+3034),0.0,0.0,0.0,OK,
TF23,Koller Ludwig,2025-10,RETRO,UVG-Bruttolohn (UVG-LAA-GrossSalary),80215.0,80215.0,0.0,OK,
TF23,Koller Ludwig,2025-10,RETRO,UVG-Basis (UVG-LAA-BaseSalary),80000.0,80000.0,0.0,OK,
TF23,Koller Ludwig,2025-10,RETRO,UVGZ-Basis (UVGZ-LAAC-BaseSalary),80000.0,80000.0,0.0,OK,
TF23,Koller Ludwig,2025-10,RETRO,KTG-Referenzlohn (Reference-AHV-AVS-Salary),80000.0,80000.0,0.0,OK,
TF23,Koller Ludwig,2025-10,RETRO,"Lohnausweis Bruttolohn (GrossIncome, Ziff. 8)",80215.0,80215.0,0.0,OK,
TF23,Koller Ludwig,2025-10,RETRO,Lohnausweis BVG ordentlich (Ziff. 10.1 = 5050+1972),3791.6,3791.6,0.0,OK,
TF24,Utzinger Jan,2025-10,RETRO,AHV-Basis (AHV-AVS-BaseSalary),92000.0,92000.0,0.0,OK,
TF24,Utzinger Jan,2025-10,RETRO,FAK-Basis (FAK-CAF-ContributorySalary),92000.0,92000.0,0.0,OK,
TF24,Utzinger Jan,2025-10,RETRO,FAK Kinderzulagen wiederkehrend (3000),0.0,0.0,0.0,OK,
TF24,Utzinger Jan,2025-10,RETRO,FAK Zulagen einmalig (3001+3034),0.0,0.0,0.0,OK,
TF24,Utzinger Jan,2025-10,RETRO,UVG-Bruttolohn (UVG-LAA-GrossSalary),92000.0,92000.0,0.0,OK,
TF24,Utzinger Jan,2025-10,RETRO,UVG-Basis (UVG-LAA-BaseSalary),92000.0,92000.0,0.0,OK,
TF24,Utzinger Jan,2025-10,RETRO,UVGZ-Basis (UVGZ-LAAC-BaseSalary),92000.0,92000.0,0.0,OK,
TF24,Utzinger Jan,2025-10,RETRO,KTG-Referenzlohn (Reference-AHV-AVS-Salary),92000.0,92000.0,0.0,OK,
TF24,Utzinger Jan,2025-10,RETRO,"Lohnausweis Bruttolohn (GrossIncome, Ziff. 8)",92000.0,92000.0,0.0,OK,
TF24,Utzinger Jan,2025-10,RETRO,Lohnausweis BVG ordentlich (Ziff. 10.1 = 5050+1972),6976.7,6976.7,0.0,OK,
TF25,Lehmann Nadine,2025-10,RETRO,AHV-Basis (AHV-AVS-BaseSalary),54166.65,54166.65,0.0,OK,
TF25,Lehmann Nadine,2025-10,RETRO,FAK-Basis (FAK-CAF-ContributorySalary),54166.65,54166.65,0.0,OK,
TF25,Lehmann Nadine,2025-10,RETRO,FAK Kinderzulagen wiederkehrend (3000),0.0,0.0,0.0,OK,
TF25,Lehmann Nadine,2025-10,RETRO,FAK Zulagen einmalig (3001+3034),0.0,0.0,0.0,OK,
TF25,Lehmann Nadine,2025-10,RETRO,UVG-Bruttolohn (UVG-LAA-GrossSalary),54166.65,54166.65,0.0,OK,
TF25,Lehmann Nadine,2025-10,RETRO,UVG-Basis (UVG-LAA-BaseSalary),54166.65,54166.65,0.0,OK,
TF25,Lehmann Nadine,2025-10,RETRO,UVGZ-Basis (UVGZ-LAAC-BaseSalary),54166.65,54166.65,0.0,OK,
TF25,Lehmann Nadine,2025-10,RETRO,KTG-Referenzlohn (Reference-AHV-AVS-Salary),54166.65,54166.65,0.0,OK,
TF25,Lehmann Nadine,2025-10,RETRO,"Lohnausweis Bruttolohn (GrossIncome, Ziff. 8)",54166.65,54166.65,0.0,OK,
TF25,Lehmann Nadine,2025-10,RETRO,Lohnausweis BVG ordentlich (Ziff. 10.1 = 5050+1972),4550.0,4550.0,0.0,OK,
TF26,Jenzer Marcel,2025-10,RETRO,AHV-Basis (AHV-AVS-BaseSalary),54166.65,54166.65,0.0,OK,
TF26,Jenzer Marcel,2025-10,RETRO,FAK-Basis (FAK-CAF-ContributorySalary),54166.65,54166.65,0.0,OK,
TF26,Jenzer Marcel,2025-10,RETRO,FAK Kinderzulagen wiederkehrend (3000),0.0,0.0,0.0,OK,
TF26,Jenzer Marcel,2025-10,RETRO,FAK Zulagen einmalig (3001+3034),0.0,0.0,0.0,OK,
TF26,Jenzer Marcel,2025-10,RETRO,UVG-Bruttolohn (UVG-LAA-GrossSalary),54166.65,54166.65,0.0,OK,
TF26,Jenzer Marcel,2025-10,RETRO,UVG-Basis (UVG-LAA-BaseSalary),54166.65,54166.65,0.0,OK,
TF26,Jenzer Marcel,2025-10,RETRO,UVGZ-Basis (UVGZ-LAAC-BaseSalary),54166.65,54166.65,0.0,OK,
TF26,Jenzer Marcel,2025-10,RETRO,KTG-Referenzlohn (Reference-AHV-AVS-Salary),54166.65,54166.65,0.0,OK,
TF26,Jenzer Marcel,2025-10,RETRO,"Lohnausweis Bruttolohn (GrossIncome, Ziff. 8)",54166.65,54166.65,0.0,OK,
TF26,Jenzer Marcel,2025-10,RETRO,Lohnausweis BVG ordentlich (Ziff. 10.1 = 5050+1972),4550.0,4550.0,0.0,OK,
TF27,Rast Eva,2025-10,RETRO,AHV-Basis (AHV-AVS-BaseSalary),60000.0,60000.0,0.0,OK,
TF27,Rast Eva,2025-10,RETRO,FAK-Basis (FAK-CAF-ContributorySalary),60000.0,60000.0,0.0,OK,
TF27,Rast Eva,2025-10,RETRO,FAK Kinderzulagen wiederkehrend (3000),0.0,0.0,0.0,OK,
TF27,Rast Eva,2025-10,RETRO,FAK Zulagen einmalig (3001+3034),0.0,0.0,0.0,OK,
TF27,Rast Eva,2025-10,RETRO,UVG-Bruttolohn (UVG-LAA-GrossSalary),60000.0,60000.0,0.0,OK,
TF27,Rast Eva,2025-10,RETRO,UVG-Basis (UVG-LAA-BaseSalary),60000.0,60000.0,0.0,OK,
TF27,Rast Eva,2025-10,RETRO,UVGZ-Basis (UVGZ-LAAC-BaseSalary),60000.0,60000.0,0.0,OK,
TF27,Rast Eva,2025-10,RETRO,KTG-Referenzlohn (Reference-AHV-AVS-Salary),60000.0,60000.0,0.0,OK,
TF27,Rast Eva,2025-10,RETRO,"Lohnausweis Bruttolohn (GrossIncome, Ziff. 8)",60000.0,60000.0,0.0,OK,
TF27,Rast Eva,2025-10,RETRO,Lohnausweis BVG ordentlich (Ziff. 10.1 = 5050+1972),4800.0,4800.0,0.0,OK,
TF28,Arbenz Esther,2025-10,RETRO,AHV-Basis (AHV-AVS-BaseSalary),80000.0,80000.0,0.0,OK,
TF28,Arbenz Esther,2025-10,RETRO,FAK-Basis (FAK-CAF-ContributorySalary),80000.0,80000.0,0.0,OK,
TF28,Arbenz Esther,2025-10,RETRO,FAK Kinderzulagen wiederkehrend (3000),0.0,0.0,0.0,OK,
TF28,Arbenz Esther,2025-10,RETRO,FAK Zulagen einmalig (3001+3034),0.0,0.0,0.0,OK,
TF28,Arbenz Esther,2025-10,RETRO,UVG-Bruttolohn (UVG-LAA-GrossSalary),80000.0,80000.0,0.0,OK,
TF28,Arbenz Esther,2025-10,RETRO,UVG-Basis (UVG-LAA-BaseSalary),80000.0,80000.0,0.0,OK,
TF28,Arbenz Esther,2025-10,RETRO,UVGZ-Basis (UVGZ-LAAC-BaseSalary),80000.0,80000.0,0.0,OK,
TF28,Arbenz Esther,2025-10,RETRO,KTG-Referenzlohn (Reference-AHV-AVS-Salary),80000.0,80000.0,0.0,OK,
TF28,Arbenz Esther,2025-10,RETRO,"Lohnausweis Bruttolohn (GrossIncome, Ziff. 8)",80000.0,80000.0,0.0,OK,
TF28,Arbenz Esther,2025-10,RETRO,Lohnausweis BVG ordentlich (Ziff. 10.1 = 5050+1972),5200.0,5200.0,0.0,OK,
TF29,Forster Moreno,2025-10,RETRO,AHV-Basis (AHV-AVS-BaseSalary),80000.0,80000.0,0.0,OK,
TF29,Forster Moreno,2025-10,RETRO,FAK-Basis (FAK-CAF-ContributorySalary),80000.0,80000.0,0.0,OK,
TF29,Forster Moreno,2025-10,RETRO,FAK Kinderzulagen wiederkehrend (3000),0.0,0.0,0.0,OK,
TF29,Forster Moreno,2025-10,RETRO,FAK Zulagen einmalig (3001+3034),0.0,0.0,0.0,OK,
TF29,Forster Moreno,2025-10,RETRO,UVG-Bruttolohn (UVG-LAA-GrossSalary),80000.0,80000.0,0.0,OK,
TF29,Forster Moreno,2025-10,RETRO,UVG-Basis (UVG-LAA-BaseSalary),80000.0,80000.0,0.0,OK,
TF29,Forster Moreno,2025-10,RETRO,UVGZ-Basis (UVGZ-LAAC-BaseSalary),80000.0,80000.0,0.0,OK,
TF29,Forster Moreno,2025-10,RETRO,KTG-Referenzlohn (Reference-AHV-AVS-Salary),80000.0,80000.0,0.0,OK,
TF29,Forster Moreno,2025-10,RETRO,"Lohnausweis Bruttolohn (GrossIncome, Ziff. 8)",80000.0,80000.0,0.0,OK,
TF29,Forster Moreno,2025-10,RETRO,Lohnausweis BVG ordentlich (Ziff. 10.1 = 5050+1972),4550.0,4550.0,0.0,OK,
TF30,Müller Heinrich,2025-10,RETRO,AHV-Basis (AHV-AVS-BaseSalary),49500.0,49500.0,0.0,OK,
TF30,Müller Heinrich,2025-10,RETRO,FAK-Basis (FAK-CAF-ContributorySalary),49500.0,49500.0,0.0,OK,
TF30,Müller Heinrich,2025-10,RETRO,FAK Kinderzulagen wiederkehrend (3000),0.0,0.0,0.0,OK,
TF30,Müller Heinrich,2025-10,RETRO,FAK Zulagen einmalig (3001+3034),0.0,0.0,0.0,OK,
TF30,Müller Heinrich,2025-10,RETRO,UVG-Bruttolohn (UVG-LAA-GrossSalary),49500.0,49500.0,0.0,OK,
TF30,Müller Heinrich,2025-10,RETRO,UVG-Basis (UVG-LAA-BaseSalary),49500.0,49500.0,0.0,OK,
TF30,Müller Heinrich,2025-10,RETRO,UVGZ-Basis (UVGZ-LAAC-BaseSalary),49500.0,49500.0,0.0,OK,
TF30,Müller Heinrich,2025-10,RETRO,KTG-Referenzlohn (Reference-AHV-AVS-Salary),49500.0,49500.0,0.0,OK,
TF30,Müller Heinrich,2025-10,RETRO,"Lohnausweis Bruttolohn (GrossIncome, Ziff. 8)",49500.0,49500.0,0.0,OK,
TF30,Müller Heinrich,2025-10,RETRO,Lohnausweis BVG ordentlich (Ziff. 10.1 = 5050+1972),2200.0,2200.0,0.0,OK,
TF31,Bolletto Franca,2025-10,RETRO,AHV-Basis (AHV-AVS-BaseSalary),50000.0,50000.0,0.0,OK,
TF31,Bolletto Franca,2025-10,RETRO,FAK-Basis (FAK-CAF-ContributorySalary),50000.0,50000.0,0.0,OK,
TF31,Bolletto Franca,2025-10,RETRO,FAK Kinderzulagen wiederkehrend (3000),0.0,0.0,0.0,OK,
TF31,Bolletto Franca,2025-10,RETRO,FAK Zulagen einmalig (3001+3034),0.0,0.0,0.0,OK,
TF31,Bolletto Franca,2025-10,RETRO,UVG-Bruttolohn (UVG-LAA-GrossSalary),50000.0,50000.0,0.0,OK,
TF31,Bolletto Franca,2025-10,RETRO,UVG-Basis (UVG-LAA-BaseSalary),50000.0,50000.0,0.0,OK,
TF31,Bolletto Franca,2025-10,RETRO,UVGZ-Basis (UVGZ-LAAC-BaseSalary),50000.0,50000.0,0.0,OK,
TF31,Bolletto Franca,2025-10,RETRO,KTG-Referenzlohn (Reference-AHV-AVS-Salary),50000.0,50000.0,0.0,OK,
TF31,Bolletto Franca,2025-10,RETRO,"Lohnausweis Bruttolohn (GrossIncome, Ziff. 8)",50000.0,50000.0,0.0,OK,
TF31,Bolletto Franca,2025-10,RETRO,Lohnausweis BVG ordentlich (Ziff. 10.1 = 5050+1972),3250.0,3250.0,0.0,OK,
TF32,Armanini Laura,2025-10,RETRO,AHV-Basis (AHV-AVS-BaseSalary),10000.0,10000.0,0.0,OK,
TF32,Armanini Laura,2025-10,RETRO,FAK-Basis (FAK-CAF-ContributorySalary),10000.0,10000.0,0.0,OK,
TF32,Armanini Laura,2025-10,RETRO,FAK Kinderzulagen wiederkehrend (3000),0.0,0.0,0.0,OK,
TF32,Armanini Laura,2025-10,RETRO,FAK Zulagen einmalig (3001+3034),0.0,0.0,0.0,OK,
TF32,Armanini Laura,2025-10,RETRO,UVG-Bruttolohn (UVG-LAA-GrossSalary),10000.0,10000.0,0.0,OK,
TF32,Armanini Laura,2025-10,RETRO,UVG-Basis (UVG-LAA-BaseSalary),10000.0,10000.0,0.0,OK,
TF32,Armanini Laura,2025-10,RETRO,UVGZ-Basis (UVGZ-LAAC-BaseSalary),10000.0,10000.0,0.0,OK,
TF32,Armanini Laura,2025-10,RETRO,KTG-Referenzlohn (Reference-AHV-AVS-Salary),10000.0,10000.0,0.0,OK,
TF32,Armanini Laura,2025-10,RETRO,"Lohnausweis Bruttolohn (GrossIncome, Ziff. 8)",10000.0,10000.0,0.0,OK,
TF32,Armanini Laura,2025-10,RETRO,Lohnausweis BVG ordentlich (Ziff. 10.1 = 5050+1972),800.0,800.0,0.0,OK,
TF33,Châtelain Pierre,2025-10,RETRO,AHV-Basis (AHV-AVS-BaseSalary),50000.0,50000.0,0.0,OK,
TF33,Châtelain Pierre,2025-10,RETRO,FAK-Basis (FAK-CAF-ContributorySalary),50000.0,50000.0,0.0,OK,
TF33,Châtelain Pierre,2025-10,RETRO,FAK Kinderzulagen wiederkehrend (3000),1750.0,1000.0,750.0,DIFF,
TF33,Châtelain Pierre,2025-10,RETRO,FAK Zulagen einmalig (3001+3034),0.0,750.0,-750.0,DIFF,
TF33,Châtelain Pierre,2025-10,RETRO,UVG-Bruttolohn (UVG-LAA-GrossSalary),51750.0,51750.0,0.0,OK,
TF33,Châtelain Pierre,2025-10,RETRO,UVG-Basis (UVG-LAA-BaseSalary),50000.0,50000.0,0.0,OK,
TF33,Châtelain Pierre,2025-10,RETRO,UVGZ-Basis (UVGZ-LAAC-BaseSalary),50000.0,50000.0,0.0,OK,
TF33,Châtelain Pierre,2025-10,RETRO,KTG-Referenzlohn (Reference-AHV-AVS-Salary),50000.0,50000.0,0.0,OK,
TF33,Châtelain Pierre,2025-10,RETRO,"Lohnausweis Bruttolohn (GrossIncome, Ziff. 8)",51750.0,51750.0,0.0,OK,
TF33,Châtelain Pierre,2025-10,RETRO,Lohnausweis BVG ordentlich (Ziff. 10.1 = 5050+1972),3791.7,3791.7,0.0,OK,
TF34,Rinaldi Massimo,2025-10,RETRO,AHV-Basis (AHV-AVS-BaseSalary),50000.0,50000.0,0.0,OK,
TF34,Rinaldi Massimo,2025-10,RETRO,FAK-Basis (FAK-CAF-ContributorySalary),50000.0,50000.0,0.0,OK,
TF34,Rinaldi Massimo,2025-10,RETRO,FAK Kinderzulagen wiederkehrend (3000),1505.0,860.0,645.0,DIFF,
TF34,Rinaldi Massimo,2025-10,RETRO,FAK Zulagen einmalig (3001+3034),0.0,645.0,-645.0,DIFF,
TF34,Rinaldi Massimo,2025-10,RETRO,UVG-Bruttolohn (UVG-LAA-GrossSalary),51505.0,51505.0,0.0,OK,
TF34,Rinaldi Massimo,2025-10,RETRO,UVG-Basis (UVG-LAA-BaseSalary),50000.0,50000.0,0.0,OK,
TF34,Rinaldi Massimo,2025-10,RETRO,UVGZ-Basis (UVGZ-LAAC-BaseSalary),50000.0,50000.0,0.0,OK,
TF34,Rinaldi Massimo,2025-10,RETRO,KTG-Referenzlohn (Reference-AHV-AVS-Salary),50000.0,50000.0,0.0,OK,
TF34,Rinaldi Massimo,2025-10,RETRO,"Lohnausweis Bruttolohn (GrossIncome, Ziff. 8)",51505.0,51505.0,0.0,OK,
TF34,Rinaldi Massimo,2025-10,RETRO,Lohnausweis BVG ordentlich (Ziff. 10.1 = 5050+1972),0.0,0.0,0.0,OK,
TF35,Roos Roland,2025-10,RETRO,AHV-Basis (AHV-AVS-BaseSalary),80000.0,80000.0,0.0,OK,
TF35,Roos Roland,2025-10,RETRO,FAK-Basis (FAK-CAF-ContributorySalary),80000.0,80000.0,0.0,OK,
TF35,Roos Roland,2025-10,RETRO,FAK Kinderzulagen wiederkehrend (3000),250.0,250.0,0.0,OK,
TF35,Roos Roland,2025-10,RETRO,FAK Zulagen einmalig (3001+3034),0.0,0.0,0.0,OK,
TF35,Roos Roland,2025-10,RETRO,UVG-Bruttolohn (UVG-LAA-GrossSalary),80250.0,80250.0,0.0,OK,
TF35,Roos Roland,2025-10,RETRO,UVG-Basis (UVG-LAA-BaseSalary),80000.0,80000.0,0.0,OK,
TF35,Roos Roland,2025-10,RETRO,UVGZ-Basis (UVGZ-LAAC-BaseSalary),80000.0,80000.0,0.0,OK,
TF35,Roos Roland,2025-10,RETRO,KTG-Referenzlohn (Reference-AHV-AVS-Salary),80000.0,80000.0,0.0,OK,
TF35,Roos Roland,2025-10,RETRO,"Lohnausweis Bruttolohn (GrossIncome, Ziff. 8)",80250.0,80250.0,0.0,OK,
TF35,Roos Roland,2025-10,RETRO,Lohnausweis BVG ordentlich (Ziff. 10.1 = 5050+1972),3900.0,3900.02,-0.02,OK,
TF36,Maldini Fabio,2025-10,RETRO,AHV-Basis (AHV-AVS-BaseSalary),80000.0,80000.0,0.0,OK,
TF36,Maldini Fabio,2025-10,RETRO,FAK-Basis (FAK-CAF-ContributorySalary),80000.0,80000.0,0.0,OK,
TF36,Maldini Fabio,2025-10,RETRO,FAK Kinderzulagen wiederkehrend (3000),215.0,215.0,0.0,OK,
TF36,Maldini Fabio,2025-10,RETRO,FAK Zulagen einmalig (3001+3034),0.0,0.0,0.0,OK,
TF36,Maldini Fabio,2025-10,RETRO,UVG-Bruttolohn (UVG-LAA-GrossSalary),80215.0,80215.0,0.0,OK,
TF36,Maldini Fabio,2025-10,RETRO,UVG-Basis (UVG-LAA-BaseSalary),80000.0,80000.0,0.0,OK,
TF36,Maldini Fabio,2025-10,RETRO,UVGZ-Basis (UVGZ-LAAC-BaseSalary),80000.0,80000.0,0.0,OK,
TF36,Maldini Fabio,2025-10,RETRO,KTG-Referenzlohn (Reference-AHV-AVS-Salary),80000.0,80000.0,0.0,OK,
TF36,Maldini Fabio,2025-10,RETRO,"Lohnausweis Bruttolohn (GrossIncome, Ziff. 8)",80215.0,80215.0,0.0,OK,
TF36,Maldini Fabio,2025-10,RETRO,Lohnausweis BVG ordentlich (Ziff. 10.1 = 5050+1972),4225.0,4224.98,0.02,OK,
TF37,Oberli Christine,2025-10,RETRO,AHV-Basis (AHV-AVS-BaseSalary),5000.0,5000.0,0.0,OK,
TF37,Oberli Christine,2025-10,RETRO,FAK-Basis (FAK-CAF-ContributorySalary),5000.0,5000.0,0.0,OK,
TF37,Oberli Christine,2025-10,RETRO,FAK Kinderzulagen wiederkehrend (3000),250.0,250.0,0.0,OK,
TF37,Oberli Christine,2025-10,RETRO,FAK Zulagen einmalig (3001+3034),0.0,0.0,0.0,OK,
TF37,Oberli Christine,2025-10,RETRO,UVG-Bruttolohn (UVG-LAA-GrossSalary),5250.0,5250.0,0.0,OK,
TF37,Oberli Christine,2025-10,RETRO,UVG-Basis (UVG-LAA-BaseSalary),5000.0,5000.0,0.0,OK,
TF37,Oberli Christine,2025-10,RETRO,UVGZ-Basis (UVGZ-LAAC-BaseSalary),5000.0,5000.0,0.0,OK,
TF37,Oberli Christine,2025-10,RETRO,KTG-Referenzlohn (Reference-AHV-AVS-Salary),5000.0,5000.0,0.0,OK,
TF37,Oberli Christine,2025-10,RETRO,"Lohnausweis Bruttolohn (GrossIncome, Ziff. 8)",5250.0,5250.0,0.0,OK,
TF37,Oberli Christine,2025-10,RETRO,Lohnausweis BVG ordentlich (Ziff. 10.1 = 5050+1972),400.0,400.0,0.0,OK,
TF38,Jung Claude,2025-10,RETRO,AHV-Basis (AHV-AVS-BaseSalary),45300.0,45300.0,0.0,OK,
TF38,Jung Claude,2025-10,RETRO,FAK-Basis (FAK-CAF-ContributorySalary),45300.0,45300.0,0.0,OK,
TF38,Jung Claude,2025-10,RETRO,FAK Kinderzulagen wiederkehrend (3000),0.0,0.0,0.0,OK,
TF38,Jung Claude,2025-10,RETRO,FAK Zulagen einmalig (3001+3034),0.0,0.0,0.0,OK,
TF38,Jung Claude,2025-10,RETRO,UVG-Bruttolohn (UVG-LAA-GrossSalary),45300.0,45300.0,0.0,OK,
TF38,Jung Claude,2025-10,RETRO,UVG-Basis (UVG-LAA-BaseSalary),45300.0,45300.0,0.0,OK,
TF38,Jung Claude,2025-10,RETRO,UVGZ-Basis (UVGZ-LAAC-BaseSalary),45300.0,45300.0,0.0,OK,
TF38,Jung Claude,2025-10,RETRO,KTG-Referenzlohn (Reference-AHV-AVS-Salary),45300.0,45300.0,0.0,OK,
TF38,Jung Claude,2025-10,RETRO,"Lohnausweis Bruttolohn (GrossIncome, Ziff. 8)",45300.0,45300.0,0.0,OK,
TF38,Jung Claude,2025-10,RETRO,Lohnausweis BVG ordentlich (Ziff. 10.1 = 5050+1972),3933.3,3933.3,0.0,OK,
TF39,Hasler Harald,2025-10,RETRO,UVG-Bruttolohn (UVG-LAA-GrossSalary),10000.0,10000.0,0.0,OK,
TF39,Hasler Harald,2025-10,RETRO,UVG-Basis (UVG-LAA-BaseSalary),10000.0,10000.0,0.0,OK,
TF39,Hasler Harald,2025-10,RETRO,UVGZ-Basis (UVGZ-LAAC-BaseSalary),10000.0,10000.0,0.0,OK,
TF39,Hasler Harald,2025-10,RETRO,KTG-Referenzlohn (Reference-AHV-AVS-Salary),10000.0,10000.0,0.0,OK,
TF39,Hasler Harald,2025-10,RETRO,"Lohnausweis Bruttolohn (GrossIncome, Ziff. 8)",10000.0,10000.0,0.0,OK,
TF39,Hasler Harald,2025-10,RETRO,Lohnausweis BVG ordentlich (Ziff. 10.1 = 5050+1972),0.0,0.0,0.0,OK,
TF40,Farine Corinne,2025-10,RETRO,AHV-Basis (AHV-AVS-BaseSalary),36300.0,36300.0,0.0,OK,
TF40,Farine Corinne,2025-10,RETRO,FAK-Basis (FAK-CAF-ContributorySalary),36300.0,36300.0,0.0,OK,
TF40,Farine Corinne,2025-10,RETRO,FAK Kinderzulagen wiederkehrend (3000),1072.0,1072.0,0.0,OK,
TF40,Farine Corinne,2025-10,RETRO,FAK Zulagen einmalig (3001+3034),0.0,0.0,0.0,OK,
TF40,Farine Corinne,2025-10,RETRO,UVG-Bruttolohn (UVG-LAA-GrossSalary),37372.0,37372.0,0.0,OK,
TF40,Farine Corinne,2025-10,RETRO,UVG-Basis (UVG-LAA-BaseSalary),36300.0,36300.0,0.0,OK,
TF40,Farine Corinne,2025-10,RETRO,UVGZ-Basis (UVGZ-LAAC-BaseSalary),36300.0,36300.0,0.0,OK,
TF40,Farine Corinne,2025-10,RETRO,KTG-Referenzlohn (Reference-AHV-AVS-Salary),36300.0,36300.0,0.0,OK,
TF40,Farine Corinne,2025-10,RETRO,"Lohnausweis Bruttolohn (GrossIncome, Ziff. 8)",37372.0,37372.0,0.0,OK,
TF40,Farine Corinne,2025-10,RETRO,Lohnausweis BVG ordentlich (Ziff. 10.1 = 5050+1972),1273.35,1273.34,0.01,OK,
TF41,Meier Max,2025-10,RETRO,AHV-Basis (AHV-AVS-BaseSalary),90000.0,90000.0,0.0,OK,
TF41,Meier Max,2025-10,RETRO,FAK-Basis (FAK-CAF-ContributorySalary),90000.0,90000.0,0.0,OK,
TF41,Meier Max,2025-10,RETRO,FAK Kinderzulagen wiederkehrend (3000),0.0,0.0,0.0,OK,
TF41,Meier Max,2025-10,RETRO,FAK Zulagen einmalig (3001+3034),0.0,0.0,0.0,OK,
TF41,Meier Max,2025-10,RETRO,UVG-Bruttolohn (UVG-LAA-GrossSalary),90000.0,90000.0,0.0,OK,
TF41,Meier Max,2025-10,RETRO,UVG-Basis (UVG-LAA-BaseSalary),90000.0,90000.0,0.0,OK,
TF41,Meier Max,2025-10,RETRO,UVGZ-Basis (UVGZ-LAAC-BaseSalary),90000.0,90000.0,0.0,OK,
TF41,Meier Max,2025-10,RETRO,KTG-Referenzlohn (Reference-AHV-AVS-Salary),90000.0,90000.0,0.0,OK,
TF41,Meier Max,2025-10,RETRO,"Lohnausweis Bruttolohn (GrossIncome, Ziff. 8)",90000.0,90000.0,0.0,OK,
TF41,Meier Max,2025-10,RETRO,Lohnausweis BVG ordentlich (Ziff. 10.1 = 5050+1972),0.0,0.0,0.0,OK,
TF44,Lusser Hans,2025-10,RETRO,AHV-Basis (AHV-AVS-BaseSalary),-5000.0,-5000.0,0.0,OK,
TF44,Lusser Hans,2025-10,RETRO,FAK-Basis (FAK-CAF-ContributorySalary),-5000.0,-5000.0,0.0,OK,
TF44,Lusser Hans,2025-10,RETRO,FAK Kinderzulagen wiederkehrend (3000),0.0,0.0,0.0,OK,
TF44,Lusser Hans,2025-10,RETRO,FAK Zulagen einmalig (3001+3034),0.0,0.0,0.0,OK,
TF44,Lusser Hans,2025-10,RETRO,UVG-Bruttolohn (UVG-LAA-GrossSalary),23000.0,23000.0,0.0,OK,
TF44,Lusser Hans,2025-10,RETRO,UVG-Basis (UVG-LAA-BaseSalary),-5000.0,-5000.0,0.0,OK,
TF44,Lusser Hans,2025-10,RETRO,UVGZ-Basis (UVGZ-LAAC-BaseSalary),-5000.0,-5000.0,0.0,OK,
TF44,Lusser Hans,2025-10,RETRO,KTG-Referenzlohn (Reference-AHV-AVS-Salary),-5000.0,-5000.0,0.0,OK,
TF44,Lusser Hans,2025-10,RETRO,"Lohnausweis Bruttolohn (GrossIncome, Ziff. 8)",23000.0,23000.0,0.0,OK,
TF44,Lusser Hans,2025-10,RETRO,Lohnausweis BVG ordentlich (Ziff. 10.1 = 5050+1972),770.0,770.0,0.0,OK,
TF02,Paganini Maria,2025-10,MONTHLY,Statistik Grundlohn (GrossBaseSalaryAndRegularAllowance),2457.85,2457.85,0.0,OK,
TF02,Paganini Maria,2025-10,MONTHLY,Statistik Zulagen (Allowances),81.0,0.0,81.0,DIFF,
TF02,Paganini Maria,2025-10,MONTHLY,Statistik Familienzulagen (FamilyIncomeSupplement),215.0,215.0,0.0,OK,
TF02,Paganini Maria,2025-10,MONTHLY,Statistik Leistungen Dritter (PaymentsByThird),0.0,0.0,0.0,OK,
TF02,Paganini Maria,2025-10,MONTHLY,Statistik BVG-Beitrag AN (BVG-LPP-RegularContribution),0.0,-0.0,0.0,OK,
TF03,Lusser Pia,2025-10,MONTHLY,Statistik Grundlohn (GrossBaseSalaryAndRegularAllowance),1500.0,1500.0,0.0,OK,
TF03,Lusser Pia,2025-10,MONTHLY,Statistik Zulagen (Allowances),0.0,0.0,0.0,OK,
TF03,Lusser Pia,2025-10,MONTHLY,Statistik Familienzulagen (FamilyIncomeSupplement),0.0,0.0,0.0,OK,
TF03,Lusser Pia,2025-10,MONTHLY,Statistik Leistungen Dritter (PaymentsByThird),0.0,0.0,0.0,OK,
TF03,Lusser Pia,2025-10,MONTHLY,Statistik BVG-Beitrag AN (BVG-LPP-RegularContribution),0.0,-0.0,0.0,OK,
TF04,Fankhauser Markus,2025-10,MONTHLY,Statistik Grundlohn (GrossBaseSalaryAndRegularAllowance),30000.0,30000.0,0.0,OK,
TF04,Fankhauser Markus,2025-10,MONTHLY,Statistik Zulagen (Allowances),0.0,0.0,0.0,OK,
TF04,Fankhauser Markus,2025-10,MONTHLY,Statistik Familienzulagen (FamilyIncomeSupplement),0.0,0.0,0.0,OK,
TF04,Fankhauser Markus,2025-10,MONTHLY,Statistik Leistungen Dritter (PaymentsByThird),0.0,0.0,0.0,OK,
TF04,Fankhauser Markus,2025-10,MONTHLY,Statistik BVG-Beitrag AN (BVG-LPP-RegularContribution),-2800.0,-2800.0,0.0,OK,
TF05,Moser Johann,2025-10,MONTHLY,Statistik Grundlohn (GrossBaseSalaryAndRegularAllowance),1350.0,1350.0,0.0,OK,
TF05,Moser Johann,2025-10,MONTHLY,Statistik Zulagen (Allowances),0.0,0.0,0.0,OK,
TF05,Moser Johann,2025-10,MONTHLY,Statistik Familienzulagen (FamilyIncomeSupplement),0.0,0.0,0.0,OK,
TF05,Moser Johann,2025-10,MONTHLY,Statistik Leistungen Dritter (PaymentsByThird),0.0,0.0,0.0,OK,
TF05,Moser Johann,2025-10,MONTHLY,Statistik BVG-Beitrag AN (BVG-LPP-RegularContribution),0.0,-0.0,0.0,OK,
TF06,Zahnd Anita,2025-10,MONTHLY,Statistik Grundlohn (GrossBaseSalaryAndRegularAllowance),13500.0,13500.0,0.0,OK,
TF06,Zahnd Anita,2025-10,MONTHLY,Statistik Zulagen (Allowances),0.0,0.0,0.0,OK,
TF06,Zahnd Anita,2025-10,MONTHLY,Statistik Familienzulagen (FamilyIncomeSupplement),0.0,0.0,0.0,OK,
TF06,Zahnd Anita,2025-10,MONTHLY,Statistik Leistungen Dritter (PaymentsByThird),0.0,0.0,0.0,OK,
TF06,Zahnd Anita,2025-10,MONTHLY,Statistik BVG-Beitrag AN (BVG-LPP-RegularContribution),-1080.0,-1080.0,0.0,OK,
TF08,Lamon René,2025-10,MONTHLY,Statistik Grundlohn (GrossBaseSalaryAndRegularAllowance),7638.45,7638.45,0.0,OK,
TF08,Lamon René,2025-10,MONTHLY,Statistik Zulagen (Allowances),81.0,0.0,81.0,DIFF,
TF08,Lamon René,2025-10,MONTHLY,Statistik Familienzulagen (FamilyIncomeSupplement),250.0,250.0,0.0,OK,
TF08,Lamon René,2025-10,MONTHLY,Statistik Leistungen Dritter (PaymentsByThird),0.0,0.0,0.0,OK,
TF08,Lamon René,2025-10,MONTHLY,Statistik BVG-Beitrag AN (BVG-LPP-RegularContribution),-603.79,-603.79,0.0,OK,
TF09,Estermann Michael,2025-10,MONTHLY,Statistik Grundlohn (GrossBaseSalaryAndRegularAllowance),1000.0,1000.0,0.0,OK,
TF09,Estermann Michael,2025-10,MONTHLY,Statistik Zulagen (Allowances),0.0,0.0,0.0,OK,
TF09,Estermann Michael,2025-10,MONTHLY,Statistik Familienzulagen (FamilyIncomeSupplement),0.0,0.0,0.0,OK,
TF09,Estermann Michael,2025-10,MONTHLY,Statistik Leistungen Dritter (PaymentsByThird),30000.0,0.0,30000.0,DIFF,
TF09,Estermann Michael,2025-10,MONTHLY,Statistik BVG-Beitrag AN (BVG-LPP-RegularContribution),0.0,-0.0,0.0,OK,
TF10,Ganz Heinz,2025-10,MONTHLY,Statistik Grundlohn (GrossBaseSalaryAndRegularAllowance),6400.0,6400.0,0.0,OK,
TF10,Ganz Heinz,2025-10,MONTHLY,Statistik Zulagen (Allowances),0.0,0.0,0.0,OK,
TF10,Ganz Heinz,2025-10,MONTHLY,Statistik Familienzulagen (FamilyIncomeSupplement),0.0,0.0,0.0,OK,
TF10,Ganz Heinz,2025-10,MONTHLY,Statistik Leistungen Dritter (PaymentsByThird),0.0,0.0,0.0,OK,
TF10,Ganz Heinz,2025-10,MONTHLY,Statistik BVG-Beitrag AN (BVG-LPP-RegularContribution),-448.0,-448.0,0.0,OK,
TF11,Bosshard Peter,2025-10,MONTHLY,Statistik Grundlohn (GrossBaseSalaryAndRegularAllowance),50500.0,31950.0,18550.0,DIFF,
TF11,Bosshard Peter,2025-10,MONTHLY,Statistik Zulagen (Allowances),0.0,0.0,0.0,OK,
TF11,Bosshard Peter,2025-10,MONTHLY,Statistik Familienzulagen (FamilyIncomeSupplement),475.0,475.0,0.0,OK,
TF11,Bosshard Peter,2025-10,MONTHLY,Statistik Leistungen Dritter (PaymentsByThird),0.0,0.0,0.0,OK,
TF11,Bosshard Peter,2025-10,MONTHLY,Statistik BVG-Beitrag AN (BVG-LPP-RegularContribution),-2469.83,-2469.83,0.0,OK,
TF12,Casanova Renato,2025-10,MONTHLY,Statistik Grundlohn (GrossBaseSalaryAndRegularAllowance),1000.0,0.0,1000.0,DIFF,
TF12,Casanova Renato,2025-10,MONTHLY,Statistik Zulagen (Allowances),0.0,0.0,0.0,OK,
TF12,Casanova Renato,2025-10,MONTHLY,Statistik Familienzulagen (FamilyIncomeSupplement),0.0,0.0,0.0,OK,
TF12,Casanova Renato,2025-10,MONTHLY,Statistik Leistungen Dritter (PaymentsByThird),0.0,0.0,0.0,OK,
TF12,Casanova Renato,2025-10,MONTHLY,Statistik BVG-Beitrag AN (BVG-LPP-RegularContribution),-866.67,-866.67,0.0,OK,
TF13,Combertaldi Renato,2025-10,MONTHLY,Statistik Grundlohn (GrossBaseSalaryAndRegularAllowance),2200.0,2200.0,0.0,OK,
TF13,Combertaldi Renato,2025-10,MONTHLY,Statistik Zulagen (Allowances),0.0,0.0,0.0,OK,
TF13,Combertaldi Renato,2025-10,MONTHLY,Statistik Familienzulagen (FamilyIncomeSupplement),0.0,0.0,0.0,OK,
TF13,Combertaldi Renato,2025-10,MONTHLY,Statistik Leistungen Dritter (PaymentsByThird),0.0,0.0,0.0,OK,
TF13,Combertaldi Renato,2025-10,MONTHLY,Statistik BVG-Beitrag AN (BVG-LPP-RegularContribution),0.0,-0.0,0.0,OK,
TF14,Egli Anna,2025-10,MONTHLY,Statistik Grundlohn (GrossBaseSalaryAndRegularAllowance),2500.0,2500.0,0.0,OK,
TF14,Egli Anna,2025-10,MONTHLY,Statistik Zulagen (Allowances),0.0,0.0,0.0,OK,
TF14,Egli Anna,2025-10,MONTHLY,Statistik Familienzulagen (FamilyIncomeSupplement),0.0,0.0,0.0,OK,
TF14,Egli Anna,2025-10,MONTHLY,Statistik Leistungen Dritter (PaymentsByThird),0.0,0.0,0.0,OK,
TF14,Egli Anna,2025-10,MONTHLY,Statistik BVG-Beitrag AN (BVG-LPP-RegularContribution),0.0,-0.0,0.0,OK,
TF17,Binggeli Fritz,2025-10,MONTHLY,Statistik Grundlohn (GrossBaseSalaryAndRegularAllowance),4550.0,4550.0,0.0,OK,
TF17,Binggeli Fritz,2025-10,MONTHLY,Statistik Zulagen (Allowances),0.0,0.0,0.0,OK,
TF17,Binggeli Fritz,2025-10,MONTHLY,Statistik Familienzulagen (FamilyIncomeSupplement),0.0,0.0,0.0,OK,
TF17,Binggeli Fritz,2025-10,MONTHLY,Statistik Leistungen Dritter (PaymentsByThird),0.0,0.0,0.0,OK,
TF17,Binggeli Fritz,2025-10,MONTHLY,Statistik BVG-Beitrag AN (BVG-LPP-RegularContribution),-318.5,-318.5,0.0,OK,
TF17,Binggeli Fritz,2025-10,MONTHLY,QST steuerbarer Lohn TI A0N (TaxableEarning),4550.0,4550.0,0.0,OK,"Satz-Lohn 6500.00, QST 495.95"
TF18,Blanc Pierre,2025-10,MONTHLY,Statistik Grundlohn (GrossBaseSalaryAndRegularAllowance),2437.55,2437.55,0.0,OK,
TF18,Blanc Pierre,2025-10,MONTHLY,Statistik Zulagen (Allowances),0.0,0.0,0.0,OK,
TF18,Blanc Pierre,2025-10,MONTHLY,Statistik Familienzulagen (FamilyIncomeSupplement),0.0,0.0,0.0,OK,
TF18,Blanc Pierre,2025-10,MONTHLY,Statistik Leistungen Dritter (PaymentsByThird),0.0,0.0,0.0,OK,
TF18,Blanc Pierre,2025-10,MONTHLY,Statistik BVG-Beitrag AN (BVG-LPP-RegularContribution),-76.44,-76.44,0.0,OK,
TF18,Blanc Pierre,2025-10,MONTHLY,QST steuerbarer Lohn BE B0Y (TaxableEarning),2437.55,2437.55,0.0,OK,"Satz-Lohn 6730.80, QST 234.75"
TF19,Andrey Melanie,2025-10,MONTHLY,Statistik Grundlohn (GrossBaseSalaryAndRegularAllowance),2600.0,2600.0,0.0,OK,
TF19,Andrey Melanie,2025-10,MONTHLY,Statistik Zulagen (Allowances),0.0,0.0,0.0,OK,
TF19,Andrey Melanie,2025-10,MONTHLY,Statistik Familienzulagen (FamilyIncomeSupplement),0.0,0.0,0.0,OK,
TF19,Andrey Melanie,2025-10,MONTHLY,Statistik Leistungen Dritter (PaymentsByThird),0.0,0.0,0.0,OK,
TF19,Andrey Melanie,2025-10,MONTHLY,Statistik BVG-Beitrag AN (BVG-LPP-RegularContribution),-197.16,-197.16,0.0,OK,
TF19,Andrey Melanie,2025-10,MONTHLY,QST steuerbarer Lohn TI A0N (TaxableEarning),2600.0,2600.0,0.0,OK,"Satz-Lohn 3224.00, QST 93.60"
TF22,Bucher Elisabeth,2025-10,MONTHLY,Statistik Grundlohn (GrossBaseSalaryAndRegularAllowance),3538.4,3538.4,0.0,OK,
TF22,Bucher Elisabeth,2025-10,MONTHLY,Statistik Zulagen (Allowances),0.0,0.0,0.0,OK,
TF22,Bucher Elisabeth,2025-10,MONTHLY,Statistik Familienzulagen (FamilyIncomeSupplement),0.0,0.0,0.0,OK,
TF22,Bucher Elisabeth,2025-10,MONTHLY,Statistik Leistungen Dritter (PaymentsByThird),0.0,0.0,0.0,OK,
TF22,Bucher Elisabeth,2025-10,MONTHLY,Statistik BVG-Beitrag AN (BVG-LPP-RegularContribution),-320.83,-320.83,0.0,OK,
TF22,Bucher Elisabeth,2025-10,MONTHLY,QST steuerbarer Lohn TI C0N (TaxableEarning),3538.4,3538.4,0.0,OK,"Satz-Lohn 4717.85, QST 155.90"
TF23,Koller Ludwig,2025-10,MONTHLY,Statistik Grundlohn (GrossBaseSalaryAndRegularAllowance),5000.0,5000.0,0.0,OK,
TF23,Koller Ludwig,2025-10,MONTHLY,Statistik Zulagen (Allowances),0.0,0.0,0.0,OK,
TF23,Koller Ludwig,2025-10,MONTHLY,Statistik Familienzulagen (FamilyIncomeSupplement),215.0,215.0,0.0,OK,
TF23,Koller Ludwig,2025-10,MONTHLY,Statistik Leistungen Dritter (PaymentsByThird),0.0,0.0,0.0,OK,
TF23,Koller Ludwig,2025-10,MONTHLY,Statistik BVG-Beitrag AN (BVG-LPP-RegularContribution),-379.16,-379.16,0.0,OK,
TF23,Koller Ludwig,2025-10,MONTHLY,QST steuerbarer Lohn TI B0N (TaxableEarning),5215.0,5215.0,0.0,OK,"Satz-Lohn 7521.50, QST 391.15"
TF24,Utzinger Jan,2025-10,MONTHLY,Statistik Grundlohn (GrossBaseSalaryAndRegularAllowance),11000.0,11000.0,0.0,OK,
TF24,Utzinger Jan,2025-10,MONTHLY,Statistik Zulagen (Allowances),0.0,0.0,0.0,OK,
TF24,Utzinger Jan,2025-10,MONTHLY,Statistik Familienzulagen (FamilyIncomeSupplement),0.0,0.0,0.0,OK,
TF24,Utzinger Jan,2025-10,MONTHLY,Statistik Leistungen Dritter (PaymentsByThird),0.0,0.0,0.0,OK,
TF24,Utzinger Jan,2025-10,MONTHLY,Statistik BVG-Beitrag AN (BVG-LPP-RegularContribution),-834.17,-834.17,0.0,OK,
TF24,Utzinger Jan,2025-10,MONTHLY,QST steuerbarer Lohn TI C0N (TaxableEarning),11000.0,11000.0,0.0,OK,"Satz-Lohn 9200.00, QST 1625.00"
TF27,Rast Eva,2025-10,MONTHLY,Statistik Grundlohn (GrossBaseSalaryAndRegularAllowance),10000.0,10000.0,0.0,OK,
TF27,Rast Eva,2025-10,MONTHLY,Statistik Zulagen (Allowances),0.0,0.0,0.0,OK,
TF27,Rast Eva,2025-10,MONTHLY,Statistik Familienzulagen (FamilyIncomeSupplement),0.0,0.0,0.0,OK,
TF27,Rast Eva,2025-10,MONTHLY,Statistik Leistungen Dritter (PaymentsByThird),0.0,0.0,0.0,OK,
TF27,Rast Eva,2025-10,MONTHLY,Statistik BVG-Beitrag AN (BVG-LPP-RegularContribution),-800.0,-800.0,0.0,OK,
TF27,Rast Eva,2025-10,MONTHLY,QST steuerbarer Lohn BE L0N (TaxableEarning),10000.0,10000.0,0.0,OK,"Satz-Lohn 10000.00, QST 450.00"
TF28,Arbenz Esther,2025-10,MONTHLY,Statistik Grundlohn (GrossBaseSalaryAndRegularAllowance),6000.0,6000.0,0.0,OK,
TF28,Arbenz Esther,2025-10,MONTHLY,Statistik Zulagen (Allowances),0.0,0.0,0.0,OK,
TF28,Arbenz Esther,2025-10,MONTHLY,Statistik Familienzulagen (FamilyIncomeSupplement),0.0,0.0,0.0,OK,
TF28,Arbenz Esther,2025-10,MONTHLY,Statistik Leistungen Dritter (PaymentsByThird),0.0,0.0,0.0,OK,
TF28,Arbenz Esther,2025-10,MONTHLY,Statistik BVG-Beitrag AN (BVG-LPP-RegularContribution),-520.0,-520.0,0.0,OK,
TF28,Arbenz Esther,2025-10,MONTHLY,QST steuerbarer Lohn BE A0Y (TaxableEarning),2100.0,6000.0,-3900.0,DIFF,"Satz-Lohn 8000.00, QST 307.85"
TF29,Forster Moreno,2025-10,MONTHLY,Statistik Grundlohn (GrossBaseSalaryAndRegularAllowance),6000.0,6000.0,0.0,OK,
TF29,Forster Moreno,2025-10,MONTHLY,Statistik Zulagen (Allowances),0.0,0.0,0.0,OK,
TF29,Forster Moreno,2025-10,MONTHLY,Statistik Familienzulagen (FamilyIncomeSupplement),0.0,0.0,0.0,OK,
TF29,Forster Moreno,2025-10,MONTHLY,Statistik Leistungen Dritter (PaymentsByThird),0.0,0.0,0.0,OK,
TF29,Forster Moreno,2025-10,MONTHLY,Statistik BVG-Beitrag AN (BVG-LPP-RegularContribution),-455.0,-455.0,0.0,OK,
TF29,Forster Moreno,2025-10,MONTHLY,QST steuerbarer Lohn TI A0N (TaxableEarning),2100.0,6000.0,-3900.0,DIFF,"Satz-Lohn 9666.65, QST 306.60"
TF31,Bolletto Franca,2025-10,MONTHLY,Statistik Grundlohn (GrossBaseSalaryAndRegularAllowance),5000.0,5000.0,0.0,OK,
TF31,Bolletto Franca,2025-10,MONTHLY,Statistik Zulagen (Allowances),0.0,0.0,0.0,OK,
TF31,Bolletto Franca,2025-10,MONTHLY,Statistik Familienzulagen (FamilyIncomeSupplement),0.0,0.0,0.0,OK,
TF31,Bolletto Franca,2025-10,MONTHLY,Statistik Leistungen Dritter (PaymentsByThird),0.0,0.0,0.0,OK,
TF31,Bolletto Franca,2025-10,MONTHLY,Statistik BVG-Beitrag AN (BVG-LPP-RegularContribution),-325.0,-325.0,0.0,OK,
TF31,Bolletto Franca,2025-10,MONTHLY,QST steuerbarer Lohn VD B0N (TaxableEarning),5000.0,5000.0,0.0,OK,"Satz-Lohn 5000.00, QST 117.00"
TF32,Armanini Laura,2025-10,MONTHLY,Statistik Grundlohn (GrossBaseSalaryAndRegularAllowance),5000.0,5000.0,0.0,OK,
TF32,Armanini Laura,2025-10,MONTHLY,Statistik Zulagen (Allowances),0.0,0.0,0.0,OK,
TF32,Armanini Laura,2025-10,MONTHLY,Statistik Familienzulagen (FamilyIncomeSupplement),0.0,0.0,0.0,OK,
TF32,Armanini Laura,2025-10,MONTHLY,Statistik Leistungen Dritter (PaymentsByThird),0.0,0.0,0.0,OK,
TF32,Armanini Laura,2025-10,MONTHLY,Statistik BVG-Beitrag AN (BVG-LPP-RegularContribution),-400.0,-400.0,0.0,OK,
TF32,Armanini Laura,2025-10,MONTHLY,QST steuerbarer Lohn BE A0Y (TaxableEarning),5000.0,5000.0,0.0,OK,"Satz-Lohn 5000.00, QST 547.50"
TF33,Châtelain Pierre,2025-10,MONTHLY,Statistik Grundlohn (GrossBaseSalaryAndRegularAllowance),5000.0,5000.0,0.0,OK,
TF33,Châtelain Pierre,2025-10,MONTHLY,Statistik Zulagen (Allowances),0.0,0.0,0.0,OK,
TF33,Châtelain Pierre,2025-10,MONTHLY,Statistik Familienzulagen (FamilyIncomeSupplement),250.0,250.0,0.0,OK,
TF33,Châtelain Pierre,2025-10,MONTHLY,Statistik Leistungen Dritter (PaymentsByThird),0.0,0.0,0.0,OK,
TF33,Châtelain Pierre,2025-10,MONTHLY,Statistik BVG-Beitrag AN (BVG-LPP-RegularContribution),-379.17,-379.17,0.0,OK,
TF33,Châtelain Pierre,2025-10,MONTHLY,QST steuerbarer Lohn BE B1Y (TaxableEarning),5250.0,5250.0,0.0,OK,"Satz-Lohn 5250.00, QST 224.70"
TF34,Rinaldi Massimo,2025-10,MONTHLY,Statistik Grundlohn (GrossBaseSalaryAndRegularAllowance),5000.0,5000.0,0.0,OK,
TF34,Rinaldi Massimo,2025-10,MONTHLY,Statistik Zulagen (Allowances),0.0,0.0,0.0,OK,
TF34,Rinaldi Massimo,2025-10,MONTHLY,Statistik Familienzulagen (FamilyIncomeSupplement),215.0,215.0,0.0,OK,
TF34,Rinaldi Massimo,2025-10,MONTHLY,Statistik Leistungen Dritter (PaymentsByThird),0.0,0.0,0.0,OK,
TF34,Rinaldi Massimo,2025-10,MONTHLY,Statistik BVG-Beitrag AN (BVG-LPP-RegularContribution),0.0,-0.0,0.0,OK,
TF34,Rinaldi Massimo,2025-10,MONTHLY,QST steuerbarer Lohn TI B1N (TaxableEarning),5215.0,5215.0,0.0,OK,"Satz-Lohn 5139.75, QST 99.10"
TF35,Roos Roland,2025-10,MONTHLY,Statistik Grundlohn (GrossBaseSalaryAndRegularAllowance),5000.0,5000.0,0.0,OK,
TF35,Roos Roland,2025-10,MONTHLY,Statistik Zulagen (Allowances),0.0,0.0,0.0,OK,
TF35,Roos Roland,2025-10,MONTHLY,Statistik Familienzulagen (FamilyIncomeSupplement),250.0,250.0,0.0,OK,
TF35,Roos Roland,2025-10,MONTHLY,Statistik Leistungen Dritter (PaymentsByThird),0.0,0.0,0.0,OK,
TF35,Roos Roland,2025-10,MONTHLY,Statistik BVG-Beitrag AN (BVG-LPP-RegularContribution),-433.33,-433.33,0.0,OK,
TF35,Roos Roland,2025-10,MONTHLY,QST steuerbarer Lohn BE B0Y (TaxableEarning),5250.0,5250.0,0.0,OK,"Satz-Lohn 5250.00, QST 397.95"
TF36,Maldini Fabio,2025-10,MONTHLY,Statistik Grundlohn (GrossBaseSalaryAndRegularAllowance),5000.0,5000.0,0.0,OK,
TF36,Maldini Fabio,2025-10,MONTHLY,Statistik Zulagen (Allowances),0.0,0.0,0.0,OK,
TF36,Maldini Fabio,2025-10,MONTHLY,Statistik Familienzulagen (FamilyIncomeSupplement),215.0,215.0,0.0,OK,
TF36,Maldini Fabio,2025-10,MONTHLY,Statistik Leistungen Dritter (PaymentsByThird),0.0,0.0,0.0,OK,
TF36,Maldini Fabio,2025-10,MONTHLY,Statistik BVG-Beitrag AN (BVG-LPP-RegularContribution),-379.17,-379.17,0.0,OK,
TF36,Maldini Fabio,2025-10,MONTHLY,QST steuerbarer Lohn TI T0N (TaxableEarning),5215.0,5215.0,0.0,OK,"Satz-Lohn 5107.50, QST 354.20"
TF38,Jung Claude,2025-10,MONTHLY,Statistik Grundlohn (GrossBaseSalaryAndRegularAllowance),3000.0,3000.0,0.0,OK,
TF38,Jung Claude,2025-10,MONTHLY,Statistik Zulagen (Allowances),0.0,0.0,0.0,OK,
TF38,Jung Claude,2025-10,MONTHLY,Statistik Familienzulagen (FamilyIncomeSupplement),0.0,0.0,0.0,OK,
TF38,Jung Claude,2025-10,MONTHLY,Statistik Leistungen Dritter (PaymentsByThird),0.0,0.0,0.0,OK,
TF38,Jung Claude,2025-10,MONTHLY,Statistik BVG-Beitrag AN (BVG-LPP-RegularContribution),-393.33,-393.33,0.0,OK,
TF38,Jung Claude,2025-10,MONTHLY,QST steuerbarer Lohn BE A0Y (TaxableEarning),3000.0,3000.0,0.0,OK,"Satz-Lohn 3000.00, QST 171.60"
TF39,Hasler Harald,2025-10,MONTHLY,Statistik Grundlohn (GrossBaseSalaryAndRegularAllowance),0.0,0.0,0.0,OK,
TF39,Hasler Harald,2025-10,MONTHLY,Statistik Zulagen (Allowances),0.0,0.0,0.0,OK,
TF39,Hasler Harald,2025-10,MONTHLY,Statistik Familienzulagen (FamilyIncomeSupplement),0.0,0.0,0.0,OK,
TF39,Hasler Harald,2025-10,MONTHLY,Statistik Leistungen Dritter (PaymentsByThird),0.0,0.0,0.0,OK,
TF39,Hasler Harald,2025-10,MONTHLY,Statistik BVG-Beitrag AN (BVG-LPP-RegularContribution),0.0,-0.0,0.0,OK,
TF39,Hasler Harald,2025-10,MONTHLY,QST steuerbarer Lohn BE None (TaxableEarning),0.0,0.0,0.0,OK,"Satz-Lohn 0.00, QST 0.00"
TF40,Farine Corinne,2025-10,MONTHLY,Statistik Grundlohn (GrossBaseSalaryAndRegularAllowance),4000.0,4000.0,0.0,OK,
TF40,Farine Corinne,2025-10,MONTHLY,Statistik Zulagen (Allowances),0.0,0.0,0.0,OK,
TF40,Farine Corinne,2025-10,MONTHLY,Statistik Familienzulagen (FamilyIncomeSupplement),322.0,322.0,0.0,OK,
TF40,Farine Corinne,2025-10,MONTHLY,Statistik Leistungen Dritter (PaymentsByThird),0.0,0.0,0.0,OK,
TF40,Farine Corinne,2025-10,MONTHLY,Statistik BVG-Beitrag AN (BVG-LPP-RegularContribution),-260.0,-260.0,0.0,OK,
TF40,Farine Corinne,2025-10,MONTHLY,QST steuerbarer Lohn VD A1N (TaxableEarning),4322.0,4322.0,0.0,OK,"Satz-Lohn 4322.00, QST 116.70"
TF44,Lusser Hans,2025-10,MONTHLY,Statistik Grundlohn (GrossBaseSalaryAndRegularAllowance),1500.0,1500.0,0.0,OK,
TF44,Lusser Hans,2025-10,MONTHLY,Statistik Zulagen (Allowances),0.0,0.0,0.0,OK,
TF44,Lusser Hans,2025-10,MONTHLY,Statistik Familienzulagen (FamilyIncomeSupplement),0.0,0.0,0.0,OK,
TF44,Lusser Hans,2025-10,MONTHLY,Statistik Leistungen Dritter (PaymentsByThird),0.0,0.0,0.0,OK,
TF44,Lusser Hans,2025-10,MONTHLY,Statistik BVG-Beitrag AN (BVG-LPP-RegularContribution),0.0,-0.0,0.0,OK,
TF01,Herz Monica,2025-10,MONTHLY,Person fehlt im XML,0.0,20000.0,-20000.0,DIFF,"CSV hat Lohn im Monat, MONTHLY ohne Person"
TF01,Herz Monica,2025-11,RETRO,AHV-Basis (AHV-AVS-BaseSalary),55359.3,55359.3,0.0,OK,
TF01,Herz Monica,2025-11,RETRO,FAK-Basis (FAK-CAF-ContributorySalary),55359.3,55359.3,0.0,OK,
TF01,Herz Monica,2025-11,RETRO,FAK Kinderzulagen wiederkehrend (3000),0.0,0.0,0.0,OK,
TF01,Herz Monica,2025-11,RETRO,FAK Zulagen einmalig (3001+3034),0.0,0.0,0.0,OK,
TF01,Herz Monica,2025-11,RETRO,UVG-Bruttolohn (UVG-LAA-GrossSalary),59359.3,59359.3,0.0,OK,
TF01,Herz Monica,2025-11,RETRO,UVG-Basis (UVG-LAA-BaseSalary),52859.3,52859.3,0.0,OK,
TF01,Herz Monica,2025-11,RETRO,UVGZ-Basis (UVGZ-LAAC-BaseSalary),52859.3,52859.3,0.0,OK,
TF01,Herz Monica,2025-11,RETRO,KTG-Referenzlohn (Reference-AHV-AVS-Salary),55359.3,55359.3,0.0,OK,
TF01,Herz Monica,2025-11,RETRO,"Lohnausweis Bruttolohn (GrossIncome, Ziff. 8)",59359.3,59359.3,0.0,OK,
TF01,Herz Monica,2025-11,RETRO,Lohnausweis BVG ordentlich (Ziff. 10.1 = 5050+1972),2205.0,2205.0,0.0,OK,
TF02,Paganini Maria,2025-11,RETRO,FAK-Basis (FAK-CAF-ContributorySalary),53806.65,56606.65,-2800.0,DIFF,
TF02,Paganini Maria,2025-11,RETRO,FAK Kinderzulagen wiederkehrend (3000),2365.0,2365.0,0.0,OK,
TF02,Paganini Maria,2025-11,RETRO,FAK Zulagen einmalig (3001+3034),0.0,0.0,0.0,OK,
TF02,Paganini Maria,2025-11,RETRO,UVG-Bruttolohn (UVG-LAA-GrossSalary),57771.65,57771.65,0.0,OK,
TF02,Paganini Maria,2025-11,RETRO,UVG-Basis (UVG-LAA-BaseSalary),56606.65,56606.65,0.0,OK,
TF02,Paganini Maria,2025-11,RETRO,UVGZ-Basis (UVGZ-LAAC-BaseSalary),56606.65,56606.65,0.0,OK,
TF02,Paganini Maria,2025-11,RETRO,KTG-Referenzlohn (Reference-AHV-AVS-Salary),56606.65,56606.65,0.0,OK,
TF02,Paganini Maria,2025-11,RETRO,"Lohnausweis Bruttolohn (GrossIncome, Ziff. 8)",57771.65,57771.65,0.0,OK,
TF02,Paganini Maria,2025-11,RETRO,Lohnausweis BVG ordentlich (Ziff. 10.1 = 5050+1972),3674.95,3674.97,-0.02,OK,
TF03,Lusser Pia,2025-11,RETRO,FAK-Basis (FAK-CAF-ContributorySalary),68500.0,76900.0,-8400.0,DIFF,
TF03,Lusser Pia,2025-11,RETRO,FAK Kinderzulagen wiederkehrend (3000),0.0,0.0,0.0,OK,
TF03,Lusser Pia,2025-11,RETRO,FAK Zulagen einmalig (3001+3034),0.0,0.0,0.0,OK,
TF03,Lusser Pia,2025-11,RETRO,UVG-Bruttolohn (UVG-LAA-GrossSalary),82900.0,82900.0,0.0,OK,
TF03,Lusser Pia,2025-11,RETRO,UVG-Basis (UVG-LAA-BaseSalary),76900.0,76900.0,0.0,OK,
TF03,Lusser Pia,2025-11,RETRO,UVGZ-Basis (UVGZ-LAAC-BaseSalary),76900.0,76900.0,0.0,OK,
TF03,Lusser Pia,2025-11,RETRO,KTG-Referenzlohn (Reference-AHV-AVS-Salary),76900.0,76900.0,0.0,OK,
TF03,Lusser Pia,2025-11,RETRO,"Lohnausweis Bruttolohn (GrossIncome, Ziff. 8)",82900.0,82900.0,0.0,OK,
TF03,Lusser Pia,2025-11,RETRO,Lohnausweis BVG ordentlich (Ziff. 10.1 = 5050+1972),1925.0,1925.0,0.0,OK,
TF04,Fankhauser Markus,2025-11,RETRO,AHV-Basis (AHV-AVS-BaseSalary),330000.0,330000.0,0.0,OK,
TF04,Fankhauser Markus,2025-11,RETRO,FAK-Basis (FAK-CAF-ContributorySalary),330000.0,330000.0,0.0,OK,
TF04,Fankhauser Markus,2025-11,RETRO,FAK Kinderzulagen wiederkehrend (3000),0.0,0.0,0.0,OK,
TF04,Fankhauser Markus,2025-11,RETRO,FAK Zulagen einmalig (3001+3034),0.0,0.0,0.0,OK,
TF04,Fankhauser Markus,2025-11,RETRO,UVG-Bruttolohn (UVG-LAA-GrossSalary),330000.0,330000.0,0.0,OK,
TF04,Fankhauser Markus,2025-11,RETRO,UVG-Basis (UVG-LAA-BaseSalary),330000.0,330000.0,0.0,OK,
TF04,Fankhauser Markus,2025-11,RETRO,UVGZ-Basis (UVGZ-LAAC-BaseSalary),330000.0,330000.0,0.0,OK,
TF04,Fankhauser Markus,2025-11,RETRO,KTG-Referenzlohn (Reference-AHV-AVS-Salary),330000.0,330000.0,0.0,OK,
TF04,Fankhauser Markus,2025-11,RETRO,"Lohnausweis Bruttolohn (GrossIncome, Ziff. 8)",330000.0,330000.0,0.0,OK,
TF04,Fankhauser Markus,2025-11,RETRO,Lohnausweis BVG ordentlich (Ziff. 10.1 = 5050+1972),30800.0,30800.0,0.0,OK,
TF05,Moser Johann,2025-11,RETRO,FAK-Basis (FAK-CAF-ContributorySalary),5400.0,14850.0,-9450.0,DIFF,
TF05,Moser Johann,2025-11,RETRO,FAK Kinderzulagen wiederkehrend (3000),0.0,0.0,0.0,OK,
TF05,Moser Johann,2025-11,RETRO,FAK Zulagen einmalig (3001+3034),0.0,0.0,0.0,OK,
TF05,Moser Johann,2025-11,RETRO,UVG-Bruttolohn (UVG-LAA-GrossSalary),14850.0,14850.0,0.0,OK,
TF05,Moser Johann,2025-11,RETRO,UVG-Basis (UVG-LAA-BaseSalary),14850.0,14850.0,0.0,OK,
TF05,Moser Johann,2025-11,RETRO,UVGZ-Basis (UVGZ-LAAC-BaseSalary),14850.0,14850.0,0.0,OK,
TF05,Moser Johann,2025-11,RETRO,KTG-Referenzlohn (Reference-AHV-AVS-Salary),14850.0,14850.0,0.0,OK,
TF05,Moser Johann,2025-11,RETRO,"Lohnausweis Bruttolohn (GrossIncome, Ziff. 8)",14850.0,14850.0,0.0,OK,
TF05,Moser Johann,2025-11,RETRO,Lohnausweis BVG ordentlich (Ziff. 10.1 = 5050+1972),468.0,468.0,0.0,OK,
TF06,Zahnd Anita,2025-11,RETRO,AHV-Basis (AHV-AVS-BaseSalary),135000.0,135000.0,0.0,OK,
TF06,Zahnd Anita,2025-11,RETRO,FAK-Basis (FAK-CAF-ContributorySalary),135000.0,135000.0,0.0,OK,
TF06,Zahnd Anita,2025-11,RETRO,FAK Kinderzulagen wiederkehrend (3000),0.0,0.0,0.0,OK,
TF06,Zahnd Anita,2025-11,RETRO,FAK Zulagen einmalig (3001+3034),0.0,0.0,0.0,OK,
TF06,Zahnd Anita,2025-11,RETRO,UVG-Bruttolohn (UVG-LAA-GrossSalary),135000.0,135000.0,0.0,OK,
TF06,Zahnd Anita,2025-11,RETRO,UVG-Basis (UVG-LAA-BaseSalary),135000.0,135000.0,0.0,OK,
TF06,Zahnd Anita,2025-11,RETRO,UVGZ-Basis (UVGZ-LAAC-BaseSalary),135000.0,135000.0,0.0,OK,
TF06,Zahnd Anita,2025-11,RETRO,KTG-Referenzlohn (Reference-AHV-AVS-Salary),135000.0,135000.0,0.0,OK,
TF06,Zahnd Anita,2025-11,RETRO,"Lohnausweis Bruttolohn (GrossIncome, Ziff. 8)",135000.0,135000.0,0.0,OK,
TF06,Zahnd Anita,2025-11,RETRO,Lohnausweis BVG ordentlich (Ziff. 10.1 = 5050+1972),10800.0,10800.0,0.0,OK,
TF07,Burri Heidi,2025-11,RETRO,AHV-Basis (AHV-AVS-BaseSalary),5500.0,5500.0,0.0,OK,
TF07,Burri Heidi,2025-11,RETRO,FAK-Basis (FAK-CAF-ContributorySalary),5500.0,5500.0,0.0,OK,
TF07,Burri Heidi,2025-11,RETRO,FAK Kinderzulagen wiederkehrend (3000),0.0,0.0,0.0,OK,
TF07,Burri Heidi,2025-11,RETRO,FAK Zulagen einmalig (3001+3034),0.0,0.0,0.0,OK,
TF07,Burri Heidi,2025-11,RETRO,UVG-Bruttolohn (UVG-LAA-GrossSalary),15000.0,15000.0,0.0,OK,
TF07,Burri Heidi,2025-11,RETRO,UVG-Basis (UVG-LAA-BaseSalary),5500.0,5500.0,0.0,OK,
TF07,Burri Heidi,2025-11,RETRO,UVGZ-Basis (UVGZ-LAAC-BaseSalary),5500.0,5500.0,0.0,OK,
TF07,Burri Heidi,2025-11,RETRO,KTG-Referenzlohn (Reference-AHV-AVS-Salary),5500.0,5500.0,0.0,OK,
TF07,Burri Heidi,2025-11,RETRO,"Lohnausweis Bruttolohn (GrossIncome, Ziff. 8)",15000.0,15000.0,0.0,OK,
TF07,Burri Heidi,2025-11,RETRO,Lohnausweis BVG ordentlich (Ziff. 10.1 = 5050+1972),0.0,0.0,0.0,OK,
TF08,Lamon René,2025-11,RETRO,AHV-Basis (AHV-AVS-BaseSalary),108025.45,108025.45,0.0,OK,
TF08,Lamon René,2025-11,RETRO,FAK-Basis (FAK-CAF-ContributorySalary),108025.45,108025.45,0.0,OK,
TF08,Lamon René,2025-11,RETRO,FAK Kinderzulagen wiederkehrend (3000),2750.0,2750.0,0.0,OK,
TF08,Lamon René,2025-11,RETRO,FAK Zulagen einmalig (3001+3034),0.0,0.0,0.0,OK,
TF08,Lamon René,2025-11,RETRO,UVG-Bruttolohn (UVG-LAA-GrossSalary),110775.45,110775.45,0.0,OK,
TF08,Lamon René,2025-11,RETRO,UVG-Basis (UVG-LAA-BaseSalary),108025.45,108025.45,0.0,OK,
TF08,Lamon René,2025-11,RETRO,UVGZ-Basis (UVGZ-LAAC-BaseSalary),108025.45,108025.45,0.0,OK,
TF08,Lamon René,2025-11,RETRO,KTG-Referenzlohn (Reference-AHV-AVS-Salary),108025.45,108025.45,0.0,OK,
TF08,Lamon René,2025-11,RETRO,"Lohnausweis Bruttolohn (GrossIncome, Ziff. 8)",110775.45,110775.45,0.0,OK,
TF08,Lamon René,2025-11,RETRO,Lohnausweis BVG ordentlich (Ziff. 10.1 = 5050+1972),7820.1,7820.09,0.01,OK,
TF09,Estermann Michael,2025-11,RETRO,FAK-Basis (FAK-CAF-ContributorySalary),11300.0,26700.0,-15400.0,DIFF,
TF09,Estermann Michael,2025-11,RETRO,FAK Kinderzulagen wiederkehrend (3000),0.0,0.0,0.0,OK,
TF09,Estermann Michael,2025-11,RETRO,FAK Zulagen einmalig (3001+3034),0.0,0.0,0.0,OK,
TF09,Estermann Michael,2025-11,RETRO,UVG-Bruttolohn (UVG-LAA-GrossSalary),56700.0,56700.0,0.0,OK,
TF09,Estermann Michael,2025-11,RETRO,UVG-Basis (UVG-LAA-BaseSalary),26700.0,26700.0,0.0,OK,
TF09,Estermann Michael,2025-11,RETRO,UVGZ-Basis (UVGZ-LAAC-BaseSalary),26700.0,26700.0,0.0,OK,
TF09,Estermann Michael,2025-11,RETRO,KTG-Referenzlohn (Reference-AHV-AVS-Salary),26700.0,26700.0,0.0,OK,
TF09,Estermann Michael,2025-11,RETRO,"Lohnausweis Bruttolohn (GrossIncome, Ziff. 8)",56700.0,56700.0,0.0,OK,
TF09,Estermann Michael,2025-11,RETRO,Lohnausweis BVG ordentlich (Ziff. 10.1 = 5050+1972),0.0,0.0,0.0,OK,
TF10,Ganz Heinz,2025-11,RETRO,AHV-Basis (AHV-AVS-BaseSalary),84100.0,84100.0,0.0,OK,
TF10,Ganz Heinz,2025-11,RETRO,FAK-Basis (FAK-CAF-ContributorySalary),84100.0,84100.0,0.0,OK,
TF10,Ganz Heinz,2025-11,RETRO,FAK Kinderzulagen wiederkehrend (3000),0.0,0.0,0.0,OK,
TF10,Ganz Heinz,2025-11,RETRO,FAK Zulagen einmalig (3001+3034),0.0,0.0,0.0,OK,
TF10,Ganz Heinz,2025-11,RETRO,UVG-Bruttolohn (UVG-LAA-GrossSalary),94400.0,94400.0,0.0,OK,
TF10,Ganz Heinz,2025-11,RETRO,UVG-Basis (UVG-LAA-BaseSalary),83100.0,83100.0,0.0,OK,
TF10,Ganz Heinz,2025-11,RETRO,UVGZ-Basis (UVGZ-LAAC-BaseSalary),83100.0,83100.0,0.0,OK,
TF10,Ganz Heinz,2025-11,RETRO,KTG-Referenzlohn (Reference-AHV-AVS-Salary),84100.0,84100.0,0.0,OK,
TF10,Ganz Heinz,2025-11,RETRO,"Lohnausweis Bruttolohn (GrossIncome, Ziff. 8)",94400.0,94400.0,0.0,OK,
TF10,Ganz Heinz,2025-11,RETRO,Lohnausweis BVG ordentlich (Ziff. 10.1 = 5050+1972),4032.0,4032.0,0.0,OK,
TF11,Bosshard Peter,2025-11,RETRO,AHV-Basis (AHV-AVS-BaseSalary),303550.0,303550.0,0.0,OK,
TF11,Bosshard Peter,2025-11,RETRO,FAK-Basis (FAK-CAF-ContributorySalary),303550.0,303550.0,0.0,OK,
TF11,Bosshard Peter,2025-11,RETRO,FAK Kinderzulagen wiederkehrend (3000),4535.0,4535.0,0.0,OK,
TF11,Bosshard Peter,2025-11,RETRO,FAK Zulagen einmalig (3001+3034),1000.0,1000.0,0.0,OK,
TF11,Bosshard Peter,2025-11,RETRO,UVG-Bruttolohn (UVG-LAA-GrossSalary),359085.0,359085.0,0.0,OK,
TF11,Bosshard Peter,2025-11,RETRO,UVG-Basis (UVG-LAA-BaseSalary),303550.0,303550.0,0.0,OK,
TF11,Bosshard Peter,2025-11,RETRO,UVGZ-Basis (UVGZ-LAAC-BaseSalary),607100.0,303550.0,303550.0,DIFF,
TF11,Bosshard Peter,2025-11,RETRO,KTG-Referenzlohn (Reference-AHV-AVS-Salary),607100.0,303550.0,303550.0,DIFF,
TF11,Bosshard Peter,2025-11,RETRO,"Lohnausweis Bruttolohn (GrossIncome, Ziff. 8)",359085.0,359085.0,0.0,OK,
TF11,Bosshard Peter,2025-11,RETRO,Lohnausweis BVG ordentlich (Ziff. 10.1 = 5050+1972),19141.5,19141.48,0.02,OK,
TF11,Bosshard Peter,2025-11,RETRO,Lohnausweis BVG Einkauf (Ziff. 10.2 = 1973),5000.0,5000.0,0.0,OK,
TF12,Casanova Renato,2025-11,RETRO,AHV-Basis (AHV-AVS-BaseSalary),107400.0,107400.0,0.0,OK,
TF12,Casanova Renato,2025-11,RETRO,FAK-Basis (FAK-CAF-ContributorySalary),107400.0,107400.0,0.0,OK,
TF12,Casanova Renato,2025-11,RETRO,FAK Kinderzulagen wiederkehrend (3000),0.0,0.0,0.0,OK,
TF12,Casanova Renato,2025-11,RETRO,FAK Zulagen einmalig (3001+3034),0.0,0.0,0.0,OK,
TF12,Casanova Renato,2025-11,RETRO,UVG-Bruttolohn (UVG-LAA-GrossSalary),112400.0,112400.0,0.0,OK,
TF12,Casanova Renato,2025-11,RETRO,UVG-Basis (UVG-LAA-BaseSalary),105400.0,105400.0,0.0,OK,
TF12,Casanova Renato,2025-11,RETRO,UVGZ-Basis (UVGZ-LAAC-BaseSalary),105400.0,105400.0,0.0,OK,
TF12,Casanova Renato,2025-11,RETRO,KTG-Referenzlohn (Reference-AHV-AVS-Salary),107400.0,107400.0,0.0,OK,
TF12,Casanova Renato,2025-11,RETRO,"Lohnausweis Bruttolohn (GrossIncome, Ziff. 8)",110400.0,112400.0,-2000.0,DIFF,
TF12,Casanova Renato,2025-11,RETRO,Lohnausweis BVG ordentlich (Ziff. 10.1 = 5050+1972),8929.35,8929.34,0.01,OK,
TF13,Combertaldi Renato,2025-11,RETRO,UVG-Bruttolohn (UVG-LAA-GrossSalary),24760.0,24760.0,0.0,OK,
TF13,Combertaldi Renato,2025-11,RETRO,UVG-Basis (UVG-LAA-BaseSalary),24760.0,24760.0,0.0,OK,
TF13,Combertaldi Renato,2025-11,RETRO,UVGZ-Basis (UVGZ-LAAC-BaseSalary),24760.0,24760.0,0.0,OK,
TF13,Combertaldi Renato,2025-11,RETRO,KTG-Referenzlohn (Reference-AHV-AVS-Salary),24760.0,24760.0,0.0,OK,
TF13,Combertaldi Renato,2025-11,RETRO,"Lohnausweis Bruttolohn (GrossIncome, Ziff. 8)",24760.0,24760.0,0.0,OK,
TF13,Combertaldi Renato,2025-11,RETRO,Lohnausweis BVG ordentlich (Ziff. 10.1 = 5050+1972),0.0,0.0,0.0,OK,
TF14,Egli Anna,2025-11,RETRO,UVG-Bruttolohn (UVG-LAA-GrossSalary),49899.25,49899.25,0.0,OK,
TF14,Egli Anna,2025-11,RETRO,UVG-Basis (UVG-LAA-BaseSalary),49899.25,49899.25,0.0,OK,
TF14,Egli Anna,2025-11,RETRO,UVGZ-Basis (UVGZ-LAAC-BaseSalary),49899.25,49899.25,0.0,OK,
TF14,Egli Anna,2025-11,RETRO,KTG-Referenzlohn (Reference-AHV-AVS-Salary),49899.25,49899.25,0.0,OK,
TF14,Egli Anna,2025-11,RETRO,"Lohnausweis Bruttolohn (GrossIncome, Ziff. 8)",49899.25,49899.25,0.0,OK,
TF14,Egli Anna,2025-11,RETRO,Lohnausweis BVG ordentlich (Ziff. 10.1 = 5050+1972),0.0,0.0,0.0,OK,
TF15,Degelo Lorenz,2025-11,RETRO,AHV-Basis (AHV-AVS-BaseSalary),2800.35,2800.35,0.0,OK,
TF15,Degelo Lorenz,2025-11,RETRO,FAK-Basis (FAK-CAF-ContributorySalary),2800.35,2800.35,0.0,OK,
TF15,Degelo Lorenz,2025-11,RETRO,FAK Kinderzulagen wiederkehrend (3000),0.0,0.0,0.0,OK,
TF15,Degelo Lorenz,2025-11,RETRO,FAK Zulagen einmalig (3001+3034),0.0,0.0,0.0,OK,
TF15,Degelo Lorenz,2025-11,RETRO,UVG-Bruttolohn (UVG-LAA-GrossSalary),2800.35,2800.35,0.0,OK,
TF15,Degelo Lorenz,2025-11,RETRO,UVG-Basis (UVG-LAA-BaseSalary),2800.35,2800.35,0.0,OK,
TF15,Degelo Lorenz,2025-11,RETRO,UVGZ-Basis (UVGZ-LAAC-BaseSalary),2800.35,2800.35,0.0,OK,
TF15,Degelo Lorenz,2025-11,RETRO,KTG-Referenzlohn (Reference-AHV-AVS-Salary),2800.35,2800.35,0.0,OK,
TF15,Degelo Lorenz,2025-11,RETRO,"Lohnausweis Bruttolohn (GrossIncome, Ziff. 8)",2800.35,2800.35,0.0,OK,
TF15,Degelo Lorenz,2025-11,RETRO,Lohnausweis BVG ordentlich (Ziff. 10.1 = 5050+1972),0.0,0.0,0.0,OK,
TF16,Aebi Anna,2025-11,RETRO,FAK-Basis (FAK-CAF-ContributorySalary),30365.05,34565.05,-4200.0,DIFF,
TF16,Aebi Anna,2025-11,RETRO,FAK Kinderzulagen wiederkehrend (3000),0.0,0.0,0.0,OK,
TF16,Aebi Anna,2025-11,RETRO,FAK Zulagen einmalig (3001+3034),0.0,0.0,0.0,OK,
TF16,Aebi Anna,2025-11,RETRO,UVG-Bruttolohn (UVG-LAA-GrossSalary),34565.05,34565.05,0.0,OK,
TF16,Aebi Anna,2025-11,RETRO,UVG-Basis (UVG-LAA-BaseSalary),34565.05,34565.05,0.0,OK,
TF16,Aebi Anna,2025-11,RETRO,UVGZ-Basis (UVGZ-LAAC-BaseSalary),34565.05,34565.05,0.0,OK,
TF16,Aebi Anna,2025-11,RETRO,KTG-Referenzlohn (Reference-AHV-AVS-Salary),34565.05,34565.05,0.0,OK,
TF16,Aebi Anna,2025-11,RETRO,"Lohnausweis Bruttolohn (GrossIncome, Ziff. 8)",34565.05,34565.05,0.0,OK,
TF16,Aebi Anna,2025-11,RETRO,Lohnausweis BVG ordentlich (Ziff. 10.1 = 5050+1972),0.0,0.0,0.0,OK,
TF17,Binggeli Fritz,2025-11,RETRO,AHV-Basis (AHV-AVS-BaseSalary),52050.0,52050.0,0.0,OK,
TF17,Binggeli Fritz,2025-11,RETRO,FAK-Basis (FAK-CAF-ContributorySalary),52050.0,52050.0,0.0,OK,
TF17,Binggeli Fritz,2025-11,RETRO,FAK Kinderzulagen wiederkehrend (3000),0.0,0.0,0.0,OK,
TF17,Binggeli Fritz,2025-11,RETRO,FAK Zulagen einmalig (3001+3034),0.0,0.0,0.0,OK,
TF17,Binggeli Fritz,2025-11,RETRO,UVG-Bruttolohn (UVG-LAA-GrossSalary),52050.0,52050.0,0.0,OK,
TF17,Binggeli Fritz,2025-11,RETRO,UVG-Basis (UVG-LAA-BaseSalary),52050.0,52050.0,0.0,OK,
TF17,Binggeli Fritz,2025-11,RETRO,UVGZ-Basis (UVGZ-LAAC-BaseSalary),52050.0,52050.0,0.0,OK,
TF17,Binggeli Fritz,2025-11,RETRO,KTG-Referenzlohn (Reference-AHV-AVS-Salary),52050.0,52050.0,0.0,OK,
TF17,Binggeli Fritz,2025-11,RETRO,"Lohnausweis Bruttolohn (GrossIncome, Ziff. 8)",52050.0,52050.0,0.0,OK,
TF17,Binggeli Fritz,2025-11,RETRO,Lohnausweis BVG ordentlich (Ziff. 10.1 = 5050+1972),3503.5,3503.5,0.0,OK,
TF18,Blanc Pierre,2025-11,RETRO,AHV-Basis (AHV-AVS-BaseSalary),16905.5,16905.5,0.0,OK,
TF18,Blanc Pierre,2025-11,RETRO,FAK-Basis (FAK-CAF-ContributorySalary),16905.5,16905.5,0.0,OK,
TF18,Blanc Pierre,2025-11,RETRO,FAK Kinderzulagen wiederkehrend (3000),0.0,0.0,0.0,OK,
TF18,Blanc Pierre,2025-11,RETRO,FAK Zulagen einmalig (3001+3034),0.0,0.0,0.0,OK,
TF18,Blanc Pierre,2025-11,RETRO,UVG-Bruttolohn (UVG-LAA-GrossSalary),16905.5,16905.5,0.0,OK,
TF18,Blanc Pierre,2025-11,RETRO,UVG-Basis (UVG-LAA-BaseSalary),16905.5,16905.5,0.0,OK,
TF18,Blanc Pierre,2025-11,RETRO,UVGZ-Basis (UVGZ-LAAC-BaseSalary),16905.5,16905.5,0.0,OK,
TF18,Blanc Pierre,2025-11,RETRO,KTG-Referenzlohn (Reference-AHV-AVS-Salary),16905.5,16905.5,0.0,OK,
TF18,Blanc Pierre,2025-11,RETRO,"Lohnausweis Bruttolohn (GrossIncome, Ziff. 8)",16905.5,16905.5,0.0,OK,
TF18,Blanc Pierre,2025-11,RETRO,Lohnausweis BVG ordentlich (Ziff. 10.1 = 5050+1972),840.85,840.84,0.01,OK,
TF19,Andrey Melanie,2025-11,RETRO,AHV-Basis (AHV-AVS-BaseSalary),28600.0,28600.0,0.0,OK,
TF19,Andrey Melanie,2025-11,RETRO,FAK-Basis (FAK-CAF-ContributorySalary),28600.0,28600.0,0.0,OK,
TF19,Andrey Melanie,2025-11,RETRO,FAK Kinderzulagen wiederkehrend (3000),0.0,0.0,0.0,OK,
TF19,Andrey Melanie,2025-11,RETRO,FAK Zulagen einmalig (3001+3034),0.0,0.0,0.0,OK,
TF19,Andrey Melanie,2025-11,RETRO,UVG-Bruttolohn (UVG-LAA-GrossSalary),28600.0,28600.0,0.0,OK,
TF19,Andrey Melanie,2025-11,RETRO,UVG-Basis (UVG-LAA-BaseSalary),28600.0,28600.0,0.0,OK,
TF19,Andrey Melanie,2025-11,RETRO,UVGZ-Basis (UVGZ-LAAC-BaseSalary),28600.0,28600.0,0.0,OK,
TF19,Andrey Melanie,2025-11,RETRO,KTG-Referenzlohn (Reference-AHV-AVS-Salary),28600.0,28600.0,0.0,OK,
TF19,Andrey Melanie,2025-11,RETRO,"Lohnausweis Bruttolohn (GrossIncome, Ziff. 8)",28600.0,28600.0,0.0,OK,
TF19,Andrey Melanie,2025-11,RETRO,Lohnausweis BVG ordentlich (Ziff. 10.1 = 5050+1972),2168.75,2168.76,-0.01,OK,
TF20,Arnold Lukas,2025-11,RETRO,AHV-Basis (AHV-AVS-BaseSalary),10416.65,10416.65,0.0,OK,
TF20,Arnold Lukas,2025-11,RETRO,FAK-Basis (FAK-CAF-ContributorySalary),10416.65,10416.65,0.0,OK,
TF20,Arnold Lukas,2025-11,RETRO,FAK Kinderzulagen wiederkehrend (3000),0.0,0.0,0.0,OK,
TF20,Arnold Lukas,2025-11,RETRO,FAK Zulagen einmalig (3001+3034),0.0,0.0,0.0,OK,
TF20,Arnold Lukas,2025-11,RETRO,UVG-Bruttolohn (UVG-LAA-GrossSalary),10416.65,10416.65,0.0,OK,
TF20,Arnold Lukas,2025-11,RETRO,UVG-Basis (UVG-LAA-BaseSalary),9916.65,9916.65,0.0,OK,
TF20,Arnold Lukas,2025-11,RETRO,UVGZ-Basis (UVGZ-LAAC-BaseSalary),9916.65,9916.65,0.0,OK,
TF20,Arnold Lukas,2025-11,RETRO,KTG-Referenzlohn (Reference-AHV-AVS-Salary),10416.65,10416.65,0.0,OK,
TF20,Arnold Lukas,2025-11,RETRO,"Lohnausweis Bruttolohn (GrossIncome, Ziff. 8)",10416.65,10416.65,0.0,OK,
TF20,Arnold Lukas,2025-11,RETRO,Lohnausweis BVG ordentlich (Ziff. 10.1 = 5050+1972),520.0,519.99,0.01,OK,
TF21,Meier Christian,2025-11,RETRO,AHV-Basis (AHV-AVS-BaseSalary),10416.65,10416.65,0.0,OK,
TF21,Meier Christian,2025-11,RETRO,FAK-Basis (FAK-CAF-ContributorySalary),10416.65,10416.65,0.0,OK,
TF21,Meier Christian,2025-11,RETRO,FAK Kinderzulagen wiederkehrend (3000),0.0,0.0,0.0,OK,
TF21,Meier Christian,2025-11,RETRO,FAK Zulagen einmalig (3001+3034),0.0,0.0,0.0,OK,
TF21,Meier Christian,2025-11,RETRO,UVG-Bruttolohn (UVG-LAA-GrossSalary),10416.65,10416.65,0.0,OK,
TF21,Meier Christian,2025-11,RETRO,UVG-Basis (UVG-LAA-BaseSalary),9916.65,9916.65,0.0,OK,
TF21,Meier Christian,2025-11,RETRO,UVGZ-Basis (UVGZ-LAAC-BaseSalary),9916.65,9916.65,0.0,OK,
TF21,Meier Christian,2025-11,RETRO,KTG-Referenzlohn (Reference-AHV-AVS-Salary),10416.65,10416.65,0.0,OK,
TF21,Meier Christian,2025-11,RETRO,"Lohnausweis Bruttolohn (GrossIncome, Ziff. 8)",10416.65,10416.65,0.0,OK,
TF21,Meier Christian,2025-11,RETRO,Lohnausweis BVG ordentlich (Ziff. 10.1 = 5050+1972),455.0,455.01,-0.01,OK,
TF22,Bucher Elisabeth,2025-11,RETRO,AHV-Basis (AHV-AVS-BaseSalary),51896.45,51896.45,0.0,OK,
TF22,Bucher Elisabeth,2025-11,RETRO,FAK-Basis (FAK-CAF-ContributorySalary),51896.45,51896.45,0.0,OK,
TF22,Bucher Elisabeth,2025-11,RETRO,FAK Kinderzulagen wiederkehrend (3000),0.0,0.0,0.0,OK,
TF22,Bucher Elisabeth,2025-11,RETRO,FAK Zulagen einmalig (3001+3034),0.0,0.0,0.0,OK,
TF22,Bucher Elisabeth,2025-11,RETRO,UVG-Bruttolohn (UVG-LAA-GrossSalary),51896.45,51896.45,0.0,OK,
TF22,Bucher Elisabeth,2025-11,RETRO,UVG-Basis (UVG-LAA-BaseSalary),51896.45,51896.45,0.0,OK,
TF22,Bucher Elisabeth,2025-11,RETRO,UVGZ-Basis (UVGZ-LAAC-BaseSalary),51896.45,51896.45,0.0,OK,
TF22,Bucher Elisabeth,2025-11,RETRO,KTG-Referenzlohn (Reference-AHV-AVS-Salary),51896.45,51896.45,0.0,OK,
TF22,Bucher Elisabeth,2025-11,RETRO,"Lohnausweis Bruttolohn (GrossIncome, Ziff. 8)",51896.45,51896.45,0.0,OK,
TF22,Bucher Elisabeth,2025-11,RETRO,Lohnausweis BVG ordentlich (Ziff. 10.1 = 5050+1972),3359.95,3359.96,-0.01,OK,
TF23,Koller Ludwig,2025-11,RETRO,AHV-Basis (AHV-AVS-BaseSalary),85000.0,85000.0,0.0,OK,
TF23,Koller Ludwig,2025-11,RETRO,FAK-Basis (FAK-CAF-ContributorySalary),85000.0,85000.0,0.0,OK,
TF23,Koller Ludwig,2025-11,RETRO,FAK Kinderzulagen wiederkehrend (3000),430.0,430.0,0.0,OK,
TF23,Koller Ludwig,2025-11,RETRO,FAK Zulagen einmalig (3001+3034),0.0,0.0,0.0,OK,
TF23,Koller Ludwig,2025-11,RETRO,UVG-Bruttolohn (UVG-LAA-GrossSalary),85430.0,85430.0,0.0,OK,
TF23,Koller Ludwig,2025-11,RETRO,UVG-Basis (UVG-LAA-BaseSalary),85000.0,85000.0,0.0,OK,
TF23,Koller Ludwig,2025-11,RETRO,UVGZ-Basis (UVGZ-LAAC-BaseSalary),85000.0,85000.0,0.0,OK,
TF23,Koller Ludwig,2025-11,RETRO,KTG-Referenzlohn (Reference-AHV-AVS-Salary),85000.0,85000.0,0.0,OK,
TF23,Koller Ludwig,2025-11,RETRO,"Lohnausweis Bruttolohn (GrossIncome, Ziff. 8)",85430.0,85430.0,0.0,OK,
TF23,Koller Ludwig,2025-11,RETRO,Lohnausweis BVG ordentlich (Ziff. 10.1 = 5050+1972),4170.75,4170.76,-0.01,OK,
TF24,Utzinger Jan,2025-11,RETRO,AHV-Basis (AHV-AVS-BaseSalary),103000.0,103000.0,0.0,OK,
TF24,Utzinger Jan,2025-11,RETRO,FAK-Basis (FAK-CAF-ContributorySalary),103000.0,103000.0,0.0,OK,
TF24,Utzinger Jan,2025-11,RETRO,FAK Kinderzulagen wiederkehrend (3000),0.0,0.0,0.0,OK,
TF24,Utzinger Jan,2025-11,RETRO,FAK Zulagen einmalig (3001+3034),0.0,0.0,0.0,OK,
TF24,Utzinger Jan,2025-11,RETRO,UVG-Bruttolohn (UVG-LAA-GrossSalary),103000.0,103000.0,0.0,OK,
TF24,Utzinger Jan,2025-11,RETRO,UVG-Basis (UVG-LAA-BaseSalary),103000.0,103000.0,0.0,OK,
TF24,Utzinger Jan,2025-11,RETRO,UVGZ-Basis (UVGZ-LAAC-BaseSalary),103000.0,103000.0,0.0,OK,
TF24,Utzinger Jan,2025-11,RETRO,KTG-Referenzlohn (Reference-AHV-AVS-Salary),103000.0,103000.0,0.0,OK,
TF24,Utzinger Jan,2025-11,RETRO,"Lohnausweis Bruttolohn (GrossIncome, Ziff. 8)",103000.0,103000.0,0.0,OK,
TF24,Utzinger Jan,2025-11,RETRO,Lohnausweis BVG ordentlich (Ziff. 10.1 = 5050+1972),7810.85,7810.87,-0.02,OK,
TF25,Lehmann Nadine,2025-11,RETRO,AHV-Basis (AHV-AVS-BaseSalary),54166.65,54166.65,0.0,OK,
TF25,Lehmann Nadine,2025-11,RETRO,FAK-Basis (FAK-CAF-ContributorySalary),54166.65,54166.65,0.0,OK,
TF25,Lehmann Nadine,2025-11,RETRO,FAK Kinderzulagen wiederkehrend (3000),0.0,0.0,0.0,OK,
TF25,Lehmann Nadine,2025-11,RETRO,FAK Zulagen einmalig (3001+3034),0.0,0.0,0.0,OK,
TF25,Lehmann Nadine,2025-11,RETRO,UVG-Bruttolohn (UVG-LAA-GrossSalary),54166.65,54166.65,0.0,OK,
TF25,Lehmann Nadine,2025-11,RETRO,UVG-Basis (UVG-LAA-BaseSalary),54166.65,54166.65,0.0,OK,
TF25,Lehmann Nadine,2025-11,RETRO,UVGZ-Basis (UVGZ-LAAC-BaseSalary),54166.65,54166.65,0.0,OK,
TF25,Lehmann Nadine,2025-11,RETRO,KTG-Referenzlohn (Reference-AHV-AVS-Salary),54166.65,54166.65,0.0,OK,
TF25,Lehmann Nadine,2025-11,RETRO,"Lohnausweis Bruttolohn (GrossIncome, Ziff. 8)",54166.65,54166.65,0.0,OK,
TF25,Lehmann Nadine,2025-11,RETRO,Lohnausweis BVG ordentlich (Ziff. 10.1 = 5050+1972),4550.0,4550.0,0.0,OK,
TF26,Jenzer Marcel,2025-11,RETRO,AHV-Basis (AHV-AVS-BaseSalary),54166.65,54166.65,0.0,OK,
TF26,Jenzer Marcel,2025-11,RETRO,FAK-Basis (FAK-CAF-ContributorySalary),54166.65,54166.65,0.0,OK,
TF26,Jenzer Marcel,2025-11,RETRO,FAK Kinderzulagen wiederkehrend (3000),0.0,0.0,0.0,OK,
TF26,Jenzer Marcel,2025-11,RETRO,FAK Zulagen einmalig (3001+3034),0.0,0.0,0.0,OK,
TF26,Jenzer Marcel,2025-11,RETRO,UVG-Bruttolohn (UVG-LAA-GrossSalary),54166.65,54166.65,0.0,OK,
TF26,Jenzer Marcel,2025-11,RETRO,UVG-Basis (UVG-LAA-BaseSalary),54166.65,54166.65,0.0,OK,
TF26,Jenzer Marcel,2025-11,RETRO,UVGZ-Basis (UVGZ-LAAC-BaseSalary),54166.65,54166.65,0.0,OK,
TF26,Jenzer Marcel,2025-11,RETRO,KTG-Referenzlohn (Reference-AHV-AVS-Salary),54166.65,54166.65,0.0,OK,
TF26,Jenzer Marcel,2025-11,RETRO,"Lohnausweis Bruttolohn (GrossIncome, Ziff. 8)",54166.65,54166.65,0.0,OK,
TF26,Jenzer Marcel,2025-11,RETRO,Lohnausweis BVG ordentlich (Ziff. 10.1 = 5050+1972),4550.0,4550.0,0.0,OK,
TF27,Rast Eva,2025-11,RETRO,AHV-Basis (AHV-AVS-BaseSalary),70000.0,70000.0,0.0,OK,
TF27,Rast Eva,2025-11,RETRO,FAK-Basis (FAK-CAF-ContributorySalary),70000.0,70000.0,0.0,OK,
TF27,Rast Eva,2025-11,RETRO,FAK Kinderzulagen wiederkehrend (3000),0.0,0.0,0.0,OK,
TF27,Rast Eva,2025-11,RETRO,FAK Zulagen einmalig (3001+3034),0.0,0.0,0.0,OK,
TF27,Rast Eva,2025-11,RETRO,UVG-Bruttolohn (UVG-LAA-GrossSalary),70000.0,70000.0,0.0,OK,
TF27,Rast Eva,2025-11,RETRO,UVG-Basis (UVG-LAA-BaseSalary),70000.0,70000.0,0.0,OK,
TF27,Rast Eva,2025-11,RETRO,UVGZ-Basis (UVGZ-LAAC-BaseSalary),70000.0,70000.0,0.0,OK,
TF27,Rast Eva,2025-11,RETRO,KTG-Referenzlohn (Reference-AHV-AVS-Salary),70000.0,70000.0,0.0,OK,
TF27,Rast Eva,2025-11,RETRO,"Lohnausweis Bruttolohn (GrossIncome, Ziff. 8)",70000.0,70000.0,0.0,OK,
TF27,Rast Eva,2025-11,RETRO,Lohnausweis BVG ordentlich (Ziff. 10.1 = 5050+1972),5600.0,5600.0,0.0,OK,
TF28,Arbenz Esther,2025-11,RETRO,AHV-Basis (AHV-AVS-BaseSalary),86000.0,86000.0,0.0,OK,
TF28,Arbenz Esther,2025-11,RETRO,FAK-Basis (FAK-CAF-ContributorySalary),86000.0,86000.0,0.0,OK,
TF28,Arbenz Esther,2025-11,RETRO,FAK Kinderzulagen wiederkehrend (3000),0.0,0.0,0.0,OK,
TF28,Arbenz Esther,2025-11,RETRO,FAK Zulagen einmalig (3001+3034),0.0,0.0,0.0,OK,
TF28,Arbenz Esther,2025-11,RETRO,UVG-Bruttolohn (UVG-LAA-GrossSalary),86000.0,86000.0,0.0,OK,
TF28,Arbenz Esther,2025-11,RETRO,UVG-Basis (UVG-LAA-BaseSalary),86000.0,86000.0,0.0,OK,
TF28,Arbenz Esther,2025-11,RETRO,UVGZ-Basis (UVGZ-LAAC-BaseSalary),86000.0,86000.0,0.0,OK,
TF28,Arbenz Esther,2025-11,RETRO,KTG-Referenzlohn (Reference-AHV-AVS-Salary),86000.0,86000.0,0.0,OK,
TF28,Arbenz Esther,2025-11,RETRO,"Lohnausweis Bruttolohn (GrossIncome, Ziff. 8)",86000.0,86000.0,0.0,OK,
TF28,Arbenz Esther,2025-11,RETRO,Lohnausweis BVG ordentlich (Ziff. 10.1 = 5050+1972),5720.0,5720.0,0.0,OK,
TF29,Forster Moreno,2025-11,RETRO,AHV-Basis (AHV-AVS-BaseSalary),86000.0,86000.0,0.0,OK,
TF29,Forster Moreno,2025-11,RETRO,FAK-Basis (FAK-CAF-ContributorySalary),86000.0,86000.0,0.0,OK,
TF29,Forster Moreno,2025-11,RETRO,FAK Kinderzulagen wiederkehrend (3000),0.0,0.0,0.0,OK,
TF29,Forster Moreno,2025-11,RETRO,FAK Zulagen einmalig (3001+3034),0.0,0.0,0.0,OK,
TF29,Forster Moreno,2025-11,RETRO,UVG-Bruttolohn (UVG-LAA-GrossSalary),86000.0,86000.0,0.0,OK,
TF29,Forster Moreno,2025-11,RETRO,UVG-Basis (UVG-LAA-BaseSalary),86000.0,86000.0,0.0,OK,
TF29,Forster Moreno,2025-11,RETRO,UVGZ-Basis (UVGZ-LAAC-BaseSalary),86000.0,86000.0,0.0,OK,
TF29,Forster Moreno,2025-11,RETRO,KTG-Referenzlohn (Reference-AHV-AVS-Salary),86000.0,86000.0,0.0,OK,
TF29,Forster Moreno,2025-11,RETRO,"Lohnausweis Bruttolohn (GrossIncome, Ziff. 8)",86000.0,86000.0,0.0,OK,
TF29,Forster Moreno,2025-11,RETRO,Lohnausweis BVG ordentlich (Ziff. 10.1 = 5050+1972),5005.0,5005.0,0.0,OK,
TF30,Müller Heinrich,2025-11,RETRO,AHV-Basis (AHV-AVS-BaseSalary),50000.0,50000.0,0.0,OK,
TF30,Müller Heinrich,2025-11,RETRO,FAK-Basis (FAK-CAF-ContributorySalary),50000.0,50000.0,0.0,OK,
TF30,Müller Heinrich,2025-11,RETRO,FAK Kinderzulagen wiederkehrend (3000),0.0,0.0,0.0,OK,
TF30,Müller Heinrich,2025-11,RETRO,FAK Zulagen einmalig (3001+3034),0.0,0.0,0.0,OK,
TF30,Müller Heinrich,2025-11,RETRO,UVG-Bruttolohn (UVG-LAA-GrossSalary),50000.0,50000.0,0.0,OK,
TF30,Müller Heinrich,2025-11,RETRO,UVG-Basis (UVG-LAA-BaseSalary),50000.0,50000.0,0.0,OK,
TF30,Müller Heinrich,2025-11,RETRO,UVGZ-Basis (UVGZ-LAAC-BaseSalary),50000.0,50000.0,0.0,OK,
TF30,Müller Heinrich,2025-11,RETRO,KTG-Referenzlohn (Reference-AHV-AVS-Salary),50000.0,50000.0,0.0,OK,
TF30,Müller Heinrich,2025-11,RETRO,"Lohnausweis Bruttolohn (GrossIncome, Ziff. 8)",50000.0,50000.0,0.0,OK,
TF30,Müller Heinrich,2025-11,RETRO,Lohnausweis BVG ordentlich (Ziff. 10.1 = 5050+1972),2200.0,2200.0,0.0,OK,
TF31,Bolletto Franca,2025-11,RETRO,AHV-Basis (AHV-AVS-BaseSalary),55000.0,55000.0,0.0,OK,
TF31,Bolletto Franca,2025-11,RETRO,FAK-Basis (FAK-CAF-ContributorySalary),55000.0,55000.0,0.0,OK,
TF31,Bolletto Franca,2025-11,RETRO,FAK Kinderzulagen wiederkehrend (3000),0.0,0.0,0.0,OK,
TF31,Bolletto Franca,2025-11,RETRO,FAK Zulagen einmalig (3001+3034),0.0,0.0,0.0,OK,
TF31,Bolletto Franca,2025-11,RETRO,UVG-Bruttolohn (UVG-LAA-GrossSalary),55000.0,55000.0,0.0,OK,
TF31,Bolletto Franca,2025-11,RETRO,UVG-Basis (UVG-LAA-BaseSalary),55000.0,55000.0,0.0,OK,
TF31,Bolletto Franca,2025-11,RETRO,UVGZ-Basis (UVGZ-LAAC-BaseSalary),55000.0,55000.0,0.0,OK,
TF31,Bolletto Franca,2025-11,RETRO,KTG-Referenzlohn (Reference-AHV-AVS-Salary),55000.0,55000.0,0.0,OK,
TF31,Bolletto Franca,2025-11,RETRO,"Lohnausweis Bruttolohn (GrossIncome, Ziff. 8)",55000.0,55000.0,0.0,OK,
TF31,Bolletto Franca,2025-11,RETRO,Lohnausweis BVG ordentlich (Ziff. 10.1 = 5050+1972),3575.0,3575.0,0.0,OK,
TF32,Armanini Laura,2025-11,RETRO,AHV-Basis (AHV-AVS-BaseSalary),15000.0,15000.0,0.0,OK,
TF32,Armanini Laura,2025-11,RETRO,FAK-Basis (FAK-CAF-ContributorySalary),15000.0,15000.0,0.0,OK,
TF32,Armanini Laura,2025-11,RETRO,FAK Kinderzulagen wiederkehrend (3000),0.0,0.0,0.0,OK,
TF32,Armanini Laura,2025-11,RETRO,FAK Zulagen einmalig (3001+3034),0.0,0.0,0.0,OK,
TF32,Armanini Laura,2025-11,RETRO,UVG-Bruttolohn (UVG-LAA-GrossSalary),15000.0,15000.0,0.0,OK,
TF32,Armanini Laura,2025-11,RETRO,UVG-Basis (UVG-LAA-BaseSalary),15000.0,15000.0,0.0,OK,
TF32,Armanini Laura,2025-11,RETRO,UVGZ-Basis (UVGZ-LAAC-BaseSalary),15000.0,15000.0,0.0,OK,
TF32,Armanini Laura,2025-11,RETRO,KTG-Referenzlohn (Reference-AHV-AVS-Salary),15000.0,15000.0,0.0,OK,
TF32,Armanini Laura,2025-11,RETRO,"Lohnausweis Bruttolohn (GrossIncome, Ziff. 8)",15000.0,15000.0,0.0,OK,
TF32,Armanini Laura,2025-11,RETRO,Lohnausweis BVG ordentlich (Ziff. 10.1 = 5050+1972),1200.0,1200.0,0.0,OK,
TF33,Châtelain Pierre,2025-11,RETRO,AHV-Basis (AHV-AVS-BaseSalary),55000.0,55000.0,0.0,OK,
TF33,Châtelain Pierre,2025-11,RETRO,FAK-Basis (FAK-CAF-ContributorySalary),55000.0,55000.0,0.0,OK,
TF33,Châtelain Pierre,2025-11,RETRO,FAK Kinderzulagen wiederkehrend (3000),2000.0,1250.0,750.0,DIFF,
TF33,Châtelain Pierre,2025-11,RETRO,FAK Zulagen einmalig (3001+3034),0.0,750.0,-750.0,DIFF,
TF33,Châtelain Pierre,2025-11,RETRO,UVG-Bruttolohn (UVG-LAA-GrossSalary),57000.0,57000.0,0.0,OK,
TF33,Châtelain Pierre,2025-11,RETRO,UVG-Basis (UVG-LAA-BaseSalary),55000.0,55000.0,0.0,OK,
TF33,Châtelain Pierre,2025-11,RETRO,UVGZ-Basis (UVGZ-LAAC-BaseSalary),55000.0,55000.0,0.0,OK,
TF33,Châtelain Pierre,2025-11,RETRO,KTG-Referenzlohn (Reference-AHV-AVS-Salary),55000.0,55000.0,0.0,OK,
TF33,Châtelain Pierre,2025-11,RETRO,"Lohnausweis Bruttolohn (GrossIncome, Ziff. 8)",57000.0,57000.0,0.0,OK,
TF33,Châtelain Pierre,2025-11,RETRO,Lohnausweis BVG ordentlich (Ziff. 10.1 = 5050+1972),4170.85,4170.87,-0.02,OK,
TF34,Rinaldi Massimo,2025-11,RETRO,AHV-Basis (AHV-AVS-BaseSalary),55000.0,55000.0,0.0,OK,
TF34,Rinaldi Massimo,2025-11,RETRO,FAK-Basis (FAK-CAF-ContributorySalary),55000.0,55000.0,0.0,OK,
TF34,Rinaldi Massimo,2025-11,RETRO,FAK Kinderzulagen wiederkehrend (3000),1720.0,1075.0,645.0,DIFF,
TF34,Rinaldi Massimo,2025-11,RETRO,FAK Zulagen einmalig (3001+3034),0.0,645.0,-645.0,DIFF,
TF34,Rinaldi Massimo,2025-11,RETRO,UVG-Bruttolohn (UVG-LAA-GrossSalary),56720.0,56720.0,0.0,OK,
TF34,Rinaldi Massimo,2025-11,RETRO,UVG-Basis (UVG-LAA-BaseSalary),55000.0,55000.0,0.0,OK,
TF34,Rinaldi Massimo,2025-11,RETRO,UVGZ-Basis (UVGZ-LAAC-BaseSalary),55000.0,55000.0,0.0,OK,
TF34,Rinaldi Massimo,2025-11,RETRO,KTG-Referenzlohn (Reference-AHV-AVS-Salary),55000.0,55000.0,0.0,OK,
TF34,Rinaldi Massimo,2025-11,RETRO,"Lohnausweis Bruttolohn (GrossIncome, Ziff. 8)",56720.0,56720.0,0.0,OK,
TF34,Rinaldi Massimo,2025-11,RETRO,Lohnausweis BVG ordentlich (Ziff. 10.1 = 5050+1972),0.0,0.0,0.0,OK,
TF35,Roos Roland,2025-11,RETRO,AHV-Basis (AHV-AVS-BaseSalary),85000.0,85000.0,0.0,OK,
TF35,Roos Roland,2025-11,RETRO,FAK-Basis (FAK-CAF-ContributorySalary),85000.0,85000.0,0.0,OK,
TF35,Roos Roland,2025-11,RETRO,FAK Kinderzulagen wiederkehrend (3000),500.0,500.0,0.0,OK,
TF35,Roos Roland,2025-11,RETRO,FAK Zulagen einmalig (3001+3034),0.0,0.0,0.0,OK,
TF35,Roos Roland,2025-11,RETRO,UVG-Bruttolohn (UVG-LAA-GrossSalary),85500.0,85500.0,0.0,OK,
TF35,Roos Roland,2025-11,RETRO,UVG-Basis (UVG-LAA-BaseSalary),85000.0,85000.0,0.0,OK,
TF35,Roos Roland,2025-11,RETRO,UVGZ-Basis (UVGZ-LAAC-BaseSalary),85000.0,85000.0,0.0,OK,
TF35,Roos Roland,2025-11,RETRO,KTG-Referenzlohn (Reference-AHV-AVS-Salary),85000.0,85000.0,0.0,OK,
TF35,Roos Roland,2025-11,RETRO,"Lohnausweis Bruttolohn (GrossIncome, Ziff. 8)",85500.0,85500.0,0.0,OK,
TF35,Roos Roland,2025-11,RETRO,Lohnausweis BVG ordentlich (Ziff. 10.1 = 5050+1972),4333.35,4333.35,0.0,OK,
TF36,Maldini Fabio,2025-11,RETRO,AHV-Basis (AHV-AVS-BaseSalary),85000.0,85000.0,0.0,OK,
TF36,Maldini Fabio,2025-11,RETRO,FAK-Basis (FAK-CAF-ContributorySalary),85000.0,85000.0,0.0,OK,
TF36,Maldini Fabio,2025-11,RETRO,FAK Kinderzulagen wiederkehrend (3000),430.0,430.0,0.0,OK,
TF36,Maldini Fabio,2025-11,RETRO,FAK Zulagen einmalig (3001+3034),0.0,0.0,0.0,OK,
TF36,Maldini Fabio,2025-11,RETRO,UVG-Bruttolohn (UVG-LAA-GrossSalary),85430.0,85430.0,0.0,OK,
TF36,Maldini Fabio,2025-11,RETRO,UVG-Basis (UVG-LAA-BaseSalary),85000.0,85000.0,0.0,OK,
TF36,Maldini Fabio,2025-11,RETRO,UVGZ-Basis (UVGZ-LAAC-BaseSalary),85000.0,85000.0,0.0,OK,
TF36,Maldini Fabio,2025-11,RETRO,KTG-Referenzlohn (Reference-AHV-AVS-Salary),85000.0,85000.0,0.0,OK,
TF36,Maldini Fabio,2025-11,RETRO,"Lohnausweis Bruttolohn (GrossIncome, Ziff. 8)",85430.0,85430.0,0.0,OK,
TF36,Maldini Fabio,2025-11,RETRO,Lohnausweis BVG ordentlich (Ziff. 10.1 = 5050+1972),4604.15,4604.15,0.0,OK,
TF37,Oberli Christine,2025-11,RETRO,AHV-Basis (AHV-AVS-BaseSalary),5000.0,5000.0,0.0,OK,
TF37,Oberli Christine,2025-11,RETRO,FAK-Basis (FAK-CAF-ContributorySalary),5000.0,5000.0,0.0,OK,
TF37,Oberli Christine,2025-11,RETRO,FAK Kinderzulagen wiederkehrend (3000),250.0,250.0,0.0,OK,
TF37,Oberli Christine,2025-11,RETRO,FAK Zulagen einmalig (3001+3034),0.0,0.0,0.0,OK,
TF37,Oberli Christine,2025-11,RETRO,UVG-Bruttolohn (UVG-LAA-GrossSalary),5250.0,5250.0,0.0,OK,
TF37,Oberli Christine,2025-11,RETRO,UVG-Basis (UVG-LAA-BaseSalary),5000.0,5000.0,0.0,OK,
TF37,Oberli Christine,2025-11,RETRO,UVGZ-Basis (UVGZ-LAAC-BaseSalary),5000.0,5000.0,0.0,OK,
TF37,Oberli Christine,2025-11,RETRO,KTG-Referenzlohn (Reference-AHV-AVS-Salary),5000.0,5000.0,0.0,OK,
TF37,Oberli Christine,2025-11,RETRO,"Lohnausweis Bruttolohn (GrossIncome, Ziff. 8)",5250.0,5250.0,0.0,OK,
TF37,Oberli Christine,2025-11,RETRO,Lohnausweis BVG ordentlich (Ziff. 10.1 = 5050+1972),400.0,400.0,0.0,OK,
TF38,Jung Claude,2025-11,RETRO,AHV-Basis (AHV-AVS-BaseSalary),48300.0,48300.0,0.0,OK,
TF38,Jung Claude,2025-11,RETRO,FAK-Basis (FAK-CAF-ContributorySalary),48300.0,48300.0,0.0,OK,
TF38,Jung Claude,2025-11,RETRO,FAK Kinderzulagen wiederkehrend (3000),0.0,0.0,0.0,OK,
TF38,Jung Claude,2025-11,RETRO,FAK Zulagen einmalig (3001+3034),0.0,0.0,0.0,OK,
TF38,Jung Claude,2025-11,RETRO,UVG-Bruttolohn (UVG-LAA-GrossSalary),48300.0,48300.0,0.0,OK,
TF38,Jung Claude,2025-11,RETRO,UVG-Basis (UVG-LAA-BaseSalary),48300.0,48300.0,0.0,OK,
TF38,Jung Claude,2025-11,RETRO,UVGZ-Basis (UVGZ-LAAC-BaseSalary),48300.0,48300.0,0.0,OK,
TF38,Jung Claude,2025-11,RETRO,KTG-Referenzlohn (Reference-AHV-AVS-Salary),48300.0,48300.0,0.0,OK,
TF38,Jung Claude,2025-11,RETRO,"Lohnausweis Bruttolohn (GrossIncome, Ziff. 8)",48300.0,48300.0,0.0,OK,
TF38,Jung Claude,2025-11,RETRO,Lohnausweis BVG ordentlich (Ziff. 10.1 = 5050+1972),4326.65,4326.63,0.02,OK,
TF39,Hasler Harald,2025-11,RETRO,UVG-Bruttolohn (UVG-LAA-GrossSalary),10000.0,10000.0,0.0,OK,
TF39,Hasler Harald,2025-11,RETRO,UVG-Basis (UVG-LAA-BaseSalary),10000.0,10000.0,0.0,OK,
TF39,Hasler Harald,2025-11,RETRO,UVGZ-Basis (UVGZ-LAAC-BaseSalary),10000.0,10000.0,0.0,OK,
TF39,Hasler Harald,2025-11,RETRO,KTG-Referenzlohn (Reference-AHV-AVS-Salary),10000.0,10000.0,0.0,OK,
TF39,Hasler Harald,2025-11,RETRO,"Lohnausweis Bruttolohn (GrossIncome, Ziff. 8)",10000.0,10000.0,0.0,OK,
TF39,Hasler Harald,2025-11,RETRO,Lohnausweis BVG ordentlich (Ziff. 10.1 = 5050+1972),0.0,0.0,0.0,OK,
TF40,Farine Corinne,2025-11,RETRO,AHV-Basis (AHV-AVS-BaseSalary),36300.0,36300.0,0.0,OK,
TF40,Farine Corinne,2025-11,RETRO,FAK-Basis (FAK-CAF-ContributorySalary),36300.0,36300.0,0.0,OK,
TF40,Farine Corinne,2025-11,RETRO,FAK Kinderzulagen wiederkehrend (3000),1072.0,1072.0,0.0,OK,
TF40,Farine Corinne,2025-11,RETRO,FAK Zulagen einmalig (3001+3034),0.0,0.0,0.0,OK,
TF40,Farine Corinne,2025-11,RETRO,UVG-Bruttolohn (UVG-LAA-GrossSalary),37372.0,37372.0,0.0,OK,
TF40,Farine Corinne,2025-11,RETRO,UVG-Basis (UVG-LAA-BaseSalary),36300.0,36300.0,0.0,OK,
TF40,Farine Corinne,2025-11,RETRO,UVGZ-Basis (UVGZ-LAAC-BaseSalary),36300.0,36300.0,0.0,OK,
TF40,Farine Corinne,2025-11,RETRO,KTG-Referenzlohn (Reference-AHV-AVS-Salary),36300.0,36300.0,0.0,OK,
TF40,Farine Corinne,2025-11,RETRO,"Lohnausweis Bruttolohn (GrossIncome, Ziff. 8)",37372.0,37372.0,0.0,OK,
TF40,Farine Corinne,2025-11,RETRO,Lohnausweis BVG ordentlich (Ziff. 10.1 = 5050+1972),1273.35,1273.34,0.01,OK,
TF41,Meier Max,2025-11,RETRO,AHV-Basis (AHV-AVS-BaseSalary),90000.0,90000.0,0.0,OK,
TF41,Meier Max,2025-11,RETRO,FAK-Basis (FAK-CAF-ContributorySalary),90000.0,90000.0,0.0,OK,
TF41,Meier Max,2025-11,RETRO,FAK Kinderzulagen wiederkehrend (3000),0.0,0.0,0.0,OK,
TF41,Meier Max,2025-11,RETRO,FAK Zulagen einmalig (3001+3034),0.0,0.0,0.0,OK,
TF41,Meier Max,2025-11,RETRO,UVG-Bruttolohn (UVG-LAA-GrossSalary),90000.0,90000.0,0.0,OK,
TF41,Meier Max,2025-11,RETRO,UVG-Basis (UVG-LAA-BaseSalary),90000.0,90000.0,0.0,OK,
TF41,Meier Max,2025-11,RETRO,UVGZ-Basis (UVGZ-LAAC-BaseSalary),90000.0,90000.0,0.0,OK,
TF41,Meier Max,2025-11,RETRO,KTG-Referenzlohn (Reference-AHV-AVS-Salary),90000.0,90000.0,0.0,OK,
TF41,Meier Max,2025-11,RETRO,"Lohnausweis Bruttolohn (GrossIncome, Ziff. 8)",90000.0,90000.0,0.0,OK,
TF41,Meier Max,2025-11,RETRO,Lohnausweis BVG ordentlich (Ziff. 10.1 = 5050+1972),0.0,0.0,0.0,OK,
TF42,Peters Otto,2025-11,RETRO,AHV-Basis (AHV-AVS-BaseSalary),6666.65,6666.65,0.0,OK,
TF42,Peters Otto,2025-11,RETRO,FAK-Basis (FAK-CAF-ContributorySalary),6666.65,6666.65,0.0,OK,
TF42,Peters Otto,2025-11,RETRO,FAK Kinderzulagen wiederkehrend (3000),0.0,0.0,0.0,OK,
TF42,Peters Otto,2025-11,RETRO,FAK Zulagen einmalig (3001+3034),0.0,0.0,0.0,OK,
TF42,Peters Otto,2025-11,RETRO,UVG-Bruttolohn (UVG-LAA-GrossSalary),6666.65,6666.65,0.0,OK,
TF42,Peters Otto,2025-11,RETRO,UVG-Basis (UVG-LAA-BaseSalary),6666.65,6666.65,0.0,OK,
TF42,Peters Otto,2025-11,RETRO,UVGZ-Basis (UVGZ-LAAC-BaseSalary),6666.65,6666.65,0.0,OK,
TF42,Peters Otto,2025-11,RETRO,KTG-Referenzlohn (Reference-AHV-AVS-Salary),6666.65,6666.65,0.0,OK,
TF42,Peters Otto,2025-11,RETRO,"Lohnausweis Bruttolohn (GrossIncome, Ziff. 8)",6666.65,6666.65,0.0,OK,
TF42,Peters Otto,2025-11,RETRO,Lohnausweis BVG ordentlich (Ziff. 10.1 = 5050+1972),466.65,466.67,-0.02,OK,
TF43,Ochsenbein Lea,2025-11,RETRO,AHV-Basis (AHV-AVS-BaseSalary),6666.65,6666.65,0.0,OK,
TF43,Ochsenbein Lea,2025-11,RETRO,FAK-Basis (FAK-CAF-ContributorySalary),6666.65,6666.65,0.0,OK,
TF43,Ochsenbein Lea,2025-11,RETRO,FAK Kinderzulagen wiederkehrend (3000),0.0,0.0,0.0,OK,
TF43,Ochsenbein Lea,2025-11,RETRO,FAK Zulagen einmalig (3001+3034),0.0,0.0,0.0,OK,
TF43,Ochsenbein Lea,2025-11,RETRO,UVG-Bruttolohn (UVG-LAA-GrossSalary),6666.65,6666.65,0.0,OK,
TF43,Ochsenbein Lea,2025-11,RETRO,UVG-Basis (UVG-LAA-BaseSalary),6666.65,6666.65,0.0,OK,
TF43,Ochsenbein Lea,2025-11,RETRO,UVGZ-Basis (UVGZ-LAAC-BaseSalary),6666.65,6666.65,0.0,OK,
TF43,Ochsenbein Lea,2025-11,RETRO,KTG-Referenzlohn (Reference-AHV-AVS-Salary),6666.65,6666.65,0.0,OK,
TF43,Ochsenbein Lea,2025-11,RETRO,"Lohnausweis Bruttolohn (GrossIncome, Ziff. 8)",6666.65,6666.65,0.0,OK,
TF43,Ochsenbein Lea,2025-11,RETRO,Lohnausweis BVG ordentlich (Ziff. 10.1 = 5050+1972),533.35,533.33,0.02,OK,
TF44,Lusser Hans,2025-11,RETRO,AHV-Basis (AHV-AVS-BaseSalary),-3500.0,-3500.0,0.0,OK,
TF44,Lusser Hans,2025-11,RETRO,FAK-Basis (FAK-CAF-ContributorySalary),-3500.0,-3500.0,0.0,OK,
TF44,Lusser Hans,2025-11,RETRO,FAK Kinderzulagen wiederkehrend (3000),0.0,0.0,0.0,OK,
TF44,Lusser Hans,2025-11,RETRO,FAK Zulagen einmalig (3001+3034),0.0,0.0,0.0,OK,
TF44,Lusser Hans,2025-11,RETRO,UVG-Bruttolohn (UVG-LAA-GrossSalary),24500.0,24500.0,0.0,OK,
TF44,Lusser Hans,2025-11,RETRO,UVG-Basis (UVG-LAA-BaseSalary),-3500.0,-3500.0,0.0,OK,
TF44,Lusser Hans,2025-11,RETRO,UVGZ-Basis (UVGZ-LAAC-BaseSalary),-3500.0,-3500.0,0.0,OK,
TF44,Lusser Hans,2025-11,RETRO,KTG-Referenzlohn (Reference-AHV-AVS-Salary),-3500.0,-3500.0,0.0,OK,
TF44,Lusser Hans,2025-11,RETRO,"Lohnausweis Bruttolohn (GrossIncome, Ziff. 8)",24500.0,24500.0,0.0,OK,
TF44,Lusser Hans,2025-11,RETRO,Lohnausweis BVG ordentlich (Ziff. 10.1 = 5050+1972),770.0,770.0,0.0,OK,
TF02,Paganini Maria,2025-11,MONTHLY,Statistik Grundlohn (GrossBaseSalaryAndRegularAllowance),5688.15,5688.15,0.0,OK,
TF02,Paganini Maria,2025-11,MONTHLY,Statistik Zulagen (Allowances),0.0,0.0,0.0,OK,
TF02,Paganini Maria,2025-11,MONTHLY,Statistik Familienzulagen (FamilyIncomeSupplement),215.0,215.0,0.0,OK,
TF02,Paganini Maria,2025-11,MONTHLY,Statistik Leistungen Dritter (PaymentsByThird),0.0,0.0,0.0,OK,
TF02,Paganini Maria,2025-11,MONTHLY,Statistik BVG-Beitrag AN (BVG-LPP-RegularContribution),0.0,-0.0,0.0,OK,
TF03,Lusser Pia,2025-11,MONTHLY,Statistik Grundlohn (GrossBaseSalaryAndRegularAllowance),1500.0,1500.0,0.0,OK,
TF03,Lusser Pia,2025-11,MONTHLY,Statistik Zulagen (Allowances),0.0,0.0,0.0,OK,
TF03,Lusser Pia,2025-11,MONTHLY,Statistik Familienzulagen (FamilyIncomeSupplement),0.0,0.0,0.0,OK,
TF03,Lusser Pia,2025-11,MONTHLY,Statistik Leistungen Dritter (PaymentsByThird),0.0,0.0,0.0,OK,
TF03,Lusser Pia,2025-11,MONTHLY,Statistik BVG-Beitrag AN (BVG-LPP-RegularContribution),0.0,-0.0,0.0,OK,
TF04,Fankhauser Markus,2025-11,MONTHLY,Statistik Grundlohn (GrossBaseSalaryAndRegularAllowance),30000.0,30000.0,0.0,OK,
TF04,Fankhauser Markus,2025-11,MONTHLY,Statistik Zulagen (Allowances),0.0,0.0,0.0,OK,
TF04,Fankhauser Markus,2025-11,MONTHLY,Statistik Familienzulagen (FamilyIncomeSupplement),0.0,0.0,0.0,OK,
TF04,Fankhauser Markus,2025-11,MONTHLY,Statistik Leistungen Dritter (PaymentsByThird),0.0,0.0,0.0,OK,
TF04,Fankhauser Markus,2025-11,MONTHLY,Statistik BVG-Beitrag AN (BVG-LPP-RegularContribution),-2800.0,-2800.0,0.0,OK,
TF05,Moser Johann,2025-11,MONTHLY,Statistik Grundlohn (GrossBaseSalaryAndRegularAllowance),1350.0,1350.0,0.0,OK,
TF05,Moser Johann,2025-11,MONTHLY,Statistik Zulagen (Allowances),0.0,0.0,0.0,OK,
TF05,Moser Johann,2025-11,MONTHLY,Statistik Familienzulagen (FamilyIncomeSupplement),0.0,0.0,0.0,OK,
TF05,Moser Johann,2025-11,MONTHLY,Statistik Leistungen Dritter (PaymentsByThird),0.0,0.0,0.0,OK,
TF05,Moser Johann,2025-11,MONTHLY,Statistik BVG-Beitrag AN (BVG-LPP-RegularContribution),0.0,-0.0,0.0,OK,
TF08,Lamon René,2025-11,MONTHLY,Statistik Grundlohn (GrossBaseSalaryAndRegularAllowance),7638.45,7638.45,0.0,OK,
TF08,Lamon René,2025-11,MONTHLY,Statistik Zulagen (Allowances),44.0,0.0,44.0,DIFF,
TF08,Lamon René,2025-11,MONTHLY,Statistik Familienzulagen (FamilyIncomeSupplement),250.0,250.0,0.0,OK,
TF08,Lamon René,2025-11,MONTHLY,Statistik Leistungen Dritter (PaymentsByThird),0.0,0.0,0.0,OK,
TF08,Lamon René,2025-11,MONTHLY,Statistik BVG-Beitrag AN (BVG-LPP-RegularContribution),-603.79,-603.79,0.0,OK,
TF09,Estermann Michael,2025-11,MONTHLY,Statistik Grundlohn (GrossBaseSalaryAndRegularAllowance),1000.0,1000.0,0.0,OK,
TF09,Estermann Michael,2025-11,MONTHLY,Statistik Zulagen (Allowances),0.0,0.0,0.0,OK,
TF09,Estermann Michael,2025-11,MONTHLY,Statistik Familienzulagen (FamilyIncomeSupplement),0.0,0.0,0.0,OK,
TF09,Estermann Michael,2025-11,MONTHLY,Statistik Leistungen Dritter (PaymentsByThird),0.0,0.0,0.0,OK,
TF09,Estermann Michael,2025-11,MONTHLY,Statistik BVG-Beitrag AN (BVG-LPP-RegularContribution),0.0,-0.0,0.0,OK,
TF11,Bosshard Peter,2025-11,MONTHLY,Statistik Grundlohn (GrossBaseSalaryAndRegularAllowance),45500.0,31950.0,13550.0,DIFF,
TF11,Bosshard Peter,2025-11,MONTHLY,Statistik Zulagen (Allowances),0.0,0.0,0.0,OK,
TF11,Bosshard Peter,2025-11,MONTHLY,Statistik Familienzulagen (FamilyIncomeSupplement),215.0,215.0,0.0,OK,
TF11,Bosshard Peter,2025-11,MONTHLY,Statistik Leistungen Dritter (PaymentsByThird),0.0,0.0,0.0,OK,
TF11,Bosshard Peter,2025-11,MONTHLY,Statistik BVG-Beitrag AN (BVG-LPP-RegularContribution),-2469.83,-2469.83,0.0,OK,
TF12,Casanova Renato,2025-11,MONTHLY,Statistik Grundlohn (GrossBaseSalaryAndRegularAllowance),10000.0,0.0,10000.0,DIFF,
TF12,Casanova Renato,2025-11,MONTHLY,Statistik Zulagen (Allowances),0.0,0.0,0.0,OK,
TF12,Casanova Renato,2025-11,MONTHLY,Statistik Familienzulagen (FamilyIncomeSupplement),0.0,0.0,0.0,OK,
TF12,Casanova Renato,2025-11,MONTHLY,Statistik Leistungen Dritter (PaymentsByThird),0.0,0.0,0.0,OK,
TF12,Casanova Renato,2025-11,MONTHLY,Statistik BVG-Beitrag AN (BVG-LPP-RegularContribution),-866.67,-866.67,0.0,OK,
TF13,Combertaldi Renato,2025-11,MONTHLY,Statistik Grundlohn (GrossBaseSalaryAndRegularAllowance),2200.0,2200.0,0.0,OK,
TF13,Combertaldi Renato,2025-11,MONTHLY,Statistik Zulagen (Allowances),0.0,0.0,0.0,OK,
TF13,Combertaldi Renato,2025-11,MONTHLY,Statistik Familienzulagen (FamilyIncomeSupplement),0.0,0.0,0.0,OK,
TF13,Combertaldi Renato,2025-11,MONTHLY,Statistik Leistungen Dritter (PaymentsByThird),0.0,0.0,0.0,OK,
TF13,Combertaldi Renato,2025-11,MONTHLY,Statistik BVG-Beitrag AN (BVG-LPP-RegularContribution),0.0,-0.0,0.0,OK,
TF14,Egli Anna,2025-11,MONTHLY,Statistik Grundlohn (GrossBaseSalaryAndRegularAllowance),2500.0,2500.0,0.0,OK,
TF14,Egli Anna,2025-11,MONTHLY,Statistik Zulagen (Allowances),0.0,0.0,0.0,OK,
TF14,Egli Anna,2025-11,MONTHLY,Statistik Familienzulagen (FamilyIncomeSupplement),0.0,0.0,0.0,OK,
TF14,Egli Anna,2025-11,MONTHLY,Statistik Leistungen Dritter (PaymentsByThird),0.0,0.0,0.0,OK,
TF14,Egli Anna,2025-11,MONTHLY,Statistik BVG-Beitrag AN (BVG-LPP-RegularContribution),0.0,-0.0,0.0,OK,
TF17,Binggeli Fritz,2025-11,MONTHLY,Statistik Grundlohn (GrossBaseSalaryAndRegularAllowance),4550.0,4550.0,0.0,OK,
TF17,Binggeli Fritz,2025-11,MONTHLY,Statistik Zulagen (Allowances),0.0,0.0,0.0,OK,
TF17,Binggeli Fritz,2025-11,MONTHLY,Statistik Familienzulagen (FamilyIncomeSupplement),0.0,0.0,0.0,OK,
TF17,Binggeli Fritz,2025-11,MONTHLY,Statistik Leistungen Dritter (PaymentsByThird),0.0,0.0,0.0,OK,
TF17,Binggeli Fritz,2025-11,MONTHLY,Statistik BVG-Beitrag AN (BVG-LPP-RegularContribution),-318.5,-318.5,0.0,OK,
TF17,Binggeli Fritz,2025-11,MONTHLY,QST steuerbarer Lohn TI A0N (TaxableEarning),6550.0,6550.0,0.0,OK,"Satz-Lohn 6666.65, QST 870.10"
TF18,Blanc Pierre,2025-11,MONTHLY,Statistik Grundlohn (GrossBaseSalaryAndRegularAllowance),2083.7,2083.7,0.0,OK,
TF18,Blanc Pierre,2025-11,MONTHLY,Statistik Zulagen (Allowances),0.0,0.0,0.0,OK,
TF18,Blanc Pierre,2025-11,MONTHLY,Statistik Familienzulagen (FamilyIncomeSupplement),0.0,0.0,0.0,OK,
TF18,Blanc Pierre,2025-11,MONTHLY,Statistik Leistungen Dritter (PaymentsByThird),0.0,0.0,0.0,OK,
TF18,Blanc Pierre,2025-11,MONTHLY,Statistik BVG-Beitrag AN (BVG-LPP-RegularContribution),-76.44,-76.44,0.0,OK,
TF18,Blanc Pierre,2025-11,MONTHLY,QST steuerbarer Lohn BE B0Y (TaxableEarning),2083.7,2083.7,0.0,OK,"Satz-Lohn 6376.90, QST 192.55"
TF19,Andrey Melanie,2025-11,MONTHLY,Statistik Grundlohn (GrossBaseSalaryAndRegularAllowance),2600.0,2600.0,0.0,OK,
TF19,Andrey Melanie,2025-11,MONTHLY,Statistik Zulagen (Allowances),0.0,0.0,0.0,OK,
TF19,Andrey Melanie,2025-11,MONTHLY,Statistik Familienzulagen (FamilyIncomeSupplement),0.0,0.0,0.0,OK,
TF19,Andrey Melanie,2025-11,MONTHLY,Statistik Leistungen Dritter (PaymentsByThird),0.0,0.0,0.0,OK,
TF19,Andrey Melanie,2025-11,MONTHLY,Statistik BVG-Beitrag AN (BVG-LPP-RegularContribution),-197.16,-197.16,0.0,OK,
TF19,Andrey Melanie,2025-11,MONTHLY,QST steuerbarer Lohn TI A0N (TaxableEarning),2600.0,2600.0,0.0,OK,"Satz-Lohn 3167.25, QST 59.80"
TF22,Bucher Elisabeth,2025-11,MONTHLY,Statistik Grundlohn (GrossBaseSalaryAndRegularAllowance),4717.85,4717.85,0.0,OK,
TF22,Bucher Elisabeth,2025-11,MONTHLY,Statistik Zulagen (Allowances),0.0,0.0,0.0,OK,
TF22,Bucher Elisabeth,2025-11,MONTHLY,Statistik Familienzulagen (FamilyIncomeSupplement),0.0,0.0,0.0,OK,
TF22,Bucher Elisabeth,2025-11,MONTHLY,Statistik Leistungen Dritter (PaymentsByThird),0.0,0.0,0.0,OK,
TF22,Bucher Elisabeth,2025-11,MONTHLY,Statistik BVG-Beitrag AN (BVG-LPP-RegularContribution),-320.83,-320.83,0.0,OK,
TF22,Bucher Elisabeth,2025-11,MONTHLY,QST steuerbarer Lohn TI C0N (TaxableEarning),4717.85,4717.85,0.0,OK,"Satz-Lohn 4717.85, QST 344.40"
TF23,Koller Ludwig,2025-11,MONTHLY,Statistik Grundlohn (GrossBaseSalaryAndRegularAllowance),5000.0,5000.0,0.0,OK,
TF23,Koller Ludwig,2025-11,MONTHLY,Statistik Zulagen (Allowances),0.0,0.0,0.0,OK,
TF23,Koller Ludwig,2025-11,MONTHLY,Statistik Familienzulagen (FamilyIncomeSupplement),215.0,215.0,0.0,OK,
TF23,Koller Ludwig,2025-11,MONTHLY,Statistik Leistungen Dritter (PaymentsByThird),0.0,0.0,0.0,OK,
TF23,Koller Ludwig,2025-11,MONTHLY,Statistik BVG-Beitrag AN (BVG-LPP-RegularContribution),-379.16,-379.16,0.0,OK,
TF23,Koller Ludwig,2025-11,MONTHLY,QST steuerbarer Lohn TI B1N (TaxableEarning),5215.0,5215.0,0.0,OK,"Satz-Lohn 7539.10, QST 245.10"
TF24,Utzinger Jan,2025-11,MONTHLY,Statistik Grundlohn (GrossBaseSalaryAndRegularAllowance),11000.0,11000.0,0.0,OK,
TF24,Utzinger Jan,2025-11,MONTHLY,Statistik Zulagen (Allowances),0.0,0.0,0.0,OK,
TF24,Utzinger Jan,2025-11,MONTHLY,Statistik Familienzulagen (FamilyIncomeSupplement),0.0,0.0,0.0,OK,
TF24,Utzinger Jan,2025-11,MONTHLY,Statistik Leistungen Dritter (PaymentsByThird),0.0,0.0,0.0,OK,
TF24,Utzinger Jan,2025-11,MONTHLY,Statistik BVG-Beitrag AN (BVG-LPP-RegularContribution),-834.17,-834.17,0.0,OK,
TF24,Utzinger Jan,2025-11,MONTHLY,QST steuerbarer Lohn TI C0N (TaxableEarning),11000.0,11000.0,0.0,OK,"Satz-Lohn 9363.65, QST 1728.00"
TF27,Rast Eva,2025-11,MONTHLY,Statistik Grundlohn (GrossBaseSalaryAndRegularAllowance),10000.0,10000.0,0.0,OK,
TF27,Rast Eva,2025-11,MONTHLY,Statistik Zulagen (Allowances),0.0,0.0,0.0,OK,
TF27,Rast Eva,2025-11,MONTHLY,Statistik Familienzulagen (FamilyIncomeSupplement),0.0,0.0,0.0,OK,
TF27,Rast Eva,2025-11,MONTHLY,Statistik Leistungen Dritter (PaymentsByThird),0.0,0.0,0.0,OK,
TF27,Rast Eva,2025-11,MONTHLY,Statistik BVG-Beitrag AN (BVG-LPP-RegularContribution),-800.0,-800.0,0.0,OK,
TF27,Rast Eva,2025-11,MONTHLY,QST steuerbarer Lohn BE L0N (TaxableEarning),10000.0,10000.0,0.0,OK,"Satz-Lohn 10000.00, QST 450.00"
TF28,Arbenz Esther,2025-11,MONTHLY,Statistik Grundlohn (GrossBaseSalaryAndRegularAllowance),6000.0,6000.0,0.0,OK,
TF28,Arbenz Esther,2025-11,MONTHLY,Statistik Zulagen (Allowances),0.0,0.0,0.0,OK,
TF28,Arbenz Esther,2025-11,MONTHLY,Statistik Familienzulagen (FamilyIncomeSupplement),0.0,0.0,0.0,OK,
TF28,Arbenz Esther,2025-11,MONTHLY,Statistik Leistungen Dritter (PaymentsByThird),0.0,0.0,0.0,OK,
TF28,Arbenz Esther,2025-11,MONTHLY,Statistik BVG-Beitrag AN (BVG-LPP-RegularContribution),-520.0,-520.0,0.0,OK,
TF28,Arbenz Esther,2025-11,MONTHLY,QST steuerbarer Lohn BE A0Y (TaxableEarning),4800.0,6000.0,-1200.0,DIFF,"Satz-Lohn 8000.00, QST 703.70"
TF29,Forster Moreno,2025-11,MONTHLY,Statistik Grundlohn (GrossBaseSalaryAndRegularAllowance),6000.0,6000.0,0.0,OK,
TF29,Forster Moreno,2025-11,MONTHLY,Statistik Zulagen (Allowances),0.0,0.0,0.0,OK,
TF29,Forster Moreno,2025-11,MONTHLY,Statistik Familienzulagen (FamilyIncomeSupplement),0.0,0.0,0.0,OK,
TF29,Forster Moreno,2025-11,MONTHLY,Statistik Leistungen Dritter (PaymentsByThird),0.0,0.0,0.0,OK,
TF29,Forster Moreno,2025-11,MONTHLY,Statistik BVG-Beitrag AN (BVG-LPP-RegularContribution),-455.0,-455.0,0.0,OK,
TF29,Forster Moreno,2025-11,MONTHLY,QST steuerbarer Lohn TI A0N (TaxableEarning),4800.0,6000.0,-1200.0,DIFF,"Satz-Lohn 9666.65, QST 700.80"
TF31,Bolletto Franca,2025-11,MONTHLY,Statistik Grundlohn (GrossBaseSalaryAndRegularAllowance),5000.0,5000.0,0.0,OK,
TF31,Bolletto Franca,2025-11,MONTHLY,Statistik Zulagen (Allowances),0.0,0.0,0.0,OK,
TF31,Bolletto Franca,2025-11,MONTHLY,Statistik Familienzulagen (FamilyIncomeSupplement),0.0,0.0,0.0,OK,
TF31,Bolletto Franca,2025-11,MONTHLY,Statistik Leistungen Dritter (PaymentsByThird),0.0,0.0,0.0,OK,
TF31,Bolletto Franca,2025-11,MONTHLY,Statistik BVG-Beitrag AN (BVG-LPP-RegularContribution),-325.0,-325.0,0.0,OK,
TF31,Bolletto Franca,2025-11,MONTHLY,QST steuerbarer Lohn VD B0N (TaxableEarning),5000.0,5000.0,0.0,OK,"Satz-Lohn 5000.00, QST 117.00"
TF32,Armanini Laura,2025-11,MONTHLY,Statistik Grundlohn (GrossBaseSalaryAndRegularAllowance),5000.0,5000.0,0.0,OK,
TF32,Armanini Laura,2025-11,MONTHLY,Statistik Zulagen (Allowances),0.0,0.0,0.0,OK,
TF32,Armanini Laura,2025-11,MONTHLY,Statistik Familienzulagen (FamilyIncomeSupplement),0.0,0.0,0.0,OK,
TF32,Armanini Laura,2025-11,MONTHLY,Statistik Leistungen Dritter (PaymentsByThird),0.0,0.0,0.0,OK,
TF32,Armanini Laura,2025-11,MONTHLY,Statistik BVG-Beitrag AN (BVG-LPP-RegularContribution),-400.0,-400.0,0.0,OK,
TF32,Armanini Laura,2025-11,MONTHLY,QST steuerbarer Lohn BE A0Y (TaxableEarning),5000.0,5000.0,0.0,OK,"Satz-Lohn 5000.00, QST 547.50"
TF33,Châtelain Pierre,2025-11,MONTHLY,Statistik Grundlohn (GrossBaseSalaryAndRegularAllowance),5000.0,5000.0,0.0,OK,
TF33,Châtelain Pierre,2025-11,MONTHLY,Statistik Zulagen (Allowances),0.0,0.0,0.0,OK,
TF33,Châtelain Pierre,2025-11,MONTHLY,Statistik Familienzulagen (FamilyIncomeSupplement),250.0,250.0,0.0,OK,
TF33,Châtelain Pierre,2025-11,MONTHLY,Statistik Leistungen Dritter (PaymentsByThird),0.0,0.0,0.0,OK,
TF33,Châtelain Pierre,2025-11,MONTHLY,Statistik BVG-Beitrag AN (BVG-LPP-RegularContribution),-379.17,-379.17,0.0,OK,
TF33,Châtelain Pierre,2025-11,MONTHLY,QST steuerbarer Lohn BE B1Y (TaxableEarning),5250.0,5250.0,0.0,OK,"Satz-Lohn 5250.00, QST 224.70"
TF34,Rinaldi Massimo,2025-11,MONTHLY,Statistik Grundlohn (GrossBaseSalaryAndRegularAllowance),5000.0,5000.0,0.0,OK,
TF34,Rinaldi Massimo,2025-11,MONTHLY,Statistik Zulagen (Allowances),0.0,0.0,0.0,OK,
TF34,Rinaldi Massimo,2025-11,MONTHLY,Statistik Familienzulagen (FamilyIncomeSupplement),215.0,215.0,0.0,OK,
TF34,Rinaldi Massimo,2025-11,MONTHLY,Statistik Leistungen Dritter (PaymentsByThird),0.0,0.0,0.0,OK,
TF34,Rinaldi Massimo,2025-11,MONTHLY,Statistik BVG-Beitrag AN (BVG-LPP-RegularContribution),0.0,-0.0,0.0,OK,
TF34,Rinaldi Massimo,2025-11,MONTHLY,QST steuerbarer Lohn TI B1N (TaxableEarning),5215.0,5215.0,0.0,OK,"Satz-Lohn 5151.50, QST 155.80"
TF35,Roos Roland,2025-11,MONTHLY,Statistik Grundlohn (GrossBaseSalaryAndRegularAllowance),5000.0,5000.0,0.0,OK,
TF35,Roos Roland,2025-11,MONTHLY,Statistik Zulagen (Allowances),0.0,0.0,0.0,OK,
TF35,Roos Roland,2025-11,MONTHLY,Statistik Familienzulagen (FamilyIncomeSupplement),250.0,250.0,0.0,OK,
TF35,Roos Roland,2025-11,MONTHLY,Statistik Leistungen Dritter (PaymentsByThird),0.0,0.0,0.0,OK,
TF35,Roos Roland,2025-11,MONTHLY,Statistik BVG-Beitrag AN (BVG-LPP-RegularContribution),-433.33,-433.33,0.0,OK,
TF35,Roos Roland,2025-11,MONTHLY,QST steuerbarer Lohn BE B1Y (TaxableEarning),5250.0,5250.0,0.0,OK,"Satz-Lohn 5250.00, QST 224.70"
TF36,Maldini Fabio,2025-11,MONTHLY,Statistik Grundlohn (GrossBaseSalaryAndRegularAllowance),5000.0,5000.0,0.0,OK,
TF36,Maldini Fabio,2025-11,MONTHLY,Statistik Zulagen (Allowances),0.0,0.0,0.0,OK,
TF36,Maldini Fabio,2025-11,MONTHLY,Statistik Familienzulagen (FamilyIncomeSupplement),215.0,215.0,0.0,OK,
TF36,Maldini Fabio,2025-11,MONTHLY,Statistik Leistungen Dritter (PaymentsByThird),0.0,0.0,0.0,OK,
TF36,Maldini Fabio,2025-11,MONTHLY,Statistik BVG-Beitrag AN (BVG-LPP-RegularContribution),-379.17,-379.17,0.0,OK,
TF36,Maldini Fabio,2025-11,MONTHLY,QST steuerbarer Lohn TI T1N (TaxableEarning),5215.0,5215.0,0.0,OK,"Satz-Lohn 5143.35, QST 250.30"
TF38,Jung Claude,2025-11,MONTHLY,Statistik Grundlohn (GrossBaseSalaryAndRegularAllowance),3000.0,3000.0,0.0,OK,
TF38,Jung Claude,2025-11,MONTHLY,Statistik Zulagen (Allowances),0.0,0.0,0.0,OK,
TF38,Jung Claude,2025-11,MONTHLY,Statistik Familienzulagen (FamilyIncomeSupplement),0.0,0.0,0.0,OK,
TF38,Jung Claude,2025-11,MONTHLY,Statistik Leistungen Dritter (PaymentsByThird),0.0,0.0,0.0,OK,
TF38,Jung Claude,2025-11,MONTHLY,Statistik BVG-Beitrag AN (BVG-LPP-RegularContribution),-393.33,-393.33,0.0,OK,
TF38,Jung Claude,2025-11,MONTHLY,QST steuerbarer Lohn BE None (TaxableEarning),3000.0,3000.0,0.0,OK,"Satz-Lohn 3000.00, QST 0.00"
TF39,Hasler Harald,2025-11,MONTHLY,Statistik Grundlohn (GrossBaseSalaryAndRegularAllowance),0.0,0.0,0.0,OK,
TF39,Hasler Harald,2025-11,MONTHLY,Statistik Zulagen (Allowances),0.0,0.0,0.0,OK,
TF39,Hasler Harald,2025-11,MONTHLY,Statistik Familienzulagen (FamilyIncomeSupplement),0.0,0.0,0.0,OK,
TF39,Hasler Harald,2025-11,MONTHLY,Statistik Leistungen Dritter (PaymentsByThird),0.0,0.0,0.0,OK,
TF39,Hasler Harald,2025-11,MONTHLY,Statistik BVG-Beitrag AN (BVG-LPP-RegularContribution),0.0,-0.0,0.0,OK,
TF39,Hasler Harald,2025-11,MONTHLY,QST steuerbarer Lohn BE None (TaxableEarning),0.0,0.0,0.0,OK,"Satz-Lohn 0.00, QST 0.00"
TF42,Peters Otto,2025-11,MONTHLY,Statistik Grundlohn (GrossBaseSalaryAndRegularAllowance),6666.65,6666.65,0.0,OK,
TF42,Peters Otto,2025-11,MONTHLY,Statistik Zulagen (Allowances),0.0,0.0,0.0,OK,
TF42,Peters Otto,2025-11,MONTHLY,Statistik Familienzulagen (FamilyIncomeSupplement),0.0,0.0,0.0,OK,
TF42,Peters Otto,2025-11,MONTHLY,Statistik Leistungen Dritter (PaymentsByThird),0.0,0.0,0.0,OK,
TF42,Peters Otto,2025-11,MONTHLY,Statistik BVG-Beitrag AN (BVG-LPP-RegularContribution),-466.67,-466.67,0.0,OK,
TF42,Peters Otto,2025-11,MONTHLY,QST steuerbarer Lohn TI A0N (TaxableEarning),4000.0,6666.65,-2666.65,DIFF,"Satz-Lohn 6666.65, QST 448.00"
TF43,Ochsenbein Lea,2025-11,MONTHLY,Statistik Grundlohn (GrossBaseSalaryAndRegularAllowance),6666.65,6666.65,0.0,OK,
TF43,Ochsenbein Lea,2025-11,MONTHLY,Statistik Zulagen (Allowances),0.0,0.0,0.0,OK,
TF43,Ochsenbein Lea,2025-11,MONTHLY,Statistik Familienzulagen (FamilyIncomeSupplement),0.0,0.0,0.0,OK,
TF43,Ochsenbein Lea,2025-11,MONTHLY,Statistik Leistungen Dritter (PaymentsByThird),0.0,0.0,0.0,OK,
TF43,Ochsenbein Lea,2025-11,MONTHLY,Statistik BVG-Beitrag AN (BVG-LPP-RegularContribution),-533.33,-533.33,0.0,OK,
TF43,Ochsenbein Lea,2025-11,MONTHLY,QST steuerbarer Lohn BE A0Y (TaxableEarning),4000.0,6666.65,-2666.65,DIFF,"Satz-Lohn 6666.65, QST 534.00"
TF44,Lusser Hans,2025-11,MONTHLY,Statistik Grundlohn (GrossBaseSalaryAndRegularAllowance),1500.0,1500.0,0.0,OK,
TF44,Lusser Hans,2025-11,MONTHLY,Statistik Zulagen (Allowances),0.0,0.0,0.0,OK,
TF44,Lusser Hans,2025-11,MONTHLY,Statistik Familienzulagen (FamilyIncomeSupplement),0.0,0.0,0.0,OK,
TF44,Lusser Hans,2025-11,MONTHLY,Statistik Leistungen Dritter (PaymentsByThird),0.0,0.0,0.0,OK,
TF44,Lusser Hans,2025-11,MONTHLY,Statistik BVG-Beitrag AN (BVG-LPP-RegularContribution),0.0,-0.0,0.0,OK,
TF10,Ganz Heinz,2025-11,MONTHLY,Person fehlt im XML,0.0,6400.0,-6400.0,DIFF,"CSV hat Lohn im Monat, MONTHLY ohne Person"
TF01,Herz Monica,2025-12,RETRO,AHV-Basis (AHV-AVS-BaseSalary),55359.3,55359.3,0.0,OK,
TF01,Herz Monica,2025-12,RETRO,FAK-Basis (FAK-CAF-ContributorySalary),55359.3,55359.3,0.0,OK,
TF01,Herz Monica,2025-12,RETRO,FAK Kinderzulagen wiederkehrend (3000),0.0,0.0,0.0,OK,
TF01,Herz Monica,2025-12,RETRO,FAK Zulagen einmalig (3001+3034),0.0,0.0,0.0,OK,
TF01,Herz Monica,2025-12,RETRO,UVG-Bruttolohn (UVG-LAA-GrossSalary),59359.3,59359.3,0.0,OK,
TF01,Herz Monica,2025-12,RETRO,UVG-Basis (UVG-LAA-BaseSalary),52859.3,52859.3,0.0,OK,
TF01,Herz Monica,2025-12,RETRO,UVGZ-Basis (UVGZ-LAAC-BaseSalary),52859.3,52859.3,0.0,OK,
TF01,Herz Monica,2025-12,RETRO,KTG-Referenzlohn (Reference-AHV-AVS-Salary),55359.3,55359.3,0.0,OK,
TF01,Herz Monica,2025-12,RETRO,"Lohnausweis Bruttolohn (GrossIncome, Ziff. 8)",59359.3,59359.3,0.0,OK,
TF01,Herz Monica,2025-12,RETRO,Lohnausweis BVG ordentlich (Ziff. 10.1 = 5050+1972),2205.0,2205.0,0.0,OK,
TF02,Paganini Maria,2025-12,RETRO,FAK-Basis (FAK-CAF-ContributorySalary),61011.9,65211.9,-4200.0,DIFF,
TF02,Paganini Maria,2025-12,RETRO,FAK Kinderzulagen wiederkehrend (3000),2580.0,2580.0,0.0,OK,
TF02,Paganini Maria,2025-12,RETRO,FAK Zulagen einmalig (3001+3034),0.0,0.0,0.0,OK,
TF02,Paganini Maria,2025-12,RETRO,UVG-Bruttolohn (UVG-LAA-GrossSalary),66591.9,66591.9,0.0,OK,
TF02,Paganini Maria,2025-12,RETRO,UVG-Basis (UVG-LAA-BaseSalary),65211.9,65211.9,0.0,OK,
TF02,Paganini Maria,2025-12,RETRO,UVGZ-Basis (UVGZ-LAAC-BaseSalary),65211.9,65211.9,0.0,OK,
TF02,Paganini Maria,2025-12,RETRO,KTG-Referenzlohn (Reference-AHV-AVS-Salary),65211.9,65211.9,0.0,OK,
TF02,Paganini Maria,2025-12,RETRO,"Lohnausweis Bruttolohn (GrossIncome, Ziff. 8)",66591.9,66591.9,0.0,OK,
TF02,Paganini Maria,2025-12,RETRO,Lohnausweis BVG ordentlich (Ziff. 10.1 = 5050+1972),3674.95,3674.97,-0.02,OK,
TF03,Lusser Pia,2025-12,RETRO,FAK-Basis (FAK-CAF-ContributorySalary),68600.0,78400.0,-9800.0,DIFF,
TF03,Lusser Pia,2025-12,RETRO,FAK Kinderzulagen wiederkehrend (3000),0.0,0.0,0.0,OK,
TF03,Lusser Pia,2025-12,RETRO,FAK Zulagen einmalig (3001+3034),0.0,0.0,0.0,OK,
TF03,Lusser Pia,2025-12,RETRO,UVG-Bruttolohn (UVG-LAA-GrossSalary),84400.0,84400.0,0.0,OK,
TF03,Lusser Pia,2025-12,RETRO,UVG-Basis (UVG-LAA-BaseSalary),78400.0,78400.0,0.0,OK,
TF03,Lusser Pia,2025-12,RETRO,UVGZ-Basis (UVGZ-LAAC-BaseSalary),78400.0,78400.0,0.0,OK,
TF03,Lusser Pia,2025-12,RETRO,KTG-Referenzlohn (Reference-AHV-AVS-Salary),78400.0,78400.0,0.0,OK,
TF03,Lusser Pia,2025-12,RETRO,"Lohnausweis Bruttolohn (GrossIncome, Ziff. 8)",84400.0,84400.0,0.0,OK,
TF03,Lusser Pia,2025-12,RETRO,Lohnausweis BVG ordentlich (Ziff. 10.1 = 5050+1972),1925.0,1925.0,0.0,OK,
TF04,Fankhauser Markus,2025-12,RETRO,AHV-Basis (AHV-AVS-BaseSalary),420000.0,420000.0,0.0,OK,
TF04,Fankhauser Markus,2025-12,RETRO,FAK-Basis (FAK-CAF-ContributorySalary),420000.0,420000.0,0.0,OK,
TF04,Fankhauser Markus,2025-12,RETRO,FAK Kinderzulagen wiederkehrend (3000),0.0,0.0,0.0,OK,
TF04,Fankhauser Markus,2025-12,RETRO,FAK Zulagen einmalig (3001+3034),0.0,0.0,0.0,OK,
TF04,Fankhauser Markus,2025-12,RETRO,UVG-Bruttolohn (UVG-LAA-GrossSalary),420000.0,420000.0,0.0,OK,
TF04,Fankhauser Markus,2025-12,RETRO,UVG-Basis (UVG-LAA-BaseSalary),420000.0,420000.0,0.0,OK,
TF04,Fankhauser Markus,2025-12,RETRO,UVGZ-Basis (UVGZ-LAAC-BaseSalary),420000.0,420000.0,0.0,OK,
TF04,Fankhauser Markus,2025-12,RETRO,KTG-Referenzlohn (Reference-AHV-AVS-Salary),420000.0,420000.0,0.0,OK,
TF04,Fankhauser Markus,2025-12,RETRO,"Lohnausweis Bruttolohn (GrossIncome, Ziff. 8)",420000.0,420000.0,0.0,OK,
TF04,Fankhauser Markus,2025-12,RETRO,Lohnausweis BVG ordentlich (Ziff. 10.1 = 5050+1972),33600.0,33600.0,0.0,OK,
TF05,Moser Johann,2025-12,RETRO,FAK-Basis (FAK-CAF-ContributorySalary),6350.0,17550.0,-11200.0,DIFF,
TF05,Moser Johann,2025-12,RETRO,FAK Kinderzulagen wiederkehrend (3000),0.0,0.0,0.0,OK,
TF05,Moser Johann,2025-12,RETRO,FAK Zulagen einmalig (3001+3034),0.0,0.0,0.0,OK,
TF05,Moser Johann,2025-12,RETRO,UVG-Bruttolohn (UVG-LAA-GrossSalary),17550.0,17550.0,0.0,OK,
TF05,Moser Johann,2025-12,RETRO,UVG-Basis (UVG-LAA-BaseSalary),17550.0,17550.0,0.0,OK,
TF05,Moser Johann,2025-12,RETRO,UVGZ-Basis (UVGZ-LAAC-BaseSalary),17550.0,17550.0,0.0,OK,
TF05,Moser Johann,2025-12,RETRO,KTG-Referenzlohn (Reference-AHV-AVS-Salary),17550.0,17550.0,0.0,OK,
TF05,Moser Johann,2025-12,RETRO,"Lohnausweis Bruttolohn (GrossIncome, Ziff. 8)",17550.0,17550.0,0.0,OK,
TF05,Moser Johann,2025-12,RETRO,Lohnausweis BVG ordentlich (Ziff. 10.1 = 5050+1972),468.0,468.0,0.0,OK,
TF06,Zahnd Anita,2025-12,RETRO,AHV-Basis (AHV-AVS-BaseSalary),135000.0,135000.0,0.0,OK,
TF06,Zahnd Anita,2025-12,RETRO,FAK-Basis (FAK-CAF-ContributorySalary),135000.0,135000.0,0.0,OK,
TF06,Zahnd Anita,2025-12,RETRO,FAK Kinderzulagen wiederkehrend (3000),0.0,0.0,0.0,OK,
TF06,Zahnd Anita,2025-12,RETRO,FAK Zulagen einmalig (3001+3034),0.0,0.0,0.0,OK,
TF06,Zahnd Anita,2025-12,RETRO,UVG-Bruttolohn (UVG-LAA-GrossSalary),135000.0,135000.0,0.0,OK,
TF06,Zahnd Anita,2025-12,RETRO,UVG-Basis (UVG-LAA-BaseSalary),135000.0,135000.0,0.0,OK,
TF06,Zahnd Anita,2025-12,RETRO,UVGZ-Basis (UVGZ-LAAC-BaseSalary),135000.0,135000.0,0.0,OK,
TF06,Zahnd Anita,2025-12,RETRO,KTG-Referenzlohn (Reference-AHV-AVS-Salary),135000.0,135000.0,0.0,OK,
TF06,Zahnd Anita,2025-12,RETRO,"Lohnausweis Bruttolohn (GrossIncome, Ziff. 8)",135000.0,135000.0,0.0,OK,
TF06,Zahnd Anita,2025-12,RETRO,Lohnausweis BVG ordentlich (Ziff. 10.1 = 5050+1972),10800.0,10800.0,0.0,OK,
TF07,Burri Heidi,2025-12,RETRO,AHV-Basis (AHV-AVS-BaseSalary),5500.0,5500.0,0.0,OK,
TF07,Burri Heidi,2025-12,RETRO,FAK-Basis (FAK-CAF-ContributorySalary),5500.0,5500.0,0.0,OK,
TF07,Burri Heidi,2025-12,RETRO,FAK Kinderzulagen wiederkehrend (3000),0.0,0.0,0.0,OK,
TF07,Burri Heidi,2025-12,RETRO,FAK Zulagen einmalig (3001+3034),0.0,0.0,0.0,OK,
TF07,Burri Heidi,2025-12,RETRO,UVG-Bruttolohn (UVG-LAA-GrossSalary),15000.0,15000.0,0.0,OK,
TF07,Burri Heidi,2025-12,RETRO,UVG-Basis (UVG-LAA-BaseSalary),5500.0,5500.0,0.0,OK,
TF07,Burri Heidi,2025-12,RETRO,UVGZ-Basis (UVGZ-LAAC-BaseSalary),5500.0,5500.0,0.0,OK,
TF07,Burri Heidi,2025-12,RETRO,KTG-Referenzlohn (Reference-AHV-AVS-Salary),5500.0,5500.0,0.0,OK,
TF07,Burri Heidi,2025-12,RETRO,"Lohnausweis Bruttolohn (GrossIncome, Ziff. 8)",15000.0,15000.0,0.0,OK,
TF07,Burri Heidi,2025-12,RETRO,Lohnausweis BVG ordentlich (Ziff. 10.1 = 5050+1972),0.0,0.0,0.0,OK,
TF08,Lamon René,2025-12,RETRO,AHV-Basis (AHV-AVS-BaseSalary),120439.2,120439.2,0.0,OK,
TF08,Lamon René,2025-12,RETRO,FAK-Basis (FAK-CAF-ContributorySalary),120439.2,120439.2,0.0,OK,
TF08,Lamon René,2025-12,RETRO,FAK Kinderzulagen wiederkehrend (3000),3000.0,3000.0,0.0,OK,
TF08,Lamon René,2025-12,RETRO,FAK Zulagen einmalig (3001+3034),0.0,0.0,0.0,OK,
TF08,Lamon René,2025-12,RETRO,UVG-Bruttolohn (UVG-LAA-GrossSalary),123439.2,123439.2,0.0,OK,
TF08,Lamon René,2025-12,RETRO,UVG-Basis (UVG-LAA-BaseSalary),120439.2,120439.2,0.0,OK,
TF08,Lamon René,2025-12,RETRO,UVGZ-Basis (UVGZ-LAAC-BaseSalary),120439.2,120439.2,0.0,OK,
TF08,Lamon René,2025-12,RETRO,KTG-Referenzlohn (Reference-AHV-AVS-Salary),120439.2,120439.2,0.0,OK,
TF08,Lamon René,2025-12,RETRO,"Lohnausweis Bruttolohn (GrossIncome, Ziff. 8)",123439.2,123439.2,0.0,OK,
TF08,Lamon René,2025-12,RETRO,Lohnausweis BVG ordentlich (Ziff. 10.1 = 5050+1972),8423.9,8423.88,0.02,OK,
TF09,Estermann Michael,2025-12,RETRO,AHV-Basis (AHV-AVS-BaseSalary),-4100.0,-4100.0,0.0,OK,
TF09,Estermann Michael,2025-12,RETRO,FAK-Basis (FAK-CAF-ContributorySalary),-4100.0,-4100.0,0.0,OK,
TF09,Estermann Michael,2025-12,RETRO,FAK Kinderzulagen wiederkehrend (3000),0.0,0.0,0.0,OK,
TF09,Estermann Michael,2025-12,RETRO,FAK Zulagen einmalig (3001+3034),0.0,0.0,0.0,OK,
TF09,Estermann Michael,2025-12,RETRO,UVG-Bruttolohn (UVG-LAA-GrossSalary),57900.0,57900.0,0.0,OK,
TF09,Estermann Michael,2025-12,RETRO,UVG-Basis (UVG-LAA-BaseSalary),-4100.0,-4100.0,0.0,OK,
TF09,Estermann Michael,2025-12,RETRO,UVGZ-Basis (UVGZ-LAAC-BaseSalary),-4100.0,-4100.0,0.0,OK,
TF09,Estermann Michael,2025-12,RETRO,KTG-Referenzlohn (Reference-AHV-AVS-Salary),-4100.0,-4100.0,0.0,OK,
TF09,Estermann Michael,2025-12,RETRO,"Lohnausweis Bruttolohn (GrossIncome, Ziff. 8)",57900.0,57900.0,0.0,OK,
TF09,Estermann Michael,2025-12,RETRO,Lohnausweis BVG ordentlich (Ziff. 10.1 = 5050+1972),0.0,0.0,0.0,OK,
TF10,Ganz Heinz,2025-12,RETRO,AHV-Basis (AHV-AVS-BaseSalary),92300.0,92300.0,0.0,OK,
TF10,Ganz Heinz,2025-12,RETRO,FAK-Basis (FAK-CAF-ContributorySalary),92300.0,92300.0,0.0,OK,
TF10,Ganz Heinz,2025-12,RETRO,FAK Kinderzulagen wiederkehrend (3000),0.0,0.0,0.0,OK,
TF10,Ganz Heinz,2025-12,RETRO,FAK Zulagen einmalig (3001+3034),0.0,0.0,0.0,OK,
TF10,Ganz Heinz,2025-12,RETRO,UVG-Bruttolohn (UVG-LAA-GrossSalary),109000.0,109000.0,0.0,OK,
TF10,Ganz Heinz,2025-12,RETRO,UVG-Basis (UVG-LAA-BaseSalary),91300.0,91300.0,0.0,OK,
TF10,Ganz Heinz,2025-12,RETRO,UVGZ-Basis (UVGZ-LAAC-BaseSalary),91300.0,91300.0,0.0,OK,
TF10,Ganz Heinz,2025-12,RETRO,KTG-Referenzlohn (Reference-AHV-AVS-Salary),92300.0,92300.0,0.0,OK,
TF10,Ganz Heinz,2025-12,RETRO,"Lohnausweis Bruttolohn (GrossIncome, Ziff. 8)",109000.0,109000.0,0.0,OK,
TF10,Ganz Heinz,2025-12,RETRO,Lohnausweis BVG ordentlich (Ziff. 10.1 = 5050+1972),4032.0,4032.0,0.0,OK,
TF11,Bosshard Peter,2025-12,RETRO,AHV-Basis (AHV-AVS-BaseSalary),353000.0,353000.0,0.0,OK,
TF11,Bosshard Peter,2025-12,RETRO,FAK-Basis (FAK-CAF-ContributorySalary),353000.0,353000.0,0.0,OK,
TF11,Bosshard Peter,2025-12,RETRO,FAK Kinderzulagen wiederkehrend (3000),4750.0,4750.0,0.0,OK,
TF11,Bosshard Peter,2025-12,RETRO,FAK Zulagen einmalig (3001+3034),1000.0,1000.0,0.0,OK,
TF11,Bosshard Peter,2025-12,RETRO,UVG-Bruttolohn (UVG-LAA-GrossSalary),408750.0,408750.0,0.0,OK,
TF11,Bosshard Peter,2025-12,RETRO,UVG-Basis (UVG-LAA-BaseSalary),353000.0,353000.0,0.0,OK,
TF11,Bosshard Peter,2025-12,RETRO,UVGZ-Basis (UVGZ-LAAC-BaseSalary),706000.0,353000.0,353000.0,DIFF,
TF11,Bosshard Peter,2025-12,RETRO,KTG-Referenzlohn (Reference-AHV-AVS-Salary),706000.0,353000.0,353000.0,DIFF,
TF11,Bosshard Peter,2025-12,RETRO,"Lohnausweis Bruttolohn (GrossIncome, Ziff. 8)",408750.0,408750.0,0.0,OK,
TF11,Bosshard Peter,2025-12,RETRO,Lohnausweis BVG ordentlich (Ziff. 10.1 = 5050+1972),21611.3,21611.31,-0.01,OK,
TF11,Bosshard Peter,2025-12,RETRO,Lohnausweis BVG Einkauf (Ziff. 10.2 = 1973),5000.0,5000.0,0.0,OK,
TF12,Casanova Renato,2025-12,RETRO,AHV-Basis (AHV-AVS-BaseSalary),132400.0,132400.0,0.0,OK,
TF12,Casanova Renato,2025-12,RETRO,FAK-Basis (FAK-CAF-ContributorySalary),132400.0,132400.0,0.0,OK,
TF12,Casanova Renato,2025-12,RETRO,FAK Kinderzulagen wiederkehrend (3000),0.0,0.0,0.0,OK,
TF12,Casanova Renato,2025-12,RETRO,FAK Zulagen einmalig (3001+3034),0.0,0.0,0.0,OK,
TF12,Casanova Renato,2025-12,RETRO,UVG-Bruttolohn (UVG-LAA-GrossSalary),137400.0,137400.0,0.0,OK,
TF12,Casanova Renato,2025-12,RETRO,UVG-Basis (UVG-LAA-BaseSalary),130400.0,130400.0,0.0,OK,
TF12,Casanova Renato,2025-12,RETRO,UVGZ-Basis (UVGZ-LAAC-BaseSalary),130400.0,130400.0,0.0,OK,
TF12,Casanova Renato,2025-12,RETRO,KTG-Referenzlohn (Reference-AHV-AVS-Salary),132400.0,132400.0,0.0,OK,
TF12,Casanova Renato,2025-12,RETRO,"Lohnausweis Bruttolohn (GrossIncome, Ziff. 8)",135400.0,137400.0,-2000.0,DIFF,
TF12,Casanova Renato,2025-12,RETRO,Lohnausweis BVG ordentlich (Ziff. 10.1 = 5050+1972),9796.0,9796.01,-0.01,OK,
TF13,Combertaldi Renato,2025-12,RETRO,UVG-Bruttolohn (UVG-LAA-GrossSalary),28425.0,28210.0,215.0,DIFF,
TF13,Combertaldi Renato,2025-12,RETRO,UVG-Basis (UVG-LAA-BaseSalary),28210.0,28210.0,0.0,OK,
TF13,Combertaldi Renato,2025-12,RETRO,UVGZ-Basis (UVGZ-LAAC-BaseSalary),28210.0,28210.0,0.0,OK,
TF13,Combertaldi Renato,2025-12,RETRO,KTG-Referenzlohn (Reference-AHV-AVS-Salary),28210.0,28210.0,0.0,OK,
TF13,Combertaldi Renato,2025-12,RETRO,"Lohnausweis Bruttolohn (GrossIncome, Ziff. 8)",28425.0,28210.0,215.0,DIFF,
TF13,Combertaldi Renato,2025-12,RETRO,Lohnausweis BVG ordentlich (Ziff. 10.1 = 5050+1972),0.0,0.0,0.0,OK,
TF14,Egli Anna,2025-12,RETRO,UVG-Bruttolohn (UVG-LAA-GrossSalary),52399.25,52399.25,0.0,OK,
TF14,Egli Anna,2025-12,RETRO,UVG-Basis (UVG-LAA-BaseSalary),52399.25,52399.25,0.0,OK,
TF14,Egli Anna,2025-12,RETRO,UVGZ-Basis (UVGZ-LAAC-BaseSalary),52399.25,52399.25,0.0,OK,
TF14,Egli Anna,2025-12,RETRO,KTG-Referenzlohn (Reference-AHV-AVS-Salary),52399.25,52399.25,0.0,OK,
TF14,Egli Anna,2025-12,RETRO,"Lohnausweis Bruttolohn (GrossIncome, Ziff. 8)",52399.25,52399.25,0.0,OK,
TF14,Egli Anna,2025-12,RETRO,Lohnausweis BVG ordentlich (Ziff. 10.1 = 5050+1972),0.0,0.0,0.0,OK,
TF15,Degelo Lorenz,2025-12,RETRO,AHV-Basis (AHV-AVS-BaseSalary),2800.35,2800.35,0.0,OK,
TF15,Degelo Lorenz,2025-12,RETRO,FAK-Basis (FAK-CAF-ContributorySalary),2800.35,2800.35,0.0,OK,
TF15,Degelo Lorenz,2025-12,RETRO,FAK Kinderzulagen wiederkehrend (3000),0.0,0.0,0.0,OK,
TF15,Degelo Lorenz,2025-12,RETRO,FAK Zulagen einmalig (3001+3034),0.0,0.0,0.0,OK,
TF15,Degelo Lorenz,2025-12,RETRO,UVG-Bruttolohn (UVG-LAA-GrossSalary),2800.35,2800.35,0.0,OK,
TF15,Degelo Lorenz,2025-12,RETRO,UVG-Basis (UVG-LAA-BaseSalary),2800.35,2800.35,0.0,OK,
TF15,Degelo Lorenz,2025-12,RETRO,UVGZ-Basis (UVGZ-LAAC-BaseSalary),2800.35,2800.35,0.0,OK,
TF15,Degelo Lorenz,2025-12,RETRO,KTG-Referenzlohn (Reference-AHV-AVS-Salary),2800.35,2800.35,0.0,OK,
TF15,Degelo Lorenz,2025-12,RETRO,"Lohnausweis Bruttolohn (GrossIncome, Ziff. 8)",2800.35,2800.35,0.0,OK,
TF15,Degelo Lorenz,2025-12,RETRO,Lohnausweis BVG ordentlich (Ziff. 10.1 = 5050+1972),0.0,0.0,0.0,OK,
TF16,Aebi Anna,2025-12,RETRO,FAK-Basis (FAK-CAF-ContributorySalary),30365.05,34565.05,-4200.0,DIFF,
TF16,Aebi Anna,2025-12,RETRO,FAK Kinderzulagen wiederkehrend (3000),0.0,0.0,0.0,OK,
TF16,Aebi Anna,2025-12,RETRO,FAK Zulagen einmalig (3001+3034),0.0,0.0,0.0,OK,
TF16,Aebi Anna,2025-12,RETRO,UVG-Bruttolohn (UVG-LAA-GrossSalary),34565.05,34565.05,0.0,OK,
TF16,Aebi Anna,2025-12,RETRO,UVG-Basis (UVG-LAA-BaseSalary),34565.05,34565.05,0.0,OK,
TF16,Aebi Anna,2025-12,RETRO,UVGZ-Basis (UVGZ-LAAC-BaseSalary),34565.05,34565.05,0.0,OK,
TF16,Aebi Anna,2025-12,RETRO,KTG-Referenzlohn (Reference-AHV-AVS-Salary),34565.05,34565.05,0.0,OK,
TF16,Aebi Anna,2025-12,RETRO,"Lohnausweis Bruttolohn (GrossIncome, Ziff. 8)",34565.05,34565.05,0.0,OK,
TF16,Aebi Anna,2025-12,RETRO,Lohnausweis BVG ordentlich (Ziff. 10.1 = 5050+1972),0.0,0.0,0.0,OK,
TF17,Binggeli Fritz,2025-12,RETRO,AHV-Basis (AHV-AVS-BaseSalary),56600.0,56600.0,0.0,OK,
TF17,Binggeli Fritz,2025-12,RETRO,FAK-Basis (FAK-CAF-ContributorySalary),56600.0,56600.0,0.0,OK,
TF17,Binggeli Fritz,2025-12,RETRO,FAK Kinderzulagen wiederkehrend (3000),0.0,0.0,0.0,OK,
TF17,Binggeli Fritz,2025-12,RETRO,FAK Zulagen einmalig (3001+3034),0.0,0.0,0.0,OK,
TF17,Binggeli Fritz,2025-12,RETRO,UVG-Bruttolohn (UVG-LAA-GrossSalary),56600.0,56600.0,0.0,OK,
TF17,Binggeli Fritz,2025-12,RETRO,UVG-Basis (UVG-LAA-BaseSalary),56600.0,56600.0,0.0,OK,
TF17,Binggeli Fritz,2025-12,RETRO,UVGZ-Basis (UVGZ-LAAC-BaseSalary),56600.0,56600.0,0.0,OK,
TF17,Binggeli Fritz,2025-12,RETRO,KTG-Referenzlohn (Reference-AHV-AVS-Salary),56600.0,56600.0,0.0,OK,
TF17,Binggeli Fritz,2025-12,RETRO,"Lohnausweis Bruttolohn (GrossIncome, Ziff. 8)",56600.0,56600.0,0.0,OK,
TF17,Binggeli Fritz,2025-12,RETRO,Lohnausweis BVG ordentlich (Ziff. 10.1 = 5050+1972),3822.0,3822.0,0.0,OK,
TF18,Blanc Pierre,2025-12,RETRO,AHV-Basis (AHV-AVS-BaseSalary),19696.9,19696.9,0.0,OK,
TF18,Blanc Pierre,2025-12,RETRO,FAK-Basis (FAK-CAF-ContributorySalary),19696.9,19696.9,0.0,OK,
TF18,Blanc Pierre,2025-12,RETRO,FAK Kinderzulagen wiederkehrend (3000),0.0,0.0,0.0,OK,
TF18,Blanc Pierre,2025-12,RETRO,FAK Zulagen einmalig (3001+3034),0.0,0.0,0.0,OK,
TF18,Blanc Pierre,2025-12,RETRO,UVG-Bruttolohn (UVG-LAA-GrossSalary),19696.9,19696.9,0.0,OK,
TF18,Blanc Pierre,2025-12,RETRO,UVG-Basis (UVG-LAA-BaseSalary),19696.9,19696.9,0.0,OK,
TF18,Blanc Pierre,2025-12,RETRO,UVGZ-Basis (UVGZ-LAAC-BaseSalary),19696.9,19696.9,0.0,OK,
TF18,Blanc Pierre,2025-12,RETRO,KTG-Referenzlohn (Reference-AHV-AVS-Salary),19696.9,19696.9,0.0,OK,
TF18,Blanc Pierre,2025-12,RETRO,"Lohnausweis Bruttolohn (GrossIncome, Ziff. 8)",19696.9,19696.9,0.0,OK,
TF18,Blanc Pierre,2025-12,RETRO,Lohnausweis BVG ordentlich (Ziff. 10.1 = 5050+1972),917.3,917.28,0.02,OK,
TF19,Andrey Melanie,2025-12,RETRO,AHV-Basis (AHV-AVS-BaseSalary),33800.0,33800.0,0.0,OK,
TF19,Andrey Melanie,2025-12,RETRO,FAK-Basis (FAK-CAF-ContributorySalary),33800.0,33800.0,0.0,OK,
TF19,Andrey Melanie,2025-12,RETRO,FAK Kinderzulagen wiederkehrend (3000),0.0,0.0,0.0,OK,
TF19,Andrey Melanie,2025-12,RETRO,FAK Zulagen einmalig (3001+3034),0.0,0.0,0.0,OK,
TF19,Andrey Melanie,2025-12,RETRO,UVG-Bruttolohn (UVG-LAA-GrossSalary),33800.0,33800.0,0.0,OK,
TF19,Andrey Melanie,2025-12,RETRO,UVG-Basis (UVG-LAA-BaseSalary),33800.0,33800.0,0.0,OK,
TF19,Andrey Melanie,2025-12,RETRO,UVGZ-Basis (UVGZ-LAAC-BaseSalary),33800.0,33800.0,0.0,OK,
TF19,Andrey Melanie,2025-12,RETRO,KTG-Referenzlohn (Reference-AHV-AVS-Salary),33800.0,33800.0,0.0,OK,
TF19,Andrey Melanie,2025-12,RETRO,"Lohnausweis Bruttolohn (GrossIncome, Ziff. 8)",33800.0,33800.0,0.0,OK,
TF19,Andrey Melanie,2025-12,RETRO,Lohnausweis BVG ordentlich (Ziff. 10.1 = 5050+1972),2365.9,2365.92,-0.02,OK,
TF20,Arnold Lukas,2025-12,RETRO,AHV-Basis (AHV-AVS-BaseSalary),10416.65,10416.65,0.0,OK,
TF20,Arnold Lukas,2025-12,RETRO,FAK-Basis (FAK-CAF-ContributorySalary),10416.65,10416.65,0.0,OK,
TF20,Arnold Lukas,2025-12,RETRO,FAK Kinderzulagen wiederkehrend (3000),0.0,0.0,0.0,OK,
TF20,Arnold Lukas,2025-12,RETRO,FAK Zulagen einmalig (3001+3034),0.0,0.0,0.0,OK,
TF20,Arnold Lukas,2025-12,RETRO,UVG-Bruttolohn (UVG-LAA-GrossSalary),10416.65,10416.65,0.0,OK,
TF20,Arnold Lukas,2025-12,RETRO,UVG-Basis (UVG-LAA-BaseSalary),9916.65,9916.65,0.0,OK,
TF20,Arnold Lukas,2025-12,RETRO,UVGZ-Basis (UVGZ-LAAC-BaseSalary),9916.65,9916.65,0.0,OK,
TF20,Arnold Lukas,2025-12,RETRO,KTG-Referenzlohn (Reference-AHV-AVS-Salary),10416.65,10416.65,0.0,OK,
TF20,Arnold Lukas,2025-12,RETRO,"Lohnausweis Bruttolohn (GrossIncome, Ziff. 8)",10416.65,10416.65,0.0,OK,
TF20,Arnold Lukas,2025-12,RETRO,Lohnausweis BVG ordentlich (Ziff. 10.1 = 5050+1972),520.0,519.99,0.01,OK,
TF21,Meier Christian,2025-12,RETRO,AHV-Basis (AHV-AVS-BaseSalary),10416.65,10416.65,0.0,OK,
TF21,Meier Christian,2025-12,RETRO,FAK-Basis (FAK-CAF-ContributorySalary),10416.65,10416.65,0.0,OK,
TF21,Meier Christian,2025-12,RETRO,FAK Kinderzulagen wiederkehrend (3000),0.0,0.0,0.0,OK,
TF21,Meier Christian,2025-12,RETRO,FAK Zulagen einmalig (3001+3034),0.0,0.0,0.0,OK,
TF21,Meier Christian,2025-12,RETRO,UVG-Bruttolohn (UVG-LAA-GrossSalary),10416.65,10416.65,0.0,OK,
TF21,Meier Christian,2025-12,RETRO,UVG-Basis (UVG-LAA-BaseSalary),9916.65,9916.65,0.0,OK,
TF21,Meier Christian,2025-12,RETRO,UVGZ-Basis (UVGZ-LAAC-BaseSalary),9916.65,9916.65,0.0,OK,
TF21,Meier Christian,2025-12,RETRO,KTG-Referenzlohn (Reference-AHV-AVS-Salary),10416.65,10416.65,0.0,OK,
TF21,Meier Christian,2025-12,RETRO,"Lohnausweis Bruttolohn (GrossIncome, Ziff. 8)",10416.65,10416.65,0.0,OK,
TF21,Meier Christian,2025-12,RETRO,Lohnausweis BVG ordentlich (Ziff. 10.1 = 5050+1972),455.0,455.01,-0.01,OK,
TF22,Bucher Elisabeth,2025-12,RETRO,AHV-Basis (AHV-AVS-BaseSalary),57007.45,57007.45,0.0,OK,
TF22,Bucher Elisabeth,2025-12,RETRO,FAK-Basis (FAK-CAF-ContributorySalary),57007.45,57007.45,0.0,OK,
TF22,Bucher Elisabeth,2025-12,RETRO,FAK Kinderzulagen wiederkehrend (3000),0.0,0.0,0.0,OK,
TF22,Bucher Elisabeth,2025-12,RETRO,FAK Zulagen einmalig (3001+3034),0.0,0.0,0.0,OK,
TF22,Bucher Elisabeth,2025-12,RETRO,UVG-Bruttolohn (UVG-LAA-GrossSalary),57007.45,57007.45,0.0,OK,
TF22,Bucher Elisabeth,2025-12,RETRO,UVG-Basis (UVG-LAA-BaseSalary),57007.45,57007.45,0.0,OK,
TF22,Bucher Elisabeth,2025-12,RETRO,UVGZ-Basis (UVGZ-LAAC-BaseSalary),57007.45,57007.45,0.0,OK,
TF22,Bucher Elisabeth,2025-12,RETRO,KTG-Referenzlohn (Reference-AHV-AVS-Salary),57007.45,57007.45,0.0,OK,
TF22,Bucher Elisabeth,2025-12,RETRO,"Lohnausweis Bruttolohn (GrossIncome, Ziff. 8)",57007.45,57007.45,0.0,OK,
TF22,Bucher Elisabeth,2025-12,RETRO,Lohnausweis BVG ordentlich (Ziff. 10.1 = 5050+1972),3680.8,3680.79,0.01,OK,
TF23,Koller Ludwig,2025-12,RETRO,AHV-Basis (AHV-AVS-BaseSalary),95000.0,95000.0,0.0,OK,
TF23,Koller Ludwig,2025-12,RETRO,FAK-Basis (FAK-CAF-ContributorySalary),95000.0,95000.0,0.0,OK,
TF23,Koller Ludwig,2025-12,RETRO,FAK Kinderzulagen wiederkehrend (3000),645.0,645.0,0.0,OK,
TF23,Koller Ludwig,2025-12,RETRO,FAK Zulagen einmalig (3001+3034),0.0,0.0,0.0,OK,
TF23,Koller Ludwig,2025-12,RETRO,UVG-Bruttolohn (UVG-LAA-GrossSalary),95645.0,95645.0,0.0,OK,
TF23,Koller Ludwig,2025-12,RETRO,UVG-Basis (UVG-LAA-BaseSalary),95000.0,95000.0,0.0,OK,
TF23,Koller Ludwig,2025-12,RETRO,UVGZ-Basis (UVGZ-LAAC-BaseSalary),95000.0,95000.0,0.0,OK,
TF23,Koller Ludwig,2025-12,RETRO,KTG-Referenzlohn (Reference-AHV-AVS-Salary),95000.0,95000.0,0.0,OK,
TF23,Koller Ludwig,2025-12,RETRO,"Lohnausweis Bruttolohn (GrossIncome, Ziff. 8)",95645.0,95645.0,0.0,OK,
TF23,Koller Ludwig,2025-12,RETRO,Lohnausweis BVG ordentlich (Ziff. 10.1 = 5050+1972),4549.9,4549.92,-0.02,OK,
TF24,Utzinger Jan,2025-12,RETRO,AHV-Basis (AHV-AVS-BaseSalary),123500.0,123500.0,0.0,OK,
TF24,Utzinger Jan,2025-12,RETRO,FAK-Basis (FAK-CAF-ContributorySalary),123500.0,123500.0,0.0,OK,
TF24,Utzinger Jan,2025-12,RETRO,FAK Kinderzulagen wiederkehrend (3000),0.0,0.0,0.0,OK,
TF24,Utzinger Jan,2025-12,RETRO,FAK Zulagen einmalig (3001+3034),0.0,0.0,0.0,OK,
TF24,Utzinger Jan,2025-12,RETRO,UVG-Bruttolohn (UVG-LAA-GrossSalary),123500.0,123500.0,0.0,OK,
TF24,Utzinger Jan,2025-12,RETRO,UVG-Basis (UVG-LAA-BaseSalary),123500.0,123500.0,0.0,OK,
TF24,Utzinger Jan,2025-12,RETRO,UVGZ-Basis (UVGZ-LAAC-BaseSalary),123500.0,123500.0,0.0,OK,
TF24,Utzinger Jan,2025-12,RETRO,KTG-Referenzlohn (Reference-AHV-AVS-Salary),123500.0,123500.0,0.0,OK,
TF24,Utzinger Jan,2025-12,RETRO,"Lohnausweis Bruttolohn (GrossIncome, Ziff. 8)",123500.0,123500.0,0.0,OK,
TF24,Utzinger Jan,2025-12,RETRO,Lohnausweis BVG ordentlich (Ziff. 10.1 = 5050+1972),8645.05,8645.04,0.01,OK,
TF25,Lehmann Nadine,2025-12,RETRO,AHV-Basis (AHV-AVS-BaseSalary),54166.65,54166.65,0.0,OK,
TF25,Lehmann Nadine,2025-12,RETRO,FAK-Basis (FAK-CAF-ContributorySalary),54166.65,54166.65,0.0,OK,
TF25,Lehmann Nadine,2025-12,RETRO,FAK Kinderzulagen wiederkehrend (3000),0.0,0.0,0.0,OK,
TF25,Lehmann Nadine,2025-12,RETRO,FAK Zulagen einmalig (3001+3034),0.0,0.0,0.0,OK,
TF25,Lehmann Nadine,2025-12,RETRO,UVG-Bruttolohn (UVG-LAA-GrossSalary),54166.65,54166.65,0.0,OK,
TF25,Lehmann Nadine,2025-12,RETRO,UVG-Basis (UVG-LAA-BaseSalary),54166.65,54166.65,0.0,OK,
TF25,Lehmann Nadine,2025-12,RETRO,UVGZ-Basis (UVGZ-LAAC-BaseSalary),54166.65,54166.65,0.0,OK,
TF25,Lehmann Nadine,2025-12,RETRO,KTG-Referenzlohn (Reference-AHV-AVS-Salary),54166.65,54166.65,0.0,OK,
TF25,Lehmann Nadine,2025-12,RETRO,"Lohnausweis Bruttolohn (GrossIncome, Ziff. 8)",54166.65,54166.65,0.0,OK,
TF25,Lehmann Nadine,2025-12,RETRO,Lohnausweis BVG ordentlich (Ziff. 10.1 = 5050+1972),4550.0,4550.0,0.0,OK,
TF26,Jenzer Marcel,2025-12,RETRO,AHV-Basis (AHV-AVS-BaseSalary),54166.65,54166.65,0.0,OK,
TF26,Jenzer Marcel,2025-12,RETRO,FAK-Basis (FAK-CAF-ContributorySalary),54166.65,54166.65,0.0,OK,
TF26,Jenzer Marcel,2025-12,RETRO,FAK Kinderzulagen wiederkehrend (3000),0.0,0.0,0.0,OK,
TF26,Jenzer Marcel,2025-12,RETRO,FAK Zulagen einmalig (3001+3034),0.0,0.0,0.0,OK,
TF26,Jenzer Marcel,2025-12,RETRO,UVG-Bruttolohn (UVG-LAA-GrossSalary),54166.65,54166.65,0.0,OK,
TF26,Jenzer Marcel,2025-12,RETRO,UVG-Basis (UVG-LAA-BaseSalary),54166.65,54166.65,0.0,OK,
TF26,Jenzer Marcel,2025-12,RETRO,UVGZ-Basis (UVGZ-LAAC-BaseSalary),54166.65,54166.65,0.0,OK,
TF26,Jenzer Marcel,2025-12,RETRO,KTG-Referenzlohn (Reference-AHV-AVS-Salary),54166.65,54166.65,0.0,OK,
TF26,Jenzer Marcel,2025-12,RETRO,"Lohnausweis Bruttolohn (GrossIncome, Ziff. 8)",54166.65,54166.65,0.0,OK,
TF26,Jenzer Marcel,2025-12,RETRO,Lohnausweis BVG ordentlich (Ziff. 10.1 = 5050+1972),4550.0,4550.0,0.0,OK,
TF27,Rast Eva,2025-12,RETRO,AHV-Basis (AHV-AVS-BaseSalary),80000.0,80000.0,0.0,OK,
TF27,Rast Eva,2025-12,RETRO,FAK-Basis (FAK-CAF-ContributorySalary),80000.0,80000.0,0.0,OK,
TF27,Rast Eva,2025-12,RETRO,FAK Kinderzulagen wiederkehrend (3000),0.0,0.0,0.0,OK,
TF27,Rast Eva,2025-12,RETRO,FAK Zulagen einmalig (3001+3034),0.0,0.0,0.0,OK,
TF27,Rast Eva,2025-12,RETRO,UVG-Bruttolohn (UVG-LAA-GrossSalary),80000.0,80000.0,0.0,OK,
TF27,Rast Eva,2025-12,RETRO,UVG-Basis (UVG-LAA-BaseSalary),80000.0,80000.0,0.0,OK,
TF27,Rast Eva,2025-12,RETRO,UVGZ-Basis (UVGZ-LAAC-BaseSalary),80000.0,80000.0,0.0,OK,
TF27,Rast Eva,2025-12,RETRO,KTG-Referenzlohn (Reference-AHV-AVS-Salary),80000.0,80000.0,0.0,OK,
TF27,Rast Eva,2025-12,RETRO,"Lohnausweis Bruttolohn (GrossIncome, Ziff. 8)",80000.0,80000.0,0.0,OK,
TF27,Rast Eva,2025-12,RETRO,Lohnausweis BVG ordentlich (Ziff. 10.1 = 5050+1972),6400.0,6400.0,0.0,OK,
TF28,Arbenz Esther,2025-12,RETRO,AHV-Basis (AHV-AVS-BaseSalary),98000.0,98000.0,0.0,OK,
TF28,Arbenz Esther,2025-12,RETRO,FAK-Basis (FAK-CAF-ContributorySalary),98000.0,98000.0,0.0,OK,
TF28,Arbenz Esther,2025-12,RETRO,FAK Kinderzulagen wiederkehrend (3000),0.0,0.0,0.0,OK,
TF28,Arbenz Esther,2025-12,RETRO,FAK Zulagen einmalig (3001+3034),0.0,0.0,0.0,OK,
TF28,Arbenz Esther,2025-12,RETRO,UVG-Bruttolohn (UVG-LAA-GrossSalary),98000.0,98000.0,0.0,OK,
TF28,Arbenz Esther,2025-12,RETRO,UVG-Basis (UVG-LAA-BaseSalary),98000.0,98000.0,0.0,OK,
TF28,Arbenz Esther,2025-12,RETRO,UVGZ-Basis (UVGZ-LAAC-BaseSalary),98000.0,98000.0,0.0,OK,
TF28,Arbenz Esther,2025-12,RETRO,KTG-Referenzlohn (Reference-AHV-AVS-Salary),98000.0,98000.0,0.0,OK,
TF28,Arbenz Esther,2025-12,RETRO,"Lohnausweis Bruttolohn (GrossIncome, Ziff. 8)",98000.0,98000.0,0.0,OK,
TF28,Arbenz Esther,2025-12,RETRO,Lohnausweis BVG ordentlich (Ziff. 10.1 = 5050+1972),6240.0,6240.0,0.0,OK,
TF29,Forster Moreno,2025-12,RETRO,AHV-Basis (AHV-AVS-BaseSalary),98000.0,98000.0,0.0,OK,
TF29,Forster Moreno,2025-12,RETRO,FAK-Basis (FAK-CAF-ContributorySalary),98000.0,98000.0,0.0,OK,
TF29,Forster Moreno,2025-12,RETRO,FAK Kinderzulagen wiederkehrend (3000),0.0,0.0,0.0,OK,
TF29,Forster Moreno,2025-12,RETRO,FAK Zulagen einmalig (3001+3034),0.0,0.0,0.0,OK,
TF29,Forster Moreno,2025-12,RETRO,UVG-Bruttolohn (UVG-LAA-GrossSalary),98000.0,98000.0,0.0,OK,
TF29,Forster Moreno,2025-12,RETRO,UVG-Basis (UVG-LAA-BaseSalary),98000.0,98000.0,0.0,OK,
TF29,Forster Moreno,2025-12,RETRO,UVGZ-Basis (UVGZ-LAAC-BaseSalary),98000.0,98000.0,0.0,OK,
TF29,Forster Moreno,2025-12,RETRO,KTG-Referenzlohn (Reference-AHV-AVS-Salary),98000.0,98000.0,0.0,OK,
TF29,Forster Moreno,2025-12,RETRO,"Lohnausweis Bruttolohn (GrossIncome, Ziff. 8)",98000.0,98000.0,0.0,OK,
TF29,Forster Moreno,2025-12,RETRO,Lohnausweis BVG ordentlich (Ziff. 10.1 = 5050+1972),5460.0,5460.0,0.0,OK,
TF30,Müller Heinrich,2025-12,RETRO,AHV-Basis (AHV-AVS-BaseSalary),50000.0,50000.0,0.0,OK,
TF30,Müller Heinrich,2025-12,RETRO,FAK-Basis (FAK-CAF-ContributorySalary),50000.0,50000.0,0.0,OK,
TF30,Müller Heinrich,2025-12,RETRO,FAK Kinderzulagen wiederkehrend (3000),0.0,0.0,0.0,OK,
TF30,Müller Heinrich,2025-12,RETRO,FAK Zulagen einmalig (3001+3034),0.0,0.0,0.0,OK,
TF30,Müller Heinrich,2025-12,RETRO,UVG-Bruttolohn (UVG-LAA-GrossSalary),50000.0,50000.0,0.0,OK,
TF30,Müller Heinrich,2025-12,RETRO,UVG-Basis (UVG-LAA-BaseSalary),50000.0,50000.0,0.0,OK,
TF30,Müller Heinrich,2025-12,RETRO,UVGZ-Basis (UVGZ-LAAC-BaseSalary),50000.0,50000.0,0.0,OK,
TF30,Müller Heinrich,2025-12,RETRO,KTG-Referenzlohn (Reference-AHV-AVS-Salary),50000.0,50000.0,0.0,OK,
TF30,Müller Heinrich,2025-12,RETRO,"Lohnausweis Bruttolohn (GrossIncome, Ziff. 8)",50000.0,50000.0,0.0,OK,
TF30,Müller Heinrich,2025-12,RETRO,Lohnausweis BVG ordentlich (Ziff. 10.1 = 5050+1972),2200.0,2200.0,0.0,OK,
TF31,Bolletto Franca,2025-12,RETRO,AHV-Basis (AHV-AVS-BaseSalary),65000.0,65000.0,0.0,OK,
TF31,Bolletto Franca,2025-12,RETRO,FAK-Basis (FAK-CAF-ContributorySalary),65000.0,65000.0,0.0,OK,
TF31,Bolletto Franca,2025-12,RETRO,FAK Kinderzulagen wiederkehrend (3000),0.0,0.0,0.0,OK,
TF31,Bolletto Franca,2025-12,RETRO,FAK Zulagen einmalig (3001+3034),0.0,0.0,0.0,OK,
TF31,Bolletto Franca,2025-12,RETRO,UVG-Bruttolohn (UVG-LAA-GrossSalary),65000.0,65000.0,0.0,OK,
TF31,Bolletto Franca,2025-12,RETRO,UVG-Basis (UVG-LAA-BaseSalary),65000.0,65000.0,0.0,OK,
TF31,Bolletto Franca,2025-12,RETRO,UVGZ-Basis (UVGZ-LAAC-BaseSalary),65000.0,65000.0,0.0,OK,
TF31,Bolletto Franca,2025-12,RETRO,KTG-Referenzlohn (Reference-AHV-AVS-Salary),65000.0,65000.0,0.0,OK,
TF31,Bolletto Franca,2025-12,RETRO,"Lohnausweis Bruttolohn (GrossIncome, Ziff. 8)",65000.0,65000.0,0.0,OK,
TF31,Bolletto Franca,2025-12,RETRO,Lohnausweis BVG ordentlich (Ziff. 10.1 = 5050+1972),3900.0,3900.0,0.0,OK,
TF32,Armanini Laura,2025-12,RETRO,AHV-Basis (AHV-AVS-BaseSalary),20000.0,20000.0,0.0,OK,
TF32,Armanini Laura,2025-12,RETRO,FAK-Basis (FAK-CAF-ContributorySalary),20000.0,20000.0,0.0,OK,
TF32,Armanini Laura,2025-12,RETRO,FAK Kinderzulagen wiederkehrend (3000),0.0,0.0,0.0,OK,
TF32,Armanini Laura,2025-12,RETRO,FAK Zulagen einmalig (3001+3034),0.0,0.0,0.0,OK,
TF32,Armanini Laura,2025-12,RETRO,UVG-Bruttolohn (UVG-LAA-GrossSalary),20000.0,20000.0,0.0,OK,
TF32,Armanini Laura,2025-12,RETRO,UVG-Basis (UVG-LAA-BaseSalary),20000.0,20000.0,0.0,OK,
TF32,Armanini Laura,2025-12,RETRO,UVGZ-Basis (UVGZ-LAAC-BaseSalary),20000.0,20000.0,0.0,OK,
TF32,Armanini Laura,2025-12,RETRO,KTG-Referenzlohn (Reference-AHV-AVS-Salary),20000.0,20000.0,0.0,OK,
TF32,Armanini Laura,2025-12,RETRO,"Lohnausweis Bruttolohn (GrossIncome, Ziff. 8)",20000.0,20000.0,0.0,OK,
TF32,Armanini Laura,2025-12,RETRO,Lohnausweis BVG ordentlich (Ziff. 10.1 = 5050+1972),1600.0,1600.0,0.0,OK,
TF33,Châtelain Pierre,2025-12,RETRO,AHV-Basis (AHV-AVS-BaseSalary),65000.0,65000.0,0.0,OK,
TF33,Châtelain Pierre,2025-12,RETRO,FAK-Basis (FAK-CAF-ContributorySalary),65000.0,65000.0,0.0,OK,
TF33,Châtelain Pierre,2025-12,RETRO,FAK Kinderzulagen wiederkehrend (3000),2250.0,1500.0,750.0,DIFF,
TF33,Châtelain Pierre,2025-12,RETRO,FAK Zulagen einmalig (3001+3034),0.0,750.0,-750.0,DIFF,
TF33,Châtelain Pierre,2025-12,RETRO,UVG-Bruttolohn (UVG-LAA-GrossSalary),67250.0,67250.0,0.0,OK,
TF33,Châtelain Pierre,2025-12,RETRO,UVG-Basis (UVG-LAA-BaseSalary),65000.0,65000.0,0.0,OK,
TF33,Châtelain Pierre,2025-12,RETRO,UVGZ-Basis (UVGZ-LAAC-BaseSalary),65000.0,65000.0,0.0,OK,
TF33,Châtelain Pierre,2025-12,RETRO,KTG-Referenzlohn (Reference-AHV-AVS-Salary),65000.0,65000.0,0.0,OK,
TF33,Châtelain Pierre,2025-12,RETRO,"Lohnausweis Bruttolohn (GrossIncome, Ziff. 8)",67250.0,67250.0,0.0,OK,
TF33,Châtelain Pierre,2025-12,RETRO,Lohnausweis BVG ordentlich (Ziff. 10.1 = 5050+1972),4550.05,4550.04,0.01,OK,
TF34,Rinaldi Massimo,2025-12,RETRO,AHV-Basis (AHV-AVS-BaseSalary),65000.0,65000.0,0.0,OK,
TF34,Rinaldi Massimo,2025-12,RETRO,FAK-Basis (FAK-CAF-ContributorySalary),65000.0,65000.0,0.0,OK,
TF34,Rinaldi Massimo,2025-12,RETRO,FAK Kinderzulagen wiederkehrend (3000),1935.0,1290.0,645.0,DIFF,
TF34,Rinaldi Massimo,2025-12,RETRO,FAK Zulagen einmalig (3001+3034),0.0,645.0,-645.0,DIFF,
TF34,Rinaldi Massimo,2025-12,RETRO,UVG-Bruttolohn (UVG-LAA-GrossSalary),66935.0,66935.0,0.0,OK,
TF34,Rinaldi Massimo,2025-12,RETRO,UVG-Basis (UVG-LAA-BaseSalary),65000.0,65000.0,0.0,OK,
TF34,Rinaldi Massimo,2025-12,RETRO,UVGZ-Basis (UVGZ-LAAC-BaseSalary),65000.0,65000.0,0.0,OK,
TF34,Rinaldi Massimo,2025-12,RETRO,KTG-Referenzlohn (Reference-AHV-AVS-Salary),65000.0,65000.0,0.0,OK,
TF34,Rinaldi Massimo,2025-12,RETRO,"Lohnausweis Bruttolohn (GrossIncome, Ziff. 8)",66935.0,66935.0,0.0,OK,
TF34,Rinaldi Massimo,2025-12,RETRO,Lohnausweis BVG ordentlich (Ziff. 10.1 = 5050+1972),0.0,0.0,0.0,OK,
TF35,Roos Roland,2025-12,RETRO,AHV-Basis (AHV-AVS-BaseSalary),95000.0,95000.0,0.0,OK,
TF35,Roos Roland,2025-12,RETRO,FAK-Basis (FAK-CAF-ContributorySalary),95000.0,95000.0,0.0,OK,
TF35,Roos Roland,2025-12,RETRO,FAK Kinderzulagen wiederkehrend (3000),750.0,750.0,0.0,OK,
TF35,Roos Roland,2025-12,RETRO,FAK Zulagen einmalig (3001+3034),0.0,0.0,0.0,OK,
TF35,Roos Roland,2025-12,RETRO,UVG-Bruttolohn (UVG-LAA-GrossSalary),95750.0,95750.0,0.0,OK,
TF35,Roos Roland,2025-12,RETRO,UVG-Basis (UVG-LAA-BaseSalary),95000.0,95000.0,0.0,OK,
TF35,Roos Roland,2025-12,RETRO,UVGZ-Basis (UVGZ-LAAC-BaseSalary),95000.0,95000.0,0.0,OK,
TF35,Roos Roland,2025-12,RETRO,KTG-Referenzlohn (Reference-AHV-AVS-Salary),95000.0,95000.0,0.0,OK,
TF35,Roos Roland,2025-12,RETRO,"Lohnausweis Bruttolohn (GrossIncome, Ziff. 8)",95750.0,95750.0,0.0,OK,
TF35,Roos Roland,2025-12,RETRO,Lohnausweis BVG ordentlich (Ziff. 10.1 = 5050+1972),4766.7,4766.68,0.02,OK,
TF36,Maldini Fabio,2025-12,RETRO,AHV-Basis (AHV-AVS-BaseSalary),95000.0,95000.0,0.0,OK,
TF36,Maldini Fabio,2025-12,RETRO,FAK-Basis (FAK-CAF-ContributorySalary),95000.0,95000.0,0.0,OK,
TF36,Maldini Fabio,2025-12,RETRO,FAK Kinderzulagen wiederkehrend (3000),645.0,645.0,0.0,OK,
TF36,Maldini Fabio,2025-12,RETRO,FAK Zulagen einmalig (3001+3034),0.0,0.0,0.0,OK,
TF36,Maldini Fabio,2025-12,RETRO,UVG-Bruttolohn (UVG-LAA-GrossSalary),95645.0,95645.0,0.0,OK,
TF36,Maldini Fabio,2025-12,RETRO,UVG-Basis (UVG-LAA-BaseSalary),95000.0,95000.0,0.0,OK,
TF36,Maldini Fabio,2025-12,RETRO,UVGZ-Basis (UVGZ-LAAC-BaseSalary),95000.0,95000.0,0.0,OK,
TF36,Maldini Fabio,2025-12,RETRO,KTG-Referenzlohn (Reference-AHV-AVS-Salary),95000.0,95000.0,0.0,OK,
TF36,Maldini Fabio,2025-12,RETRO,"Lohnausweis Bruttolohn (GrossIncome, Ziff. 8)",95645.0,95645.0,0.0,OK,
TF36,Maldini Fabio,2025-12,RETRO,Lohnausweis BVG ordentlich (Ziff. 10.1 = 5050+1972),4983.3,4983.32,-0.02,OK,
TF37,Oberli Christine,2025-12,RETRO,AHV-Basis (AHV-AVS-BaseSalary),5000.0,5000.0,0.0,OK,
TF37,Oberli Christine,2025-12,RETRO,FAK-Basis (FAK-CAF-ContributorySalary),5000.0,5000.0,0.0,OK,
TF37,Oberli Christine,2025-12,RETRO,FAK Kinderzulagen wiederkehrend (3000),250.0,250.0,0.0,OK,
TF37,Oberli Christine,2025-12,RETRO,FAK Zulagen einmalig (3001+3034),0.0,0.0,0.0,OK,
TF37,Oberli Christine,2025-12,RETRO,UVG-Bruttolohn (UVG-LAA-GrossSalary),5250.0,5250.0,0.0,OK,
TF37,Oberli Christine,2025-12,RETRO,UVG-Basis (UVG-LAA-BaseSalary),5000.0,5000.0,0.0,OK,
TF37,Oberli Christine,2025-12,RETRO,UVGZ-Basis (UVGZ-LAAC-BaseSalary),5000.0,5000.0,0.0,OK,
TF37,Oberli Christine,2025-12,RETRO,KTG-Referenzlohn (Reference-AHV-AVS-Salary),5000.0,5000.0,0.0,OK,
TF37,Oberli Christine,2025-12,RETRO,"Lohnausweis Bruttolohn (GrossIncome, Ziff. 8)",5250.0,5250.0,0.0,OK,
TF37,Oberli Christine,2025-12,RETRO,Lohnausweis BVG ordentlich (Ziff. 10.1 = 5050+1972),400.0,400.0,0.0,OK,
TF38,Jung Claude,2025-12,RETRO,AHV-Basis (AHV-AVS-BaseSalary),59800.0,59800.0,0.0,OK,
TF38,Jung Claude,2025-12,RETRO,FAK-Basis (FAK-CAF-ContributorySalary),59800.0,59800.0,0.0,OK,
TF38,Jung Claude,2025-12,RETRO,FAK Kinderzulagen wiederkehrend (3000),0.0,0.0,0.0,OK,
TF38,Jung Claude,2025-12,RETRO,FAK Zulagen einmalig (3001+3034),0.0,0.0,0.0,OK,
TF38,Jung Claude,2025-12,RETRO,UVG-Bruttolohn (UVG-LAA-GrossSalary),59800.0,59800.0,0.0,OK,
TF38,Jung Claude,2025-12,RETRO,UVG-Basis (UVG-LAA-BaseSalary),59800.0,59800.0,0.0,OK,
TF38,Jung Claude,2025-12,RETRO,UVGZ-Basis (UVGZ-LAAC-BaseSalary),59800.0,59800.0,0.0,OK,
TF38,Jung Claude,2025-12,RETRO,KTG-Referenzlohn (Reference-AHV-AVS-Salary),59800.0,59800.0,0.0,OK,
TF38,Jung Claude,2025-12,RETRO,"Lohnausweis Bruttolohn (GrossIncome, Ziff. 8)",59800.0,59800.0,0.0,OK,
TF38,Jung Claude,2025-12,RETRO,Lohnausweis BVG ordentlich (Ziff. 10.1 = 5050+1972),4719.95,4719.96,-0.01,OK,
TF39,Hasler Harald,2025-12,RETRO,UVG-Bruttolohn (UVG-LAA-GrossSalary),10000.0,10000.0,0.0,OK,
TF39,Hasler Harald,2025-12,RETRO,UVG-Basis (UVG-LAA-BaseSalary),10000.0,10000.0,0.0,OK,
TF39,Hasler Harald,2025-12,RETRO,UVGZ-Basis (UVGZ-LAAC-BaseSalary),10000.0,10000.0,0.0,OK,
TF39,Hasler Harald,2025-12,RETRO,KTG-Referenzlohn (Reference-AHV-AVS-Salary),10000.0,10000.0,0.0,OK,
TF39,Hasler Harald,2025-12,RETRO,"Lohnausweis Bruttolohn (GrossIncome, Ziff. 8)",10000.0,10000.0,0.0,OK,
TF39,Hasler Harald,2025-12,RETRO,Lohnausweis BVG ordentlich (Ziff. 10.1 = 5050+1972),0.0,0.0,0.0,OK,
TF40,Farine Corinne,2025-12,RETRO,AHV-Basis (AHV-AVS-BaseSalary),78783.35,78783.35,0.0,OK,
TF40,Farine Corinne,2025-12,RETRO,FAK-Basis (FAK-CAF-ContributorySalary),78783.35,78783.35,0.0,OK,
TF40,Farine Corinne,2025-12,RETRO,FAK Kinderzulagen wiederkehrend (3000),1394.0,1394.0,0.0,OK,
TF40,Farine Corinne,2025-12,RETRO,FAK Zulagen einmalig (3001+3034),0.0,0.0,0.0,OK,
TF40,Farine Corinne,2025-12,RETRO,UVG-Bruttolohn (UVG-LAA-GrossSalary),80177.35,80177.35,0.0,OK,
TF40,Farine Corinne,2025-12,RETRO,UVG-Basis (UVG-LAA-BaseSalary),78783.35,78783.35,0.0,OK,
TF40,Farine Corinne,2025-12,RETRO,UVGZ-Basis (UVGZ-LAAC-BaseSalary),78783.35,78783.35,0.0,OK,
TF40,Farine Corinne,2025-12,RETRO,KTG-Referenzlohn (Reference-AHV-AVS-Salary),78783.35,78783.35,0.0,OK,
TF40,Farine Corinne,2025-12,RETRO,"Lohnausweis Bruttolohn (GrossIncome, Ziff. 8)",80177.35,80177.35,0.0,OK,
TF40,Farine Corinne,2025-12,RETRO,Lohnausweis BVG ordentlich (Ziff. 10.1 = 5050+1972),1733.35,1733.34,0.01,OK,
TF41,Meier Max,2025-12,RETRO,AHV-Basis (AHV-AVS-BaseSalary),90000.0,90000.0,0.0,OK,
TF41,Meier Max,2025-12,RETRO,FAK-Basis (FAK-CAF-ContributorySalary),90000.0,90000.0,0.0,OK,
TF41,Meier Max,2025-12,RETRO,FAK Kinderzulagen wiederkehrend (3000),0.0,0.0,0.0,OK,
TF41,Meier Max,2025-12,RETRO,FAK Zulagen einmalig (3001+3034),0.0,0.0,0.0,OK,
TF41,Meier Max,2025-12,RETRO,UVG-Bruttolohn (UVG-LAA-GrossSalary),90000.0,90000.0,0.0,OK,
TF41,Meier Max,2025-12,RETRO,UVG-Basis (UVG-LAA-BaseSalary),90000.0,90000.0,0.0,OK,
TF41,Meier Max,2025-12,RETRO,UVGZ-Basis (UVGZ-LAAC-BaseSalary),90000.0,90000.0,0.0,OK,
TF41,Meier Max,2025-12,RETRO,KTG-Referenzlohn (Reference-AHV-AVS-Salary),90000.0,90000.0,0.0,OK,
TF41,Meier Max,2025-12,RETRO,"Lohnausweis Bruttolohn (GrossIncome, Ziff. 8)",90000.0,90000.0,0.0,OK,
TF41,Meier Max,2025-12,RETRO,Lohnausweis BVG ordentlich (Ziff. 10.1 = 5050+1972),0.0,0.0,0.0,OK,
TF42,Peters Otto,2025-12,RETRO,AHV-Basis (AHV-AVS-BaseSalary),10000.0,10000.0,0.0,OK,
TF42,Peters Otto,2025-12,RETRO,FAK-Basis (FAK-CAF-ContributorySalary),10000.0,10000.0,0.0,OK,
TF42,Peters Otto,2025-12,RETRO,FAK Kinderzulagen wiederkehrend (3000),0.0,0.0,0.0,OK,
TF42,Peters Otto,2025-12,RETRO,FAK Zulagen einmalig (3001+3034),0.0,0.0,0.0,OK,
TF42,Peters Otto,2025-12,RETRO,UVG-Bruttolohn (UVG-LAA-GrossSalary),10000.0,10000.0,0.0,OK,
TF42,Peters Otto,2025-12,RETRO,UVG-Basis (UVG-LAA-BaseSalary),10000.0,10000.0,0.0,OK,
TF42,Peters Otto,2025-12,RETRO,UVGZ-Basis (UVGZ-LAAC-BaseSalary),10000.0,10000.0,0.0,OK,
TF42,Peters Otto,2025-12,RETRO,KTG-Referenzlohn (Reference-AHV-AVS-Salary),10000.0,10000.0,0.0,OK,
TF42,Peters Otto,2025-12,RETRO,"Lohnausweis Bruttolohn (GrossIncome, Ziff. 8)",10000.0,10000.0,0.0,OK,
TF42,Peters Otto,2025-12,RETRO,Lohnausweis BVG ordentlich (Ziff. 10.1 = 5050+1972),933.35,933.34,0.01,OK,
TF43,Ochsenbein Lea,2025-12,RETRO,AHV-Basis (AHV-AVS-BaseSalary),10000.0,10000.0,0.0,OK,
TF43,Ochsenbein Lea,2025-12,RETRO,FAK-Basis (FAK-CAF-ContributorySalary),10000.0,10000.0,0.0,OK,
TF43,Ochsenbein Lea,2025-12,RETRO,FAK Kinderzulagen wiederkehrend (3000),0.0,0.0,0.0,OK,
TF43,Ochsenbein Lea,2025-12,RETRO,FAK Zulagen einmalig (3001+3034),0.0,0.0,0.0,OK,
TF43,Ochsenbein Lea,2025-12,RETRO,UVG-Bruttolohn (UVG-LAA-GrossSalary),10000.0,10000.0,0.0,OK,
TF43,Ochsenbein Lea,2025-12,RETRO,UVG-Basis (UVG-LAA-BaseSalary),10000.0,10000.0,0.0,OK,
TF43,Ochsenbein Lea,2025-12,RETRO,UVGZ-Basis (UVGZ-LAAC-BaseSalary),10000.0,10000.0,0.0,OK,
TF43,Ochsenbein Lea,2025-12,RETRO,KTG-Referenzlohn (Reference-AHV-AVS-Salary),10000.0,10000.0,0.0,OK,
TF43,Ochsenbein Lea,2025-12,RETRO,"Lohnausweis Bruttolohn (GrossIncome, Ziff. 8)",10000.0,10000.0,0.0,OK,
TF43,Ochsenbein Lea,2025-12,RETRO,Lohnausweis BVG ordentlich (Ziff. 10.1 = 5050+1972),1066.65,1066.66,-0.01,OK,
TF44,Lusser Hans,2025-12,RETRO,AHV-Basis (AHV-AVS-BaseSalary),-2000.0,-2000.0,0.0,OK,
TF44,Lusser Hans,2025-12,RETRO,FAK-Basis (FAK-CAF-ContributorySalary),-2000.0,-2000.0,0.0,OK,
TF44,Lusser Hans,2025-12,RETRO,FAK Kinderzulagen wiederkehrend (3000),0.0,0.0,0.0,OK,
TF44,Lusser Hans,2025-12,RETRO,FAK Zulagen einmalig (3001+3034),0.0,0.0,0.0,OK,
TF44,Lusser Hans,2025-12,RETRO,UVG-Bruttolohn (UVG-LAA-GrossSalary),26000.0,26000.0,0.0,OK,
TF44,Lusser Hans,2025-12,RETRO,UVG-Basis (UVG-LAA-BaseSalary),-2000.0,-2000.0,0.0,OK,
TF44,Lusser Hans,2025-12,RETRO,UVGZ-Basis (UVGZ-LAAC-BaseSalary),-2000.0,-2000.0,0.0,OK,
TF44,Lusser Hans,2025-12,RETRO,KTG-Referenzlohn (Reference-AHV-AVS-Salary),-2000.0,-2000.0,0.0,OK,
TF44,Lusser Hans,2025-12,RETRO,"Lohnausweis Bruttolohn (GrossIncome, Ziff. 8)",26000.0,26000.0,0.0,OK,
TF44,Lusser Hans,2025-12,RETRO,Lohnausweis BVG ordentlich (Ziff. 10.1 = 5050+1972),770.0,770.0,0.0,OK,
TF02,Paganini Maria,2025-12,MONTHLY,Statistik Grundlohn (GrossBaseSalaryAndRegularAllowance),8013.05,5969.05,2044.0,DIFF,
TF02,Paganini Maria,2025-12,MONTHLY,Statistik Zulagen (Allowances),95.0,0.0,95.0,DIFF,
TF02,Paganini Maria,2025-12,MONTHLY,Statistik Familienzulagen (FamilyIncomeSupplement),215.0,215.0,0.0,OK,
TF02,Paganini Maria,2025-12,MONTHLY,Statistik Leistungen Dritter (PaymentsByThird),0.0,0.0,0.0,OK,
TF02,Paganini Maria,2025-12,MONTHLY,Statistik BVG-Beitrag AN (BVG-LPP-RegularContribution),0.0,-0.0,0.0,OK,
TF03,Lusser Pia,2025-12,MONTHLY,Statistik Grundlohn (GrossBaseSalaryAndRegularAllowance),1500.0,1500.0,0.0,OK,
TF03,Lusser Pia,2025-12,MONTHLY,Statistik Zulagen (Allowances),0.0,0.0,0.0,OK,
TF03,Lusser Pia,2025-12,MONTHLY,Statistik Familienzulagen (FamilyIncomeSupplement),0.0,0.0,0.0,OK,
TF03,Lusser Pia,2025-12,MONTHLY,Statistik Leistungen Dritter (PaymentsByThird),0.0,0.0,0.0,OK,
TF03,Lusser Pia,2025-12,MONTHLY,Statistik BVG-Beitrag AN (BVG-LPP-RegularContribution),0.0,-0.0,0.0,OK,
TF04,Fankhauser Markus,2025-12,MONTHLY,Statistik Grundlohn (GrossBaseSalaryAndRegularAllowance),30000.0,30000.0,0.0,OK,
TF04,Fankhauser Markus,2025-12,MONTHLY,Statistik Zulagen (Allowances),0.0,0.0,0.0,OK,
TF04,Fankhauser Markus,2025-12,MONTHLY,Statistik Familienzulagen (FamilyIncomeSupplement),0.0,0.0,0.0,OK,
TF04,Fankhauser Markus,2025-12,MONTHLY,Statistik Leistungen Dritter (PaymentsByThird),0.0,0.0,0.0,OK,
TF04,Fankhauser Markus,2025-12,MONTHLY,Statistik BVG-Beitrag AN (BVG-LPP-RegularContribution),-2800.0,-2800.0,0.0,OK,
TF05,Moser Johann,2025-12,MONTHLY,Statistik Grundlohn (GrossBaseSalaryAndRegularAllowance),1350.0,1350.0,0.0,OK,
TF05,Moser Johann,2025-12,MONTHLY,Statistik Zulagen (Allowances),0.0,0.0,0.0,OK,
TF05,Moser Johann,2025-12,MONTHLY,Statistik Familienzulagen (FamilyIncomeSupplement),0.0,0.0,0.0,OK,
TF05,Moser Johann,2025-12,MONTHLY,Statistik Leistungen Dritter (PaymentsByThird),0.0,0.0,0.0,OK,
TF05,Moser Johann,2025-12,MONTHLY,Statistik BVG-Beitrag AN (BVG-LPP-RegularContribution),0.0,-0.0,0.0,OK,
TF08,Lamon René,2025-12,MONTHLY,Statistik Grundlohn (GrossBaseSalaryAndRegularAllowance),11682.45,7638.45,4044.0,DIFF,
TF08,Lamon René,2025-12,MONTHLY,Statistik Zulagen (Allowances),95.0,0.0,95.0,DIFF,
TF08,Lamon René,2025-12,MONTHLY,Statistik Familienzulagen (FamilyIncomeSupplement),250.0,250.0,0.0,OK,
TF08,Lamon René,2025-12,MONTHLY,Statistik Leistungen Dritter (PaymentsByThird),0.0,0.0,0.0,OK,
TF08,Lamon René,2025-12,MONTHLY,Statistik BVG-Beitrag AN (BVG-LPP-RegularContribution),-603.79,-603.79,0.0,OK,
TF09,Estermann Michael,2025-12,MONTHLY,Statistik Grundlohn (GrossBaseSalaryAndRegularAllowance),1000.0,1000.0,0.0,OK,
TF09,Estermann Michael,2025-12,MONTHLY,Statistik Zulagen (Allowances),0.0,0.0,0.0,OK,
TF09,Estermann Michael,2025-12,MONTHLY,Statistik Familienzulagen (FamilyIncomeSupplement),0.0,0.0,0.0,OK,
TF09,Estermann Michael,2025-12,MONTHLY,Statistik Leistungen Dritter (PaymentsByThird),32000.0,0.0,32000.0,DIFF,
TF09,Estermann Michael,2025-12,MONTHLY,Statistik BVG-Beitrag AN (BVG-LPP-RegularContribution),0.0,-0.0,0.0,OK,
TF11,Bosshard Peter,2025-12,MONTHLY,Statistik Grundlohn (GrossBaseSalaryAndRegularAllowance),30500.0,31950.0,-1450.0,DIFF,
TF11,Bosshard Peter,2025-12,MONTHLY,Statistik Zulagen (Allowances),0.0,0.0,0.0,OK,
TF11,Bosshard Peter,2025-12,MONTHLY,Statistik Familienzulagen (FamilyIncomeSupplement),215.0,215.0,0.0,OK,
TF11,Bosshard Peter,2025-12,MONTHLY,Statistik Leistungen Dritter (PaymentsByThird),0.0,0.0,0.0,OK,
TF11,Bosshard Peter,2025-12,MONTHLY,Statistik BVG-Beitrag AN (BVG-LPP-RegularContribution),-2469.83,-2469.83,0.0,OK,
TF12,Casanova Renato,2025-12,MONTHLY,Statistik Grundlohn (GrossBaseSalaryAndRegularAllowance),25000.0,0.0,25000.0,DIFF,
TF12,Casanova Renato,2025-12,MONTHLY,Statistik Zulagen (Allowances),0.0,0.0,0.0,OK,
TF12,Casanova Renato,2025-12,MONTHLY,Statistik Familienzulagen (FamilyIncomeSupplement),0.0,0.0,0.0,OK,
TF12,Casanova Renato,2025-12,MONTHLY,Statistik Leistungen Dritter (PaymentsByThird),0.0,0.0,0.0,OK,
TF12,Casanova Renato,2025-12,MONTHLY,Statistik BVG-Beitrag AN (BVG-LPP-RegularContribution),-866.67,-866.67,0.0,OK,
TF13,Combertaldi Renato,2025-12,MONTHLY,Statistik Grundlohn (GrossBaseSalaryAndRegularAllowance),3200.0,2200.0,1000.0,DIFF,
TF13,Combertaldi Renato,2025-12,MONTHLY,Statistik Zulagen (Allowances),0.0,0.0,0.0,OK,
TF13,Combertaldi Renato,2025-12,MONTHLY,Statistik Familienzulagen (FamilyIncomeSupplement),215.0,0.0,215.0,DIFF,
TF13,Combertaldi Renato,2025-12,MONTHLY,Statistik Leistungen Dritter (PaymentsByThird),0.0,0.0,0.0,OK,
TF13,Combertaldi Renato,2025-12,MONTHLY,Statistik BVG-Beitrag AN (BVG-LPP-RegularContribution),0.0,-0.0,0.0,OK,
TF14,Egli Anna,2025-12,MONTHLY,Statistik Grundlohn (GrossBaseSalaryAndRegularAllowance),2500.0,2500.0,0.0,OK,
TF14,Egli Anna,2025-12,MONTHLY,Statistik Zulagen (Allowances),0.0,0.0,0.0,OK,
TF14,Egli Anna,2025-12,MONTHLY,Statistik Familienzulagen (FamilyIncomeSupplement),0.0,0.0,0.0,OK,
TF14,Egli Anna,2025-12,MONTHLY,Statistik Leistungen Dritter (PaymentsByThird),0.0,0.0,0.0,OK,
TF14,Egli Anna,2025-12,MONTHLY,Statistik BVG-Beitrag AN (BVG-LPP-RegularContribution),0.0,-0.0,0.0,OK,
TF17,Binggeli Fritz,2025-12,MONTHLY,Statistik Grundlohn (GrossBaseSalaryAndRegularAllowance),4550.0,4550.0,0.0,OK,
TF17,Binggeli Fritz,2025-12,MONTHLY,Statistik Zulagen (Allowances),0.0,0.0,0.0,OK,
TF17,Binggeli Fritz,2025-12,MONTHLY,Statistik Familienzulagen (FamilyIncomeSupplement),0.0,0.0,0.0,OK,
TF17,Binggeli Fritz,2025-12,MONTHLY,Statistik Leistungen Dritter (PaymentsByThird),0.0,0.0,0.0,OK,
TF17,Binggeli Fritz,2025-12,MONTHLY,Statistik BVG-Beitrag AN (BVG-LPP-RegularContribution),-318.5,-318.5,0.0,OK,
TF17,Binggeli Fritz,2025-12,MONTHLY,QST steuerbarer Lohn TI A0N (TaxableEarning),4550.0,4550.0,0.0,OK,"Satz-Lohn 6666.65, QST 509.60"
TF18,Blanc Pierre,2025-12,MONTHLY,Statistik Grundlohn (GrossBaseSalaryAndRegularAllowance),2791.4,2791.4,0.0,OK,
TF18,Blanc Pierre,2025-12,MONTHLY,Statistik Zulagen (Allowances),0.0,0.0,0.0,OK,
TF18,Blanc Pierre,2025-12,MONTHLY,Statistik Familienzulagen (FamilyIncomeSupplement),0.0,0.0,0.0,OK,
TF18,Blanc Pierre,2025-12,MONTHLY,Statistik Leistungen Dritter (PaymentsByThird),0.0,0.0,0.0,OK,
TF18,Blanc Pierre,2025-12,MONTHLY,Statistik BVG-Beitrag AN (BVG-LPP-RegularContribution),-76.44,-76.44,0.0,OK,
TF18,Blanc Pierre,2025-12,MONTHLY,QST steuerbarer Lohn BE B0Y (TaxableEarning),2791.4,2791.4,0.0,OK,"Satz-Lohn 7084.65, QST 278.85"
TF19,Andrey Melanie,2025-12,MONTHLY,Statistik Grundlohn (GrossBaseSalaryAndRegularAllowance),2600.0,2600.0,0.0,OK,
TF19,Andrey Melanie,2025-12,MONTHLY,Statistik Zulagen (Allowances),0.0,0.0,0.0,OK,
TF19,Andrey Melanie,2025-12,MONTHLY,Statistik Familienzulagen (FamilyIncomeSupplement),0.0,0.0,0.0,OK,
TF19,Andrey Melanie,2025-12,MONTHLY,Statistik Leistungen Dritter (PaymentsByThird),0.0,0.0,0.0,OK,
TF19,Andrey Melanie,2025-12,MONTHLY,Statistik BVG-Beitrag AN (BVG-LPP-RegularContribution),-197.16,-197.16,0.0,OK,
TF19,Andrey Melanie,2025-12,MONTHLY,QST steuerbarer Lohn TI A0N (TaxableEarning),5200.0,5200.0,0.0,OK,"Satz-Lohn 3336.65, QST 358.80"
TF22,Bucher Elisabeth,2025-12,MONTHLY,Statistik Grundlohn (GrossBaseSalaryAndRegularAllowance),5111.0,5111.0,0.0,OK,
TF22,Bucher Elisabeth,2025-12,MONTHLY,Statistik Zulagen (Allowances),0.0,0.0,0.0,OK,
TF22,Bucher Elisabeth,2025-12,MONTHLY,Statistik Familienzulagen (FamilyIncomeSupplement),0.0,0.0,0.0,OK,
TF22,Bucher Elisabeth,2025-12,MONTHLY,Statistik Leistungen Dritter (PaymentsByThird),0.0,0.0,0.0,OK,
TF22,Bucher Elisabeth,2025-12,MONTHLY,Statistik BVG-Beitrag AN (BVG-LPP-RegularContribution),-320.83,-320.83,0.0,OK,
TF22,Bucher Elisabeth,2025-12,MONTHLY,QST steuerbarer Lohn TI C0N (TaxableEarning),5111.0,5111.0,0.0,OK,"Satz-Lohn 4750.60, QST -3987.95"
TF23,Koller Ludwig,2025-12,MONTHLY,Statistik Grundlohn (GrossBaseSalaryAndRegularAllowance),5000.0,5000.0,0.0,OK,
TF23,Koller Ludwig,2025-12,MONTHLY,Statistik Zulagen (Allowances),0.0,0.0,0.0,OK,
TF23,Koller Ludwig,2025-12,MONTHLY,Statistik Familienzulagen (FamilyIncomeSupplement),215.0,215.0,0.0,OK,
TF23,Koller Ludwig,2025-12,MONTHLY,Statistik Leistungen Dritter (PaymentsByThird),0.0,0.0,0.0,OK,
TF23,Koller Ludwig,2025-12,MONTHLY,Statistik BVG-Beitrag AN (BVG-LPP-RegularContribution),-379.16,-379.16,0.0,OK,
TF23,Koller Ludwig,2025-12,MONTHLY,QST steuerbarer Lohn TI B1N (TaxableEarning),10215.0,10215.0,0.0,OK,"Satz-Lohn 7970.40, QST 1014.40"
TF24,Utzinger Jan,2025-12,MONTHLY,Statistik Grundlohn (GrossBaseSalaryAndRegularAllowance),11000.0,11000.0,0.0,OK,
TF24,Utzinger Jan,2025-12,MONTHLY,Statistik Zulagen (Allowances),0.0,0.0,0.0,OK,
TF24,Utzinger Jan,2025-12,MONTHLY,Statistik Familienzulagen (FamilyIncomeSupplement),0.0,0.0,0.0,OK,
TF24,Utzinger Jan,2025-12,MONTHLY,Statistik Leistungen Dritter (PaymentsByThird),0.0,0.0,0.0,OK,
TF24,Utzinger Jan,2025-12,MONTHLY,Statistik BVG-Beitrag AN (BVG-LPP-RegularContribution),-834.17,-834.17,0.0,OK,
TF27,Rast Eva,2025-12,MONTHLY,Statistik Grundlohn (GrossBaseSalaryAndRegularAllowance),10000.0,10000.0,0.0,OK,
TF27,Rast Eva,2025-12,MONTHLY,Statistik Zulagen (Allowances),0.0,0.0,0.0,OK,
TF27,Rast Eva,2025-12,MONTHLY,Statistik Familienzulagen (FamilyIncomeSupplement),0.0,0.0,0.0,OK,
TF27,Rast Eva,2025-12,MONTHLY,Statistik Leistungen Dritter (PaymentsByThird),0.0,0.0,0.0,OK,
TF27,Rast Eva,2025-12,MONTHLY,Statistik BVG-Beitrag AN (BVG-LPP-RegularContribution),-800.0,-800.0,0.0,OK,
TF27,Rast Eva,2025-12,MONTHLY,QST steuerbarer Lohn BE L0N (TaxableEarning),10000.0,10000.0,0.0,OK,"Satz-Lohn 10000.00, QST 450.00"
TF28,Arbenz Esther,2025-12,MONTHLY,Statistik Grundlohn (GrossBaseSalaryAndRegularAllowance),6000.0,6000.0,0.0,OK,
TF28,Arbenz Esther,2025-12,MONTHLY,Statistik Zulagen (Allowances),0.0,0.0,0.0,OK,
TF28,Arbenz Esther,2025-12,MONTHLY,Statistik Familienzulagen (FamilyIncomeSupplement),0.0,0.0,0.0,OK,
TF28,Arbenz Esther,2025-12,MONTHLY,Statistik Leistungen Dritter (PaymentsByThird),0.0,0.0,0.0,OK,
TF28,Arbenz Esther,2025-12,MONTHLY,Statistik BVG-Beitrag AN (BVG-LPP-RegularContribution),-520.0,-520.0,0.0,OK,
TF28,Arbenz Esther,2025-12,MONTHLY,QST steuerbarer Lohn BE A0Y (TaxableEarning),6550.0,12000.0,-5450.0,DIFF,"Satz-Lohn 16000.00, QST 1461.95"
TF29,Forster Moreno,2025-12,MONTHLY,Statistik Grundlohn (GrossBaseSalaryAndRegularAllowance),6000.0,6000.0,0.0,OK,
TF29,Forster Moreno,2025-12,MONTHLY,Statistik Zulagen (Allowances),0.0,0.0,0.0,OK,
TF29,Forster Moreno,2025-12,MONTHLY,Statistik Familienzulagen (FamilyIncomeSupplement),0.0,0.0,0.0,OK,
TF29,Forster Moreno,2025-12,MONTHLY,Statistik Leistungen Dritter (PaymentsByThird),0.0,0.0,0.0,OK,
TF29,Forster Moreno,2025-12,MONTHLY,Statistik BVG-Beitrag AN (BVG-LPP-RegularContribution),-455.0,-455.0,0.0,OK,
TF29,Forster Moreno,2025-12,MONTHLY,QST steuerbarer Lohn TI A0N (TaxableEarning),6550.0,12000.0,-5450.0,DIFF,"Satz-Lohn 10333.35, QST 1394.15"
TF31,Bolletto Franca,2025-12,MONTHLY,Statistik Grundlohn (GrossBaseSalaryAndRegularAllowance),5000.0,5000.0,0.0,OK,
TF31,Bolletto Franca,2025-12,MONTHLY,Statistik Zulagen (Allowances),0.0,0.0,0.0,OK,
TF31,Bolletto Franca,2025-12,MONTHLY,Statistik Familienzulagen (FamilyIncomeSupplement),0.0,0.0,0.0,OK,
TF31,Bolletto Franca,2025-12,MONTHLY,Statistik Leistungen Dritter (PaymentsByThird),0.0,0.0,0.0,OK,
TF31,Bolletto Franca,2025-12,MONTHLY,Statistik BVG-Beitrag AN (BVG-LPP-RegularContribution),-325.0,-325.0,0.0,OK,
TF31,Bolletto Franca,2025-12,MONTHLY,QST steuerbarer Lohn VD B0N (TaxableEarning),10000.0,10000.0,0.0,OK,"Satz-Lohn 5416.65, QST 1035.00"
TF32,Armanini Laura,2025-12,MONTHLY,Statistik Grundlohn (GrossBaseSalaryAndRegularAllowance),5000.0,5000.0,0.0,OK,
TF32,Armanini Laura,2025-12,MONTHLY,Statistik Zulagen (Allowances),0.0,0.0,0.0,OK,
TF32,Armanini Laura,2025-12,MONTHLY,Statistik Familienzulagen (FamilyIncomeSupplement),0.0,0.0,0.0,OK,
TF32,Armanini Laura,2025-12,MONTHLY,Statistik Leistungen Dritter (PaymentsByThird),0.0,0.0,0.0,OK,
TF32,Armanini Laura,2025-12,MONTHLY,Statistik BVG-Beitrag AN (BVG-LPP-RegularContribution),-400.0,-400.0,0.0,OK,
TF32,Armanini Laura,2025-12,MONTHLY,QST steuerbarer Lohn BE A0Y (TaxableEarning),5000.0,5000.0,0.0,OK,"Satz-Lohn 5000.00, QST 547.50"
TF33,Châtelain Pierre,2025-12,MONTHLY,Statistik Grundlohn (GrossBaseSalaryAndRegularAllowance),5000.0,5000.0,0.0,OK,
TF33,Châtelain Pierre,2025-12,MONTHLY,Statistik Zulagen (Allowances),0.0,0.0,0.0,OK,
TF33,Châtelain Pierre,2025-12,MONTHLY,Statistik Familienzulagen (FamilyIncomeSupplement),250.0,250.0,0.0,OK,
TF33,Châtelain Pierre,2025-12,MONTHLY,Statistik Leistungen Dritter (PaymentsByThird),0.0,0.0,0.0,OK,
TF33,Châtelain Pierre,2025-12,MONTHLY,Statistik BVG-Beitrag AN (BVG-LPP-RegularContribution),-379.17,-379.17,0.0,OK,
TF33,Châtelain Pierre,2025-12,MONTHLY,QST steuerbarer Lohn BE B1Y (TaxableEarning),10250.0,10250.0,0.0,OK,"Satz-Lohn 10250.00, QST 1124.45"
TF34,Rinaldi Massimo,2025-12,MONTHLY,Statistik Grundlohn (GrossBaseSalaryAndRegularAllowance),5000.0,5000.0,0.0,OK,
TF34,Rinaldi Massimo,2025-12,MONTHLY,Statistik Zulagen (Allowances),0.0,0.0,0.0,OK,
TF34,Rinaldi Massimo,2025-12,MONTHLY,Statistik Familienzulagen (FamilyIncomeSupplement),215.0,215.0,0.0,OK,
TF34,Rinaldi Massimo,2025-12,MONTHLY,Statistik Leistungen Dritter (PaymentsByThird),0.0,0.0,0.0,OK,
TF34,Rinaldi Massimo,2025-12,MONTHLY,Statistik BVG-Beitrag AN (BVG-LPP-RegularContribution),0.0,-0.0,0.0,OK,
TF34,Rinaldi Massimo,2025-12,MONTHLY,QST steuerbarer Lohn TI B1N (TaxableEarning),10215.0,10215.0,0.0,OK,"Satz-Lohn 5577.90, QST 485.10"
TF35,Roos Roland,2025-12,MONTHLY,Statistik Grundlohn (GrossBaseSalaryAndRegularAllowance),5000.0,5000.0,0.0,OK,
TF35,Roos Roland,2025-12,MONTHLY,Statistik Zulagen (Allowances),0.0,0.0,0.0,OK,
TF35,Roos Roland,2025-12,MONTHLY,Statistik Familienzulagen (FamilyIncomeSupplement),250.0,250.0,0.0,OK,
TF35,Roos Roland,2025-12,MONTHLY,Statistik Leistungen Dritter (PaymentsByThird),0.0,0.0,0.0,OK,
TF35,Roos Roland,2025-12,MONTHLY,Statistik BVG-Beitrag AN (BVG-LPP-RegularContribution),-433.33,-433.33,0.0,OK,
TF35,Roos Roland,2025-12,MONTHLY,QST steuerbarer Lohn BE B1Y (TaxableEarning),10250.0,10250.0,0.0,OK,"Satz-Lohn 10250.00, QST 1124.45"
TF36,Maldini Fabio,2025-12,MONTHLY,Statistik Grundlohn (GrossBaseSalaryAndRegularAllowance),5000.0,5000.0,0.0,OK,
TF36,Maldini Fabio,2025-12,MONTHLY,Statistik Zulagen (Allowances),0.0,0.0,0.0,OK,
TF36,Maldini Fabio,2025-12,MONTHLY,Statistik Familienzulagen (FamilyIncomeSupplement),215.0,215.0,0.0,OK,
TF36,Maldini Fabio,2025-12,MONTHLY,Statistik Leistungen Dritter (PaymentsByThird),0.0,0.0,0.0,OK,
TF36,Maldini Fabio,2025-12,MONTHLY,Statistik BVG-Beitrag AN (BVG-LPP-RegularContribution),-379.17,-379.17,0.0,OK,
TF36,Maldini Fabio,2025-12,MONTHLY,QST steuerbarer Lohn TI T1N (TaxableEarning),10215.0,10215.0,0.0,OK,"Satz-Lohn 6411.25, QST 993.00"
TF38,Jung Claude,2025-12,MONTHLY,Statistik Grundlohn (GrossBaseSalaryAndRegularAllowance),8500.0,3000.0,5500.0,DIFF,
TF38,Jung Claude,2025-12,MONTHLY,Statistik Zulagen (Allowances),0.0,0.0,0.0,OK,
TF38,Jung Claude,2025-12,MONTHLY,Statistik Familienzulagen (FamilyIncomeSupplement),0.0,0.0,0.0,OK,
TF38,Jung Claude,2025-12,MONTHLY,Statistik Leistungen Dritter (PaymentsByThird),0.0,0.0,0.0,OK,
TF38,Jung Claude,2025-12,MONTHLY,Statistik BVG-Beitrag AN (BVG-LPP-RegularContribution),-393.33,-393.33,0.0,OK,
TF38,Jung Claude,2025-12,MONTHLY,QST steuerbarer Lohn BE None (TaxableEarning),11500.0,11500.0,0.0,OK,"Satz-Lohn 11500.00, QST 0.00"
TF39,Hasler Harald,2025-12,MONTHLY,Statistik Grundlohn (GrossBaseSalaryAndRegularAllowance),0.0,0.0,0.0,OK,
TF39,Hasler Harald,2025-12,MONTHLY,Statistik Zulagen (Allowances),0.0,0.0,0.0,OK,
TF39,Hasler Harald,2025-12,MONTHLY,Statistik Familienzulagen (FamilyIncomeSupplement),0.0,0.0,0.0,OK,
TF39,Hasler Harald,2025-12,MONTHLY,Statistik Leistungen Dritter (PaymentsByThird),0.0,0.0,0.0,OK,
TF39,Hasler Harald,2025-12,MONTHLY,Statistik BVG-Beitrag AN (BVG-LPP-RegularContribution),0.0,-0.0,0.0,OK,
TF39,Hasler Harald,2025-12,MONTHLY,QST steuerbarer Lohn BE None (TaxableEarning),0.0,0.0,0.0,OK,"Satz-Lohn 0.00, QST 0.00"
TF40,Farine Corinne,2025-12,MONTHLY,Statistik Grundlohn (GrossBaseSalaryAndRegularAllowance),4000.0,4000.0,0.0,OK,
TF40,Farine Corinne,2025-12,MONTHLY,Statistik Zulagen (Allowances),30500.0,0.0,30500.0,DIFF,
TF40,Farine Corinne,2025-12,MONTHLY,Statistik Familienzulagen (FamilyIncomeSupplement),322.0,322.0,0.0,OK,
TF40,Farine Corinne,2025-12,MONTHLY,Statistik Leistungen Dritter (PaymentsByThird),0.0,0.0,0.0,OK,
TF40,Farine Corinne,2025-12,MONTHLY,Statistik BVG-Beitrag AN (BVG-LPP-RegularContribution),-460.0,-460.0,0.0,OK,
TF40,Farine Corinne,2025-12,MONTHLY,QST steuerbarer Lohn VD A2N (TaxableEarning),42805.35,42805.35,0.0,OK,"Satz-Lohn 20792.85, QST 9592.35"
TF42,Peters Otto,2025-12,MONTHLY,Statistik Grundlohn (GrossBaseSalaryAndRegularAllowance),3333.35,6666.65,-3333.3,DIFF,
TF42,Peters Otto,2025-12,MONTHLY,Statistik Zulagen (Allowances),0.0,0.0,0.0,OK,
TF42,Peters Otto,2025-12,MONTHLY,Statistik Familienzulagen (FamilyIncomeSupplement),0.0,0.0,0.0,OK,
TF42,Peters Otto,2025-12,MONTHLY,Statistik Leistungen Dritter (PaymentsByThird),0.0,0.0,0.0,OK,
TF42,Peters Otto,2025-12,MONTHLY,Statistik BVG-Beitrag AN (BVG-LPP-RegularContribution),-466.67,-466.67,0.0,OK,
TF42,Peters Otto,2025-12,MONTHLY,QST steuerbarer Lohn TI A0N (TaxableEarning),2666.7,3333.35,-666.65,DIFF,"Satz-Lohn 6666.65, QST 298.65"
TF43,Ochsenbein Lea,2025-12,MONTHLY,Statistik Grundlohn (GrossBaseSalaryAndRegularAllowance),3333.35,6666.65,-3333.3,DIFF,
TF43,Ochsenbein Lea,2025-12,MONTHLY,Statistik Zulagen (Allowances),0.0,0.0,0.0,OK,
TF43,Ochsenbein Lea,2025-12,MONTHLY,Statistik Familienzulagen (FamilyIncomeSupplement),0.0,0.0,0.0,OK,
TF43,Ochsenbein Lea,2025-12,MONTHLY,Statistik Leistungen Dritter (PaymentsByThird),0.0,0.0,0.0,OK,
TF43,Ochsenbein Lea,2025-12,MONTHLY,Statistik BVG-Beitrag AN (BVG-LPP-RegularContribution),-533.33,-533.33,0.0,OK,
TF43,Ochsenbein Lea,2025-12,MONTHLY,QST steuerbarer Lohn BE A0Y (TaxableEarning),2666.7,3333.35,-666.65,DIFF,"Satz-Lohn 6666.70, QST 356.00"
TF44,Lusser Hans,2025-12,MONTHLY,Statistik Grundlohn (GrossBaseSalaryAndRegularAllowance),1500.0,1500.0,0.0,OK,
TF44,Lusser Hans,2025-12,MONTHLY,Statistik Zulagen (Allowances),0.0,0.0,0.0,OK,
TF44,Lusser Hans,2025-12,MONTHLY,Statistik Familienzulagen (FamilyIncomeSupplement),0.0,0.0,0.0,OK,
TF44,Lusser Hans,2025-12,MONTHLY,Statistik Leistungen Dritter (PaymentsByThird),0.0,0.0,0.0,OK,
TF44,Lusser Hans,2025-12,MONTHLY,Statistik BVG-Beitrag AN (BVG-LPP-RegularContribution),0.0,-0.0,0.0,OK,
TF10,Ganz Heinz,2025-12,MONTHLY,Person fehlt im XML,0.0,14600.0,-14600.0,DIFF,"CSV hat Lohn im Monat, MONTHLY ohne Person"
TF02,Paganini Maria,2026-01,RETRO,FAK-Basis (FAK-CAF-ContributorySalary),3925.2,5325.2,-1400.0,DIFF,
TF02,Paganini Maria,2026-01,RETRO,FAK Kinderzulagen wiederkehrend (3000),215.0,215.0,0.0,OK,
TF02,Paganini Maria,2026-01,RETRO,FAK Zulagen einmalig (3001+3034),0.0,0.0,0.0,OK,
TF02,Paganini Maria,2026-01,RETRO,UVG-Bruttolohn (UVG-LAA-GrossSalary),5540.2,5540.2,0.0,OK,
TF02,Paganini Maria,2026-01,RETRO,UVG-Basis (UVG-LAA-BaseSalary),5325.2,5325.2,0.0,OK,
TF02,Paganini Maria,2026-01,RETRO,UVGZ-Basis (UVGZ-LAAC-BaseSalary),5325.2,5325.2,0.0,OK,
TF02,Paganini Maria,2026-01,RETRO,KTG-Referenzlohn (Reference-AHV-AVS-Salary),5325.2,5325.2,0.0,OK,
TF02,Paganini Maria,2026-01,RETRO,"Lohnausweis Bruttolohn (GrossIncome, Ziff. 8)",5540.2,5540.2,0.0,OK,
TF02,Paganini Maria,2026-01,RETRO,Lohnausweis BVG ordentlich (Ziff. 10.1 = 5050+1972),0.0,0.0,0.0,OK,
TF08,Lamon René,2026-01,RETRO,AHV-Basis (AHV-AVS-BaseSalary),20000.0,20000.0,0.0,OK,
TF08,Lamon René,2026-01,RETRO,FAK-Basis (FAK-CAF-ContributorySalary),20000.0,20000.0,0.0,OK,
TF08,Lamon René,2026-01,RETRO,FAK Kinderzulagen wiederkehrend (3000),0.0,0.0,0.0,OK,
TF08,Lamon René,2026-01,RETRO,FAK Zulagen einmalig (3001+3034),0.0,0.0,0.0,OK,
TF08,Lamon René,2026-01,RETRO,UVG-Bruttolohn (UVG-LAA-GrossSalary),20000.0,20000.0,0.0,OK,
TF08,Lamon René,2026-01,RETRO,UVG-Basis (UVG-LAA-BaseSalary),20000.0,20000.0,0.0,OK,
TF08,Lamon René,2026-01,RETRO,UVGZ-Basis (UVGZ-LAAC-BaseSalary),20000.0,20000.0,0.0,OK,
TF08,Lamon René,2026-01,RETRO,KTG-Referenzlohn (Reference-AHV-AVS-Salary),20000.0,20000.0,0.0,OK,
TF08,Lamon René,2026-01,RETRO,"Lohnausweis Bruttolohn (GrossIncome, Ziff. 8)",20000.0,20000.0,0.0,OK,
TF08,Lamon René,2026-01,RETRO,Lohnausweis BVG ordentlich (Ziff. 10.1 = 5050+1972),0.0,0.0,0.0,OK,
TF11,Bosshard Peter,2026-01,RETRO,AHV-Basis (AHV-AVS-BaseSalary),31950.0,31950.0,0.0,OK,
TF11,Bosshard Peter,2026-01,RETRO,FAK-Basis (FAK-CAF-ContributorySalary),31950.0,31950.0,0.0,OK,
TF11,Bosshard Peter,2026-01,RETRO,FAK Kinderzulagen wiederkehrend (3000),215.0,215.0,0.0,OK,
TF11,Bosshard Peter,2026-01,RETRO,FAK Zulagen einmalig (3001+3034),0.0,0.0,0.0,OK,
TF11,Bosshard Peter,2026-01,RETRO,UVG-Bruttolohn (UVG-LAA-GrossSalary),32165.0,32165.0,0.0,OK,
TF11,Bosshard Peter,2026-01,RETRO,UVG-Basis (UVG-LAA-BaseSalary),31950.0,31950.0,0.0,OK,
TF11,Bosshard Peter,2026-01,RETRO,UVGZ-Basis (UVGZ-LAAC-BaseSalary),63900.0,31950.0,31950.0,DIFF,
TF11,Bosshard Peter,2026-01,RETRO,KTG-Referenzlohn (Reference-AHV-AVS-Salary),63900.0,31950.0,31950.0,DIFF,
TF11,Bosshard Peter,2026-01,RETRO,"Lohnausweis Bruttolohn (GrossIncome, Ziff. 8)",32165.0,32165.0,0.0,OK,
TF11,Bosshard Peter,2026-01,RETRO,Lohnausweis BVG ordentlich (Ziff. 10.1 = 5050+1972),2644.85,2644.83,0.02,OK,
TF13,Combertaldi Renato,2026-01,RETRO,AHV-Basis (AHV-AVS-BaseSalary),2200.0,2200.0,0.0,OK,
TF13,Combertaldi Renato,2026-01,RETRO,FAK-Basis (FAK-CAF-ContributorySalary),2200.0,2200.0,0.0,OK,
TF13,Combertaldi Renato,2026-01,RETRO,FAK Kinderzulagen wiederkehrend (3000),215.0,215.0,0.0,OK,
TF13,Combertaldi Renato,2026-01,RETRO,FAK Zulagen einmalig (3001+3034),0.0,0.0,0.0,OK,
TF13,Combertaldi Renato,2026-01,RETRO,UVG-Bruttolohn (UVG-LAA-GrossSalary),2415.0,2415.0,0.0,OK,
TF13,Combertaldi Renato,2026-01,RETRO,UVG-Basis (UVG-LAA-BaseSalary),2200.0,2200.0,0.0,OK,
TF13,Combertaldi Renato,2026-01,RETRO,UVGZ-Basis (UVGZ-LAAC-BaseSalary),2200.0,2200.0,0.0,OK,
TF13,Combertaldi Renato,2026-01,RETRO,KTG-Referenzlohn (Reference-AHV-AVS-Salary),2200.0,2200.0,0.0,OK,
TF13,Combertaldi Renato,2026-01,RETRO,"Lohnausweis Bruttolohn (GrossIncome, Ziff. 8)",2415.0,2415.0,0.0,OK,
TF13,Combertaldi Renato,2026-01,RETRO,Lohnausweis BVG ordentlich (Ziff. 10.1 = 5050+1972),154.0,154.0,0.0,OK,
TF14,Egli Anna,2026-01,RETRO,UVG-Bruttolohn (UVG-LAA-GrossSalary),2500.0,2500.0,0.0,OK,
TF14,Egli Anna,2026-01,RETRO,UVG-Basis (UVG-LAA-BaseSalary),2500.0,2500.0,0.0,OK,
TF14,Egli Anna,2026-01,RETRO,UVGZ-Basis (UVGZ-LAAC-BaseSalary),2500.0,2500.0,0.0,OK,
TF14,Egli Anna,2026-01,RETRO,KTG-Referenzlohn (Reference-AHV-AVS-Salary),2500.0,2500.0,0.0,OK,
TF14,Egli Anna,2026-01,RETRO,"Lohnausweis Bruttolohn (GrossIncome, Ziff. 8)",2500.0,2500.0,0.0,OK,
TF14,Egli Anna,2026-01,RETRO,Lohnausweis BVG ordentlich (Ziff. 10.1 = 5050+1972),0.0,0.0,0.0,OK,
TF18,Blanc Pierre,2026-01,RETRO,AHV-Basis (AHV-AVS-BaseSalary),1376.05,1376.05,0.0,OK,
TF18,Blanc Pierre,2026-01,RETRO,FAK-Basis (FAK-CAF-ContributorySalary),1376.05,1376.05,0.0,OK,
TF18,Blanc Pierre,2026-01,RETRO,FAK Kinderzulagen wiederkehrend (3000),0.0,0.0,0.0,OK,
TF18,Blanc Pierre,2026-01,RETRO,FAK Zulagen einmalig (3001+3034),0.0,0.0,0.0,OK,
TF18,Blanc Pierre,2026-01,RETRO,UVG-Bruttolohn (UVG-LAA-GrossSalary),1376.05,1376.05,0.0,OK,
TF18,Blanc Pierre,2026-01,RETRO,UVG-Basis (UVG-LAA-BaseSalary),1376.05,1376.05,0.0,OK,
TF18,Blanc Pierre,2026-01,RETRO,UVGZ-Basis (UVGZ-LAAC-BaseSalary),1376.05,1376.05,0.0,OK,
TF18,Blanc Pierre,2026-01,RETRO,KTG-Referenzlohn (Reference-AHV-AVS-Salary),1376.05,1376.05,0.0,OK,
TF18,Blanc Pierre,2026-01,RETRO,"Lohnausweis Bruttolohn (GrossIncome, Ziff. 8)",1376.05,1376.05,0.0,OK,
TF18,Blanc Pierre,2026-01,RETRO,Lohnausweis BVG ordentlich (Ziff. 10.1 = 5050+1972),89.2,89.18,0.02,OK,
TF22,Bucher Elisabeth,2026-01,RETRO,AHV-Basis (AHV-AVS-BaseSalary),1572.6,1572.6,0.0,OK,
TF22,Bucher Elisabeth,2026-01,RETRO,FAK-Basis (FAK-CAF-ContributorySalary),1572.6,1572.6,0.0,OK,
TF22,Bucher Elisabeth,2026-01,RETRO,FAK Kinderzulagen wiederkehrend (3000),0.0,0.0,0.0,OK,
TF22,Bucher Elisabeth,2026-01,RETRO,FAK Zulagen einmalig (3001+3034),0.0,0.0,0.0,OK,
TF22,Bucher Elisabeth,2026-01,RETRO,UVG-Bruttolohn (UVG-LAA-GrossSalary),1572.6,1572.6,0.0,OK,
TF22,Bucher Elisabeth,2026-01,RETRO,UVG-Basis (UVG-LAA-BaseSalary),1572.6,1572.6,0.0,OK,
TF22,Bucher Elisabeth,2026-01,RETRO,UVGZ-Basis (UVGZ-LAAC-BaseSalary),1572.6,1572.6,0.0,OK,
TF22,Bucher Elisabeth,2026-01,RETRO,KTG-Referenzlohn (Reference-AHV-AVS-Salary),1572.6,1572.6,0.0,OK,
TF22,Bucher Elisabeth,2026-01,RETRO,"Lohnausweis Bruttolohn (GrossIncome, Ziff. 8)",1572.6,1572.6,0.0,OK,
TF22,Bucher Elisabeth,2026-01,RETRO,Lohnausweis BVG ordentlich (Ziff. 10.1 = 5050+1972),311.9,311.9,0.0,OK,
TF27,Rast Eva,2026-01,RETRO,AHV-Basis (AHV-AVS-BaseSalary),10000.0,10000.0,0.0,OK,
TF27,Rast Eva,2026-01,RETRO,FAK-Basis (FAK-CAF-ContributorySalary),10000.0,10000.0,0.0,OK,
TF27,Rast Eva,2026-01,RETRO,FAK Kinderzulagen wiederkehrend (3000),0.0,0.0,0.0,OK,
TF27,Rast Eva,2026-01,RETRO,FAK Zulagen einmalig (3001+3034),0.0,0.0,0.0,OK,
TF27,Rast Eva,2026-01,RETRO,UVG-Bruttolohn (UVG-LAA-GrossSalary),10000.0,10000.0,0.0,OK,
TF27,Rast Eva,2026-01,RETRO,UVG-Basis (UVG-LAA-BaseSalary),10000.0,10000.0,0.0,OK,
TF27,Rast Eva,2026-01,RETRO,UVGZ-Basis (UVGZ-LAAC-BaseSalary),10000.0,10000.0,0.0,OK,
TF27,Rast Eva,2026-01,RETRO,KTG-Referenzlohn (Reference-AHV-AVS-Salary),10000.0,10000.0,0.0,OK,
TF27,Rast Eva,2026-01,RETRO,"Lohnausweis Bruttolohn (GrossIncome, Ziff. 8)",10000.0,10000.0,0.0,OK,
TF27,Rast Eva,2026-01,RETRO,Lohnausweis BVG ordentlich (Ziff. 10.1 = 5050+1972),800.0,800.0,0.0,OK,
TF28,Arbenz Esther,2026-01,RETRO,AHV-Basis (AHV-AVS-BaseSalary),5000.0,5000.0,0.0,OK,
TF28,Arbenz Esther,2026-01,RETRO,FAK-Basis (FAK-CAF-ContributorySalary),5000.0,5000.0,0.0,OK,
TF28,Arbenz Esther,2026-01,RETRO,FAK Kinderzulagen wiederkehrend (3000),0.0,0.0,0.0,OK,
TF28,Arbenz Esther,2026-01,RETRO,FAK Zulagen einmalig (3001+3034),0.0,0.0,0.0,OK,
TF28,Arbenz Esther,2026-01,RETRO,UVG-Bruttolohn (UVG-LAA-GrossSalary),5000.0,5000.0,0.0,OK,
TF28,Arbenz Esther,2026-01,RETRO,UVG-Basis (UVG-LAA-BaseSalary),5000.0,5000.0,0.0,OK,
TF28,Arbenz Esther,2026-01,RETRO,UVGZ-Basis (UVGZ-LAAC-BaseSalary),5000.0,5000.0,0.0,OK,
TF28,Arbenz Esther,2026-01,RETRO,KTG-Referenzlohn (Reference-AHV-AVS-Salary),5000.0,5000.0,0.0,OK,
TF28,Arbenz Esther,2026-01,RETRO,"Lohnausweis Bruttolohn (GrossIncome, Ziff. 8)",5000.0,5000.0,0.0,OK,
TF28,Arbenz Esther,2026-01,RETRO,Lohnausweis BVG ordentlich (Ziff. 10.1 = 5050+1972),0.0,0.0,0.0,OK,
TF29,Forster Moreno,2026-01,RETRO,AHV-Basis (AHV-AVS-BaseSalary),7000.0,7000.0,0.0,OK,
TF29,Forster Moreno,2026-01,RETRO,FAK-Basis (FAK-CAF-ContributorySalary),7000.0,7000.0,0.0,OK,
TF29,Forster Moreno,2026-01,RETRO,FAK Kinderzulagen wiederkehrend (3000),0.0,0.0,0.0,OK,
TF29,Forster Moreno,2026-01,RETRO,FAK Zulagen einmalig (3001+3034),0.0,0.0,0.0,OK,
TF29,Forster Moreno,2026-01,RETRO,UVG-Bruttolohn (UVG-LAA-GrossSalary),7000.0,7000.0,0.0,OK,
TF29,Forster Moreno,2026-01,RETRO,UVG-Basis (UVG-LAA-BaseSalary),7000.0,7000.0,0.0,OK,
TF29,Forster Moreno,2026-01,RETRO,UVGZ-Basis (UVGZ-LAAC-BaseSalary),7000.0,7000.0,0.0,OK,
TF29,Forster Moreno,2026-01,RETRO,KTG-Referenzlohn (Reference-AHV-AVS-Salary),7000.0,7000.0,0.0,OK,
TF29,Forster Moreno,2026-01,RETRO,"Lohnausweis Bruttolohn (GrossIncome, Ziff. 8)",7000.0,7000.0,0.0,OK,
TF29,Forster Moreno,2026-01,RETRO,Lohnausweis BVG ordentlich (Ziff. 10.1 = 5050+1972),0.0,0.0,0.0,OK,
TF32,Armanini Laura,2026-01,RETRO,AHV-Basis (AHV-AVS-BaseSalary),5000.0,5000.0,0.0,OK,
TF32,Armanini Laura,2026-01,RETRO,FAK-Basis (FAK-CAF-ContributorySalary),5000.0,5000.0,0.0,OK,
TF32,Armanini Laura,2026-01,RETRO,FAK Kinderzulagen wiederkehrend (3000),0.0,0.0,0.0,OK,
TF32,Armanini Laura,2026-01,RETRO,FAK Zulagen einmalig (3001+3034),0.0,0.0,0.0,OK,
TF32,Armanini Laura,2026-01,RETRO,UVG-Bruttolohn (UVG-LAA-GrossSalary),5000.0,5000.0,0.0,OK,
TF32,Armanini Laura,2026-01,RETRO,UVG-Basis (UVG-LAA-BaseSalary),5000.0,5000.0,0.0,OK,
TF32,Armanini Laura,2026-01,RETRO,UVGZ-Basis (UVGZ-LAAC-BaseSalary),5000.0,5000.0,0.0,OK,
TF32,Armanini Laura,2026-01,RETRO,KTG-Referenzlohn (Reference-AHV-AVS-Salary),5000.0,5000.0,0.0,OK,
TF32,Armanini Laura,2026-01,RETRO,"Lohnausweis Bruttolohn (GrossIncome, Ziff. 8)",5000.0,5000.0,0.0,OK,
TF32,Armanini Laura,2026-01,RETRO,Lohnausweis BVG ordentlich (Ziff. 10.1 = 5050+1972),400.0,400.0,0.0,OK,
TF40,Farine Corinne,2026-01,RETRO,AHV-Basis (AHV-AVS-BaseSalary),4000.0,4000.0,0.0,OK,
TF40,Farine Corinne,2026-01,RETRO,FAK-Basis (FAK-CAF-ContributorySalary),4000.0,4000.0,0.0,OK,
TF40,Farine Corinne,2026-01,RETRO,FAK Kinderzulagen wiederkehrend (3000),322.0,322.0,0.0,OK,
TF40,Farine Corinne,2026-01,RETRO,FAK Zulagen einmalig (3001+3034),0.0,0.0,0.0,OK,
TF40,Farine Corinne,2026-01,RETRO,UVG-Bruttolohn (UVG-LAA-GrossSalary),4322.0,4322.0,0.0,OK,
TF40,Farine Corinne,2026-01,RETRO,UVG-Basis (UVG-LAA-BaseSalary),4000.0,4000.0,0.0,OK,
TF40,Farine Corinne,2026-01,RETRO,UVGZ-Basis (UVGZ-LAAC-BaseSalary),4000.0,4000.0,0.0,OK,
TF40,Farine Corinne,2026-01,RETRO,KTG-Referenzlohn (Reference-AHV-AVS-Salary),4000.0,4000.0,0.0,OK,
TF40,Farine Corinne,2026-01,RETRO,"Lohnausweis Bruttolohn (GrossIncome, Ziff. 8)",4322.0,4322.0,0.0,OK,
TF40,Farine Corinne,2026-01,RETRO,Lohnausweis BVG ordentlich (Ziff. 10.1 = 5050+1972),460.0,460.0,0.0,OK,
TF02,Paganini Maria,2026-01,MONTHLY,Statistik Grundlohn (GrossBaseSalaryAndRegularAllowance),4915.7,4915.7,0.0,OK,
TF02,Paganini Maria,2026-01,MONTHLY,Statistik Zulagen (Allowances),0.0,0.0,0.0,OK,
TF02,Paganini Maria,2026-01,MONTHLY,Statistik Familienzulagen (FamilyIncomeSupplement),215.0,215.0,0.0,OK,
TF02,Paganini Maria,2026-01,MONTHLY,Statistik Leistungen Dritter (PaymentsByThird),0.0,0.0,0.0,OK,
TF02,Paganini Maria,2026-01,MONTHLY,Statistik BVG-Beitrag AN (BVG-LPP-RegularContribution),0.0,-0.0,0.0,OK,
TF11,Bosshard Peter,2026-01,MONTHLY,Statistik Grundlohn (GrossBaseSalaryAndRegularAllowance),30500.0,31950.0,-1450.0,DIFF,
TF11,Bosshard Peter,2026-01,MONTHLY,Statistik Zulagen (Allowances),0.0,0.0,0.0,OK,
TF11,Bosshard Peter,2026-01,MONTHLY,Statistik Familienzulagen (FamilyIncomeSupplement),215.0,215.0,0.0,OK,
TF11,Bosshard Peter,2026-01,MONTHLY,Statistik Leistungen Dritter (PaymentsByThird),0.0,0.0,0.0,OK,
TF11,Bosshard Peter,2026-01,MONTHLY,Statistik BVG-Beitrag AN (BVG-LPP-RegularContribution),-2644.83,-2644.83,0.0,OK,
TF13,Combertaldi Renato,2026-01,MONTHLY,Statistik Grundlohn (GrossBaseSalaryAndRegularAllowance),2200.0,2200.0,0.0,OK,
TF13,Combertaldi Renato,2026-01,MONTHLY,Statistik Zulagen (Allowances),0.0,0.0,0.0,OK,
TF13,Combertaldi Renato,2026-01,MONTHLY,Statistik Familienzulagen (FamilyIncomeSupplement),215.0,215.0,0.0,OK,
TF13,Combertaldi Renato,2026-01,MONTHLY,Statistik Leistungen Dritter (PaymentsByThird),0.0,0.0,0.0,OK,
TF13,Combertaldi Renato,2026-01,MONTHLY,Statistik BVG-Beitrag AN (BVG-LPP-RegularContribution),-154.0,-154.0,0.0,OK,
TF14,Egli Anna,2026-01,MONTHLY,Statistik Grundlohn (GrossBaseSalaryAndRegularAllowance),2500.0,2500.0,0.0,OK,
TF14,Egli Anna,2026-01,MONTHLY,Statistik Zulagen (Allowances),0.0,0.0,0.0,OK,
TF14,Egli Anna,2026-01,MONTHLY,Statistik Familienzulagen (FamilyIncomeSupplement),0.0,0.0,0.0,OK,
TF14,Egli Anna,2026-01,MONTHLY,Statistik Leistungen Dritter (PaymentsByThird),0.0,0.0,0.0,OK,
TF14,Egli Anna,2026-01,MONTHLY,Statistik BVG-Beitrag AN (BVG-LPP-RegularContribution),0.0,-0.0,0.0,OK,
TF18,Blanc Pierre,2026-01,MONTHLY,Statistik Grundlohn (GrossBaseSalaryAndRegularAllowance),1376.05,1376.05,0.0,OK,
TF18,Blanc Pierre,2026-01,MONTHLY,Statistik Zulagen (Allowances),0.0,0.0,0.0,OK,
TF18,Blanc Pierre,2026-01,MONTHLY,Statistik Familienzulagen (FamilyIncomeSupplement),0.0,0.0,0.0,OK,
TF18,Blanc Pierre,2026-01,MONTHLY,Statistik Leistungen Dritter (PaymentsByThird),0.0,0.0,0.0,OK,
TF18,Blanc Pierre,2026-01,MONTHLY,Statistik BVG-Beitrag AN (BVG-LPP-RegularContribution),-89.18,-89.18,0.0,OK,
TF18,Blanc Pierre,2026-01,MONTHLY,QST steuerbarer Lohn BE B0Y (TaxableEarning),1376.05,1376.05,0.0,OK,"Satz-Lohn 5669.35, QST 114.05"
TF22,Bucher Elisabeth,2026-01,MONTHLY,Statistik Grundlohn (GrossBaseSalaryAndRegularAllowance),1572.6,1572.6,0.0,OK,
TF22,Bucher Elisabeth,2026-01,MONTHLY,Statistik Zulagen (Allowances),0.0,0.0,0.0,OK,
TF22,Bucher Elisabeth,2026-01,MONTHLY,Statistik Familienzulagen (FamilyIncomeSupplement),0.0,0.0,0.0,OK,
TF22,Bucher Elisabeth,2026-01,MONTHLY,Statistik Leistungen Dritter (PaymentsByThird),0.0,0.0,0.0,OK,
TF22,Bucher Elisabeth,2026-01,MONTHLY,Statistik BVG-Beitrag AN (BVG-LPP-RegularContribution),-311.9,-311.9,0.0,OK,
TF22,Bucher Elisabeth,2026-01,MONTHLY,QST steuerbarer Lohn TI C0N (TaxableEarning),1572.6,1572.6,0.0,OK,"Satz-Lohn 1572.60, QST 3.15"
TF27,Rast Eva,2026-01,MONTHLY,Statistik Grundlohn (GrossBaseSalaryAndRegularAllowance),10000.0,10000.0,0.0,OK,
TF27,Rast Eva,2026-01,MONTHLY,Statistik Zulagen (Allowances),0.0,0.0,0.0,OK,
TF27,Rast Eva,2026-01,MONTHLY,Statistik Familienzulagen (FamilyIncomeSupplement),0.0,0.0,0.0,OK,
TF27,Rast Eva,2026-01,MONTHLY,Statistik Leistungen Dritter (PaymentsByThird),0.0,0.0,0.0,OK,
TF27,Rast Eva,2026-01,MONTHLY,Statistik BVG-Beitrag AN (BVG-LPP-RegularContribution),-800.0,-800.0,0.0,OK,
TF27,Rast Eva,2026-01,MONTHLY,QST steuerbarer Lohn BE L0N (TaxableEarning),10000.0,10000.0,0.0,OK,"Satz-Lohn 10000.00, QST 450.00"
TF32,Armanini Laura,2026-01,MONTHLY,Statistik Grundlohn (GrossBaseSalaryAndRegularAllowance),5000.0,5000.0,0.0,OK,
TF32,Armanini Laura,2026-01,MONTHLY,Statistik Zulagen (Allowances),0.0,0.0,0.0,OK,
TF32,Armanini Laura,2026-01,MONTHLY,Statistik Familienzulagen (FamilyIncomeSupplement),0.0,0.0,0.0,OK,
TF32,Armanini Laura,2026-01,MONTHLY,Statistik Leistungen Dritter (PaymentsByThird),0.0,0.0,0.0,OK,
TF32,Armanini Laura,2026-01,MONTHLY,Statistik BVG-Beitrag AN (BVG-LPP-RegularContribution),-400.0,-400.0,0.0,OK,
TF32,Armanini Laura,2026-01,MONTHLY,QST steuerbarer Lohn BE B0Y (TaxableEarning),5000.0,5000.0,0.0,OK,"Satz-Lohn 5000.00, QST 346.00"
TF40,Farine Corinne,2026-01,MONTHLY,Statistik Grundlohn (GrossBaseSalaryAndRegularAllowance),4000.0,4000.0,0.0,OK,
TF40,Farine Corinne,2026-01,MONTHLY,Statistik Zulagen (Allowances),0.0,0.0,0.0,OK,
TF40,Farine Corinne,2026-01,MONTHLY,Statistik Familienzulagen (FamilyIncomeSupplement),322.0,322.0,0.0,OK,
TF40,Farine Corinne,2026-01,MONTHLY,Statistik Leistungen Dritter (PaymentsByThird),0.0,0.0,0.0,OK,
TF40,Farine Corinne,2026-01,MONTHLY,Statistik BVG-Beitrag AN (BVG-LPP-RegularContribution),-460.0,-460.0,0.0,OK,
TF40,Farine Corinne,2026-01,MONTHLY,QST steuerbarer Lohn VD A2N (TaxableEarning),4322.0,4322.0,0.0,OK,"Satz-Lohn 4322.00, QST 32.40"
TF08,Lamon René,2026-01,MONTHLY,Person fehlt im XML,0.0,20000.0,-20000.0,DIFF,"CSV hat Lohn im Monat, MONTHLY ohne Person"
TF02,Paganini Maria,2026-02,RETRO,FAK-Basis (FAK-CAF-ContributorySalary),4427.05,7227.05,-2800.0,DIFF,
TF02,Paganini Maria,2026-02,RETRO,FAK Kinderzulagen wiederkehrend (3000),430.0,430.0,0.0,OK,
TF02,Paganini Maria,2026-02,RETRO,FAK Zulagen einmalig (3001+3034),0.0,0.0,0.0,OK,
TF02,Paganini Maria,2026-02,RETRO,UVG-Bruttolohn (UVG-LAA-GrossSalary),7657.05,7657.05,0.0,OK,
TF02,Paganini Maria,2026-02,RETRO,UVG-Basis (UVG-LAA-BaseSalary),7227.05,7227.05,0.0,OK,
TF02,Paganini Maria,2026-02,RETRO,UVGZ-Basis (UVGZ-LAAC-BaseSalary),7227.05,7227.05,0.0,OK,
TF02,Paganini Maria,2026-02,RETRO,KTG-Referenzlohn (Reference-AHV-AVS-Salary),7227.05,7227.05,0.0,OK,
TF02,Paganini Maria,2026-02,RETRO,"Lohnausweis Bruttolohn (GrossIncome, Ziff. 8)",7657.05,7657.05,0.0,OK,
TF02,Paganini Maria,2026-02,RETRO,Lohnausweis BVG ordentlich (Ziff. 10.1 = 5050+1972),0.0,0.0,0.0,OK,
TF04,Fankhauser Markus,2026-02,RETRO,AHV-Basis (AHV-AVS-BaseSalary),40000.0,40000.0,0.0,OK,
TF04,Fankhauser Markus,2026-02,RETRO,FAK-Basis (FAK-CAF-ContributorySalary),40000.0,40000.0,0.0,OK,
TF04,Fankhauser Markus,2026-02,RETRO,FAK Kinderzulagen wiederkehrend (3000),0.0,0.0,0.0,OK,
TF04,Fankhauser Markus,2026-02,RETRO,FAK Zulagen einmalig (3001+3034),0.0,0.0,0.0,OK,
TF04,Fankhauser Markus,2026-02,RETRO,UVG-Bruttolohn (UVG-LAA-GrossSalary),40000.0,40000.0,0.0,OK,
TF04,Fankhauser Markus,2026-02,RETRO,UVG-Basis (UVG-LAA-BaseSalary),40000.0,40000.0,0.0,OK,
TF04,Fankhauser Markus,2026-02,RETRO,UVGZ-Basis (UVGZ-LAAC-BaseSalary),40000.0,40000.0,0.0,OK,
TF04,Fankhauser Markus,2026-02,RETRO,KTG-Referenzlohn (Reference-AHV-AVS-Salary),40000.0,40000.0,0.0,OK,
TF04,Fankhauser Markus,2026-02,RETRO,"Lohnausweis Bruttolohn (GrossIncome, Ziff. 8)",40000.0,40000.0,0.0,OK,
TF04,Fankhauser Markus,2026-02,RETRO,Lohnausweis BVG ordentlich (Ziff. 10.1 = 5050+1972),0.0,0.0,0.0,OK,
TF05,Moser Johann,2026-02,RETRO,FAK-Basis (FAK-CAF-ContributorySalary),-950.0,-4000.0,3050.0,DIFF,
TF05,Moser Johann,2026-02,RETRO,FAK Kinderzulagen wiederkehrend (3000),0.0,0.0,0.0,OK,
TF05,Moser Johann,2026-02,RETRO,FAK Zulagen einmalig (3001+3034),0.0,0.0,0.0,OK,
TF05,Moser Johann,2026-02,RETRO,UVG-Bruttolohn (UVG-LAA-GrossSalary),6000.0,6000.0,0.0,OK,
TF05,Moser Johann,2026-02,RETRO,UVG-Basis (UVG-LAA-BaseSalary),-4000.0,-4000.0,0.0,OK,
TF05,Moser Johann,2026-02,RETRO,UVGZ-Basis (UVGZ-LAAC-BaseSalary),-4000.0,-4000.0,0.0,OK,
TF05,Moser Johann,2026-02,RETRO,KTG-Referenzlohn (Reference-AHV-AVS-Salary),-4000.0,-4000.0,0.0,OK,
TF05,Moser Johann,2026-02,RETRO,"Lohnausweis Bruttolohn (GrossIncome, Ziff. 8)",6000.0,6000.0,0.0,OK,
TF05,Moser Johann,2026-02,RETRO,Lohnausweis BVG ordentlich (Ziff. 10.1 = 5050+1972),0.0,0.0,0.0,OK,
TF06,Zahnd Anita,2026-02,RETRO,AHV-Basis (AHV-AVS-BaseSalary),-15200.0,-15200.0,0.0,OK,
TF06,Zahnd Anita,2026-02,RETRO,FAK-Basis (FAK-CAF-ContributorySalary),-15200.0,-15200.0,0.0,OK,
TF06,Zahnd Anita,2026-02,RETRO,FAK Kinderzulagen wiederkehrend (3000),0.0,0.0,0.0,OK,
TF06,Zahnd Anita,2026-02,RETRO,FAK Zulagen einmalig (3001+3034),0.0,0.0,0.0,OK,
TF06,Zahnd Anita,2026-02,RETRO,UVG-Bruttolohn (UVG-LAA-GrossSalary),0.0,0.0,0.0,OK,
TF06,Zahnd Anita,2026-02,RETRO,UVG-Basis (UVG-LAA-BaseSalary),-20000.0,-20000.0,0.0,OK,
TF06,Zahnd Anita,2026-02,RETRO,UVGZ-Basis (UVGZ-LAAC-BaseSalary),-20000.0,-20000.0,0.0,OK,
TF06,Zahnd Anita,2026-02,RETRO,KTG-Referenzlohn (Reference-AHV-AVS-Salary),-15200.0,-15200.0,0.0,OK,
TF06,Zahnd Anita,2026-02,RETRO,"Lohnausweis Bruttolohn (GrossIncome, Ziff. 8)",0.0,0.0,0.0,OK,
TF06,Zahnd Anita,2026-02,RETRO,Lohnausweis BVG ordentlich (Ziff. 10.1 = 5050+1972),0.0,0.0,0.0,OK,
TF08,Lamon René,2026-02,RETRO,AHV-Basis (AHV-AVS-BaseSalary),41339.25,41339.25,0.0,OK,
TF08,Lamon René,2026-02,RETRO,FAK-Basis (FAK-CAF-ContributorySalary),41339.25,41339.25,0.0,OK,
TF08,Lamon René,2026-02,RETRO,FAK Kinderzulagen wiederkehrend (3000),0.0,0.0,0.0,OK,
TF08,Lamon René,2026-02,RETRO,FAK Zulagen einmalig (3001+3034),0.0,0.0,0.0,OK,
TF08,Lamon René,2026-02,RETRO,UVG-Bruttolohn (UVG-LAA-GrossSalary),41339.25,41339.25,0.0,OK,
TF08,Lamon René,2026-02,RETRO,UVG-Basis (UVG-LAA-BaseSalary),41339.25,41339.25,0.0,OK,
TF08,Lamon René,2026-02,RETRO,UVGZ-Basis (UVGZ-LAAC-BaseSalary),41339.25,41339.25,0.0,OK,
TF08,Lamon René,2026-02,RETRO,KTG-Referenzlohn (Reference-AHV-AVS-Salary),41339.25,41339.25,0.0,OK,
TF08,Lamon René,2026-02,RETRO,"Lohnausweis Bruttolohn (GrossIncome, Ziff. 8)",41339.25,41339.25,0.0,OK,
TF08,Lamon René,2026-02,RETRO,Lohnausweis BVG ordentlich (Ziff. 10.1 = 5050+1972),0.0,0.0,0.0,OK,
TF11,Bosshard Peter,2026-02,RETRO,AHV-Basis (AHV-AVS-BaseSalary),63900.0,63900.0,0.0,OK,
TF11,Bosshard Peter,2026-02,RETRO,FAK-Basis (FAK-CAF-ContributorySalary),63900.0,63900.0,0.0,OK,
TF11,Bosshard Peter,2026-02,RETRO,FAK Kinderzulagen wiederkehrend (3000),430.0,430.0,0.0,OK,
TF11,Bosshard Peter,2026-02,RETRO,FAK Zulagen einmalig (3001+3034),0.0,0.0,0.0,OK,
TF11,Bosshard Peter,2026-02,RETRO,UVG-Bruttolohn (UVG-LAA-GrossSalary),64330.0,64330.0,0.0,OK,
TF11,Bosshard Peter,2026-02,RETRO,UVG-Basis (UVG-LAA-BaseSalary),63900.0,63900.0,0.0,OK,
TF11,Bosshard Peter,2026-02,RETRO,UVGZ-Basis (UVGZ-LAAC-BaseSalary),127800.0,63900.0,63900.0,DIFF,
TF11,Bosshard Peter,2026-02,RETRO,KTG-Referenzlohn (Reference-AHV-AVS-Salary),127800.0,63900.0,63900.0,DIFF,
TF11,Bosshard Peter,2026-02,RETRO,"Lohnausweis Bruttolohn (GrossIncome, Ziff. 8)",64330.0,64330.0,0.0,OK,
TF11,Bosshard Peter,2026-02,RETRO,Lohnausweis BVG ordentlich (Ziff. 10.1 = 5050+1972),5289.65,5289.66,-0.01,OK,
TF13,Combertaldi Renato,2026-02,RETRO,AHV-Basis (AHV-AVS-BaseSalary),4400.0,4400.0,0.0,OK,
TF13,Combertaldi Renato,2026-02,RETRO,FAK-Basis (FAK-CAF-ContributorySalary),4400.0,4400.0,0.0,OK,
TF13,Combertaldi Renato,2026-02,RETRO,FAK Kinderzulagen wiederkehrend (3000),430.0,430.0,0.0,OK,
TF13,Combertaldi Renato,2026-02,RETRO,FAK Zulagen einmalig (3001+3034),0.0,0.0,0.0,OK,
TF13,Combertaldi Renato,2026-02,RETRO,UVG-Bruttolohn (UVG-LAA-GrossSalary),4830.0,4830.0,0.0,OK,
TF13,Combertaldi Renato,2026-02,RETRO,UVG-Basis (UVG-LAA-BaseSalary),4400.0,4400.0,0.0,OK,
TF13,Combertaldi Renato,2026-02,RETRO,UVGZ-Basis (UVGZ-LAAC-BaseSalary),4400.0,4400.0,0.0,OK,
TF13,Combertaldi Renato,2026-02,RETRO,KTG-Referenzlohn (Reference-AHV-AVS-Salary),4400.0,4400.0,0.0,OK,
TF13,Combertaldi Renato,2026-02,RETRO,"Lohnausweis Bruttolohn (GrossIncome, Ziff. 8)",4830.0,4830.0,0.0,OK,
TF13,Combertaldi Renato,2026-02,RETRO,Lohnausweis BVG ordentlich (Ziff. 10.1 = 5050+1972),308.0,308.0,0.0,OK,
TF14,Egli Anna,2026-02,RETRO,UVG-Bruttolohn (UVG-LAA-GrossSalary),5000.0,5000.0,0.0,OK,
TF14,Egli Anna,2026-02,RETRO,UVG-Basis (UVG-LAA-BaseSalary),5000.0,5000.0,0.0,OK,
TF14,Egli Anna,2026-02,RETRO,UVGZ-Basis (UVGZ-LAAC-BaseSalary),5000.0,5000.0,0.0,OK,
TF14,Egli Anna,2026-02,RETRO,KTG-Referenzlohn (Reference-AHV-AVS-Salary),5000.0,5000.0,0.0,OK,
TF14,Egli Anna,2026-02,RETRO,"Lohnausweis Bruttolohn (GrossIncome, Ziff. 8)",5000.0,5000.0,0.0,OK,
TF14,Egli Anna,2026-02,RETRO,Lohnausweis BVG ordentlich (Ziff. 10.1 = 5050+1972),0.0,0.0,0.0,OK,
TF18,Blanc Pierre,2026-02,RETRO,AHV-Basis (AHV-AVS-BaseSalary),2752.1,2752.1,0.0,OK,
TF18,Blanc Pierre,2026-02,RETRO,FAK-Basis (FAK-CAF-ContributorySalary),2752.1,2752.1,0.0,OK,
TF18,Blanc Pierre,2026-02,RETRO,FAK Kinderzulagen wiederkehrend (3000),0.0,0.0,0.0,OK,
TF18,Blanc Pierre,2026-02,RETRO,FAK Zulagen einmalig (3001+3034),0.0,0.0,0.0,OK,
TF18,Blanc Pierre,2026-02,RETRO,UVG-Bruttolohn (UVG-LAA-GrossSalary),2752.1,2752.1,0.0,OK,
TF18,Blanc Pierre,2026-02,RETRO,UVG-Basis (UVG-LAA-BaseSalary),2752.1,2752.1,0.0,OK,
TF18,Blanc Pierre,2026-02,RETRO,UVGZ-Basis (UVGZ-LAAC-BaseSalary),2752.1,2752.1,0.0,OK,
TF18,Blanc Pierre,2026-02,RETRO,KTG-Referenzlohn (Reference-AHV-AVS-Salary),2752.1,2752.1,0.0,OK,
TF18,Blanc Pierre,2026-02,RETRO,"Lohnausweis Bruttolohn (GrossIncome, Ziff. 8)",2752.1,2752.1,0.0,OK,
TF18,Blanc Pierre,2026-02,RETRO,Lohnausweis BVG ordentlich (Ziff. 10.1 = 5050+1972),178.35,178.36,-0.01,OK,
TF22,Bucher Elisabeth,2026-02,RETRO,AHV-Basis (AHV-AVS-BaseSalary),5346.9,5346.9,0.0,OK,
TF22,Bucher Elisabeth,2026-02,RETRO,FAK-Basis (FAK-CAF-ContributorySalary),5346.9,5346.9,0.0,OK,
TF22,Bucher Elisabeth,2026-02,RETRO,FAK Kinderzulagen wiederkehrend (3000),215.0,215.0,0.0,OK,
TF22,Bucher Elisabeth,2026-02,RETRO,FAK Zulagen einmalig (3001+3034),3000.0,3000.0,0.0,OK,
TF22,Bucher Elisabeth,2026-02,RETRO,UVG-Bruttolohn (UVG-LAA-GrossSalary),8561.9,8561.9,0.0,OK,
TF22,Bucher Elisabeth,2026-02,RETRO,UVG-Basis (UVG-LAA-BaseSalary),5346.9,5346.9,0.0,OK,
TF22,Bucher Elisabeth,2026-02,RETRO,UVGZ-Basis (UVGZ-LAAC-BaseSalary),5346.9,5346.9,0.0,OK,
TF22,Bucher Elisabeth,2026-02,RETRO,KTG-Referenzlohn (Reference-AHV-AVS-Salary),5346.9,5346.9,0.0,OK,
TF22,Bucher Elisabeth,2026-02,RETRO,"Lohnausweis Bruttolohn (GrossIncome, Ziff. 8)",8561.9,8561.9,0.0,OK,
TF22,Bucher Elisabeth,2026-02,RETRO,Lohnausweis BVG ordentlich (Ziff. 10.1 = 5050+1972),623.8,623.8,0.0,OK,
TF27,Rast Eva,2026-02,RETRO,AHV-Basis (AHV-AVS-BaseSalary),50000.0,50000.0,0.0,OK,
TF27,Rast Eva,2026-02,RETRO,FAK-Basis (FAK-CAF-ContributorySalary),50000.0,50000.0,0.0,OK,
TF27,Rast Eva,2026-02,RETRO,FAK Kinderzulagen wiederkehrend (3000),0.0,0.0,0.0,OK,
TF27,Rast Eva,2026-02,RETRO,FAK Zulagen einmalig (3001+3034),0.0,0.0,0.0,OK,
TF27,Rast Eva,2026-02,RETRO,UVG-Bruttolohn (UVG-LAA-GrossSalary),50000.0,50000.0,0.0,OK,
TF27,Rast Eva,2026-02,RETRO,UVG-Basis (UVG-LAA-BaseSalary),50000.0,50000.0,0.0,OK,
TF27,Rast Eva,2026-02,RETRO,UVGZ-Basis (UVGZ-LAAC-BaseSalary),50000.0,50000.0,0.0,OK,
TF27,Rast Eva,2026-02,RETRO,KTG-Referenzlohn (Reference-AHV-AVS-Salary),50000.0,50000.0,0.0,OK,
TF27,Rast Eva,2026-02,RETRO,"Lohnausweis Bruttolohn (GrossIncome, Ziff. 8)",50000.0,50000.0,0.0,OK,
TF27,Rast Eva,2026-02,RETRO,Lohnausweis BVG ordentlich (Ziff. 10.1 = 5050+1972),1600.0,1600.0,0.0,OK,
TF28,Arbenz Esther,2026-02,RETRO,AHV-Basis (AHV-AVS-BaseSalary),20000.0,20000.0,0.0,OK,
TF28,Arbenz Esther,2026-02,RETRO,FAK-Basis (FAK-CAF-ContributorySalary),20000.0,20000.0,0.0,OK,
TF28,Arbenz Esther,2026-02,RETRO,FAK Kinderzulagen wiederkehrend (3000),0.0,0.0,0.0,OK,
TF28,Arbenz Esther,2026-02,RETRO,FAK Zulagen einmalig (3001+3034),0.0,0.0,0.0,OK,
TF28,Arbenz Esther,2026-02,RETRO,UVG-Bruttolohn (UVG-LAA-GrossSalary),20000.0,20000.0,0.0,OK,
TF28,Arbenz Esther,2026-02,RETRO,UVG-Basis (UVG-LAA-BaseSalary),20000.0,20000.0,0.0,OK,
TF28,Arbenz Esther,2026-02,RETRO,UVGZ-Basis (UVGZ-LAAC-BaseSalary),20000.0,20000.0,0.0,OK,
TF28,Arbenz Esther,2026-02,RETRO,KTG-Referenzlohn (Reference-AHV-AVS-Salary),20000.0,20000.0,0.0,OK,
TF28,Arbenz Esther,2026-02,RETRO,"Lohnausweis Bruttolohn (GrossIncome, Ziff. 8)",20000.0,20000.0,0.0,OK,
TF28,Arbenz Esther,2026-02,RETRO,Lohnausweis BVG ordentlich (Ziff. 10.1 = 5050+1972),0.0,0.0,0.0,OK,
TF29,Forster Moreno,2026-02,RETRO,AHV-Basis (AHV-AVS-BaseSalary),22000.0,22000.0,0.0,OK,
TF29,Forster Moreno,2026-02,RETRO,FAK-Basis (FAK-CAF-ContributorySalary),22000.0,22000.0,0.0,OK,
TF29,Forster Moreno,2026-02,RETRO,FAK Kinderzulagen wiederkehrend (3000),0.0,0.0,0.0,OK,
TF29,Forster Moreno,2026-02,RETRO,FAK Zulagen einmalig (3001+3034),0.0,0.0,0.0,OK,
TF29,Forster Moreno,2026-02,RETRO,UVG-Bruttolohn (UVG-LAA-GrossSalary),22000.0,22000.0,0.0,OK,
TF29,Forster Moreno,2026-02,RETRO,UVG-Basis (UVG-LAA-BaseSalary),22000.0,22000.0,0.0,OK,
TF29,Forster Moreno,2026-02,RETRO,UVGZ-Basis (UVGZ-LAAC-BaseSalary),22000.0,22000.0,0.0,OK,
TF29,Forster Moreno,2026-02,RETRO,KTG-Referenzlohn (Reference-AHV-AVS-Salary),22000.0,22000.0,0.0,OK,
TF29,Forster Moreno,2026-02,RETRO,"Lohnausweis Bruttolohn (GrossIncome, Ziff. 8)",22000.0,22000.0,0.0,OK,
TF29,Forster Moreno,2026-02,RETRO,Lohnausweis BVG ordentlich (Ziff. 10.1 = 5050+1972),0.0,0.0,0.0,OK,
TF32,Armanini Laura,2026-02,RETRO,AHV-Basis (AHV-AVS-BaseSalary),10000.0,10000.0,0.0,OK,
TF32,Armanini Laura,2026-02,RETRO,FAK-Basis (FAK-CAF-ContributorySalary),10000.0,10000.0,0.0,OK,
TF32,Armanini Laura,2026-02,RETRO,FAK Kinderzulagen wiederkehrend (3000),0.0,0.0,0.0,OK,
TF32,Armanini Laura,2026-02,RETRO,FAK Zulagen einmalig (3001+3034),0.0,0.0,0.0,OK,
TF32,Armanini Laura,2026-02,RETRO,UVG-Bruttolohn (UVG-LAA-GrossSalary),10000.0,10000.0,0.0,OK,
TF32,Armanini Laura,2026-02,RETRO,UVG-Basis (UVG-LAA-BaseSalary),10000.0,10000.0,0.0,OK,
TF32,Armanini Laura,2026-02,RETRO,UVGZ-Basis (UVGZ-LAAC-BaseSalary),10000.0,10000.0,0.0,OK,
TF32,Armanini Laura,2026-02,RETRO,KTG-Referenzlohn (Reference-AHV-AVS-Salary),10000.0,10000.0,0.0,OK,
TF32,Armanini Laura,2026-02,RETRO,"Lohnausweis Bruttolohn (GrossIncome, Ziff. 8)",10000.0,10000.0,0.0,OK,
TF32,Armanini Laura,2026-02,RETRO,Lohnausweis BVG ordentlich (Ziff. 10.1 = 5050+1972),800.0,800.0,0.0,OK,
TF40,Farine Corinne,2026-02,RETRO,AHV-Basis (AHV-AVS-BaseSalary),8000.0,8000.0,0.0,OK,
TF40,Farine Corinne,2026-02,RETRO,FAK-Basis (FAK-CAF-ContributorySalary),8000.0,8000.0,0.0,OK,
TF40,Farine Corinne,2026-02,RETRO,FAK Kinderzulagen wiederkehrend (3000),644.0,644.0,0.0,OK,
TF40,Farine Corinne,2026-02,RETRO,FAK Zulagen einmalig (3001+3034),0.0,0.0,0.0,OK,
TF40,Farine Corinne,2026-02,RETRO,UVG-Bruttolohn (UVG-LAA-GrossSalary),8644.0,8644.0,0.0,OK,
TF40,Farine Corinne,2026-02,RETRO,UVG-Basis (UVG-LAA-BaseSalary),8000.0,8000.0,0.0,OK,
TF40,Farine Corinne,2026-02,RETRO,UVGZ-Basis (UVGZ-LAAC-BaseSalary),8000.0,8000.0,0.0,OK,
TF40,Farine Corinne,2026-02,RETRO,KTG-Referenzlohn (Reference-AHV-AVS-Salary),8000.0,8000.0,0.0,OK,
TF40,Farine Corinne,2026-02,RETRO,"Lohnausweis Bruttolohn (GrossIncome, Ziff. 8)",8644.0,8644.0,0.0,OK,
TF40,Farine Corinne,2026-02,RETRO,Lohnausweis BVG ordentlich (Ziff. 10.1 = 5050+1972),920.0,920.0,0.0,OK,
TF42,Peters Otto,2026-02,RETRO,AHV-Basis (AHV-AVS-BaseSalary),30000.0,30000.0,0.0,OK,
TF42,Peters Otto,2026-02,RETRO,FAK-Basis (FAK-CAF-ContributorySalary),30000.0,30000.0,0.0,OK,
TF42,Peters Otto,2026-02,RETRO,FAK Kinderzulagen wiederkehrend (3000),0.0,0.0,0.0,OK,
TF42,Peters Otto,2026-02,RETRO,FAK Zulagen einmalig (3001+3034),0.0,0.0,0.0,OK,
TF42,Peters Otto,2026-02,RETRO,UVG-Bruttolohn (UVG-LAA-GrossSalary),30000.0,30000.0,0.0,OK,
TF42,Peters Otto,2026-02,RETRO,UVG-Basis (UVG-LAA-BaseSalary),30000.0,30000.0,0.0,OK,
TF42,Peters Otto,2026-02,RETRO,UVGZ-Basis (UVGZ-LAAC-BaseSalary),30000.0,30000.0,0.0,OK,
TF42,Peters Otto,2026-02,RETRO,KTG-Referenzlohn (Reference-AHV-AVS-Salary),30000.0,30000.0,0.0,OK,
TF42,Peters Otto,2026-02,RETRO,"Lohnausweis Bruttolohn (GrossIncome, Ziff. 8)",30000.0,30000.0,0.0,OK,
TF42,Peters Otto,2026-02,RETRO,Lohnausweis BVG ordentlich (Ziff. 10.1 = 5050+1972),0.0,0.0,0.0,OK,
TF43,Ochsenbein Lea,2026-02,RETRO,AHV-Basis (AHV-AVS-BaseSalary),30000.0,30000.0,0.0,OK,
TF43,Ochsenbein Lea,2026-02,RETRO,FAK-Basis (FAK-CAF-ContributorySalary),30000.0,30000.0,0.0,OK,
TF43,Ochsenbein Lea,2026-02,RETRO,FAK Kinderzulagen wiederkehrend (3000),0.0,0.0,0.0,OK,
TF43,Ochsenbein Lea,2026-02,RETRO,FAK Zulagen einmalig (3001+3034),0.0,0.0,0.0,OK,
TF43,Ochsenbein Lea,2026-02,RETRO,UVG-Bruttolohn (UVG-LAA-GrossSalary),30000.0,30000.0,0.0,OK,
TF43,Ochsenbein Lea,2026-02,RETRO,UVG-Basis (UVG-LAA-BaseSalary),30000.0,30000.0,0.0,OK,
TF43,Ochsenbein Lea,2026-02,RETRO,UVGZ-Basis (UVGZ-LAAC-BaseSalary),30000.0,30000.0,0.0,OK,
TF43,Ochsenbein Lea,2026-02,RETRO,KTG-Referenzlohn (Reference-AHV-AVS-Salary),30000.0,30000.0,0.0,OK,
TF43,Ochsenbein Lea,2026-02,RETRO,"Lohnausweis Bruttolohn (GrossIncome, Ziff. 8)",30000.0,30000.0,0.0,OK,
TF43,Ochsenbein Lea,2026-02,RETRO,Lohnausweis BVG ordentlich (Ziff. 10.1 = 5050+1972),0.0,0.0,0.0,OK,
TF02,Paganini Maria,2026-02,MONTHLY,Statistik Grundlohn (GrossBaseSalaryAndRegularAllowance),1755.6,1755.6,0.0,OK,
TF02,Paganini Maria,2026-02,MONTHLY,Statistik Zulagen (Allowances),0.0,0.0,0.0,OK,
TF02,Paganini Maria,2026-02,MONTHLY,Statistik Familienzulagen (FamilyIncomeSupplement),215.0,215.0,0.0,OK,
TF02,Paganini Maria,2026-02,MONTHLY,Statistik Leistungen Dritter (PaymentsByThird),0.0,0.0,0.0,OK,
TF02,Paganini Maria,2026-02,MONTHLY,Statistik BVG-Beitrag AN (BVG-LPP-RegularContribution),0.0,-0.0,0.0,OK,
TF11,Bosshard Peter,2026-02,MONTHLY,Statistik Grundlohn (GrossBaseSalaryAndRegularAllowance),30500.0,31950.0,-1450.0,DIFF,
TF11,Bosshard Peter,2026-02,MONTHLY,Statistik Zulagen (Allowances),0.0,0.0,0.0,OK,
TF11,Bosshard Peter,2026-02,MONTHLY,Statistik Familienzulagen (FamilyIncomeSupplement),215.0,215.0,0.0,OK,
TF11,Bosshard Peter,2026-02,MONTHLY,Statistik Leistungen Dritter (PaymentsByThird),0.0,0.0,0.0,OK,
TF11,Bosshard Peter,2026-02,MONTHLY,Statistik BVG-Beitrag AN (BVG-LPP-RegularContribution),-2644.83,-2644.83,0.0,OK,
TF13,Combertaldi Renato,2026-02,MONTHLY,Statistik Grundlohn (GrossBaseSalaryAndRegularAllowance),2200.0,2200.0,0.0,OK,
TF13,Combertaldi Renato,2026-02,MONTHLY,Statistik Zulagen (Allowances),0.0,0.0,0.0,OK,
TF13,Combertaldi Renato,2026-02,MONTHLY,Statistik Familienzulagen (FamilyIncomeSupplement),215.0,215.0,0.0,OK,
TF13,Combertaldi Renato,2026-02,MONTHLY,Statistik Leistungen Dritter (PaymentsByThird),0.0,0.0,0.0,OK,
TF13,Combertaldi Renato,2026-02,MONTHLY,Statistik BVG-Beitrag AN (BVG-LPP-RegularContribution),-154.0,-154.0,0.0,OK,
TF14,Egli Anna,2026-02,MONTHLY,Statistik Grundlohn (GrossBaseSalaryAndRegularAllowance),2500.0,2500.0,0.0,OK,
TF14,Egli Anna,2026-02,MONTHLY,Statistik Zulagen (Allowances),0.0,0.0,0.0,OK,
TF14,Egli Anna,2026-02,MONTHLY,Statistik Familienzulagen (FamilyIncomeSupplement),0.0,0.0,0.0,OK,
TF14,Egli Anna,2026-02,MONTHLY,Statistik Leistungen Dritter (PaymentsByThird),0.0,0.0,0.0,OK,
TF14,Egli Anna,2026-02,MONTHLY,Statistik BVG-Beitrag AN (BVG-LPP-RegularContribution),0.0,-0.0,0.0,OK,
TF18,Blanc Pierre,2026-02,MONTHLY,Statistik Grundlohn (GrossBaseSalaryAndRegularAllowance),1376.05,1376.05,0.0,OK,
TF18,Blanc Pierre,2026-02,MONTHLY,Statistik Zulagen (Allowances),0.0,0.0,0.0,OK,
TF18,Blanc Pierre,2026-02,MONTHLY,Statistik Familienzulagen (FamilyIncomeSupplement),0.0,0.0,0.0,OK,
TF18,Blanc Pierre,2026-02,MONTHLY,Statistik Leistungen Dritter (PaymentsByThird),0.0,0.0,0.0,OK,
TF18,Blanc Pierre,2026-02,MONTHLY,Statistik BVG-Beitrag AN (BVG-LPP-RegularContribution),-89.18,-89.18,0.0,OK,
TF18,Blanc Pierre,2026-02,MONTHLY,QST steuerbarer Lohn BE B0Y (TaxableEarning),1376.05,1376.05,0.0,OK,"Satz-Lohn 5669.35, QST 114.05"
TF22,Bucher Elisabeth,2026-02,MONTHLY,Statistik Grundlohn (GrossBaseSalaryAndRegularAllowance),3774.3,3774.3,0.0,OK,
TF22,Bucher Elisabeth,2026-02,MONTHLY,Statistik Zulagen (Allowances),0.0,0.0,0.0,OK,
TF22,Bucher Elisabeth,2026-02,MONTHLY,Statistik Familienzulagen (FamilyIncomeSupplement),215.0,3215.0,-3000.0,DIFF,
TF22,Bucher Elisabeth,2026-02,MONTHLY,Statistik Leistungen Dritter (PaymentsByThird),0.0,0.0,0.0,OK,
TF22,Bucher Elisabeth,2026-02,MONTHLY,Statistik BVG-Beitrag AN (BVG-LPP-RegularContribution),-311.9,-311.9,0.0,OK,
TF22,Bucher Elisabeth,2026-02,MONTHLY,QST steuerbarer Lohn TI C0N (TaxableEarning),6989.3,6989.3,0.0,OK,"Satz-Lohn 3030.95, QST 236.60"
TF27,Rast Eva,2026-02,MONTHLY,Statistik Grundlohn (GrossBaseSalaryAndRegularAllowance),10000.0,10000.0,0.0,OK,
TF27,Rast Eva,2026-02,MONTHLY,Statistik Zulagen (Allowances),0.0,0.0,0.0,OK,
TF27,Rast Eva,2026-02,MONTHLY,Statistik Familienzulagen (FamilyIncomeSupplement),0.0,0.0,0.0,OK,
TF27,Rast Eva,2026-02,MONTHLY,Statistik Leistungen Dritter (PaymentsByThird),0.0,0.0,0.0,OK,
TF27,Rast Eva,2026-02,MONTHLY,Statistik BVG-Beitrag AN (BVG-LPP-RegularContribution),-800.0,-800.0,0.0,OK,
TF27,Rast Eva,2026-02,MONTHLY,QST steuerbarer Lohn BE L0N (TaxableEarning),40000.0,40000.0,0.0,OK,"Satz-Lohn 40000.00, QST 1800.00"
TF28,Arbenz Esther,2026-02,MONTHLY,QST steuerbarer Lohn BE A0Y (TaxableEarning),9625.0,15000.0,-5375.0,DIFF,"Satz-Lohn 31000.00, QST 2839.40"
TF29,Forster Moreno,2026-02,MONTHLY,QST steuerbarer Lohn BE A0Y (TaxableEarning),9625.0,15000.0,-5375.0,DIFF,"Satz-Lohn 15000.00, QST 2049.15"
TF29,Forster Moreno,2026-02,MONTHLY,QST steuerbarer Lohn TI A0Y (TaxableEarning),0.0,15000.0,-15000.0,DIFF,"Satz-Lohn 0.00, QST 0.00"
TF32,Armanini Laura,2026-02,MONTHLY,Statistik Grundlohn (GrossBaseSalaryAndRegularAllowance),5000.0,5000.0,0.0,OK,
TF32,Armanini Laura,2026-02,MONTHLY,Statistik Zulagen (Allowances),0.0,0.0,0.0,OK,
TF32,Armanini Laura,2026-02,MONTHLY,Statistik Familienzulagen (FamilyIncomeSupplement),0.0,0.0,0.0,OK,
TF32,Armanini Laura,2026-02,MONTHLY,Statistik Leistungen Dritter (PaymentsByThird),0.0,0.0,0.0,OK,
TF32,Armanini Laura,2026-02,MONTHLY,Statistik BVG-Beitrag AN (BVG-LPP-RegularContribution),-400.0,-400.0,0.0,OK,
TF32,Armanini Laura,2026-02,MONTHLY,QST steuerbarer Lohn BE B0Y (TaxableEarning),5000.0,5000.0,0.0,OK,"Satz-Lohn 5000.00, QST 346.00"
TF40,Farine Corinne,2026-02,MONTHLY,Statistik Grundlohn (GrossBaseSalaryAndRegularAllowance),4000.0,4000.0,0.0,OK,
TF40,Farine Corinne,2026-02,MONTHLY,Statistik Zulagen (Allowances),0.0,0.0,0.0,OK,
TF40,Farine Corinne,2026-02,MONTHLY,Statistik Familienzulagen (FamilyIncomeSupplement),322.0,322.0,0.0,OK,
TF40,Farine Corinne,2026-02,MONTHLY,Statistik Leistungen Dritter (PaymentsByThird),0.0,0.0,0.0,OK,
TF40,Farine Corinne,2026-02,MONTHLY,Statistik BVG-Beitrag AN (BVG-LPP-RegularContribution),-460.0,-460.0,0.0,OK,
TF40,Farine Corinne,2026-02,MONTHLY,QST steuerbarer Lohn VD A2N (TaxableEarning),4322.0,4322.0,0.0,OK,"Satz-Lohn 4322.00, QST 32.40"
TF42,Peters Otto,2026-02,MONTHLY,QST steuerbarer Lohn TI A0N (TaxableEarning),20000.0,30000.0,-10000.0,DIFF,"Satz-Lohn 9166.65, QST 2800.00"
TF43,Ochsenbein Lea,2026-02,MONTHLY,QST steuerbarer Lohn BE A0Y (TaxableEarning),20000.0,30000.0,-10000.0,DIFF,"Satz-Lohn 36666.70, QST 6184.00"
TF04,Fankhauser Markus,2026-02,MONTHLY,Person fehlt im XML,0.0,40000.0,-40000.0,DIFF,"CSV hat Lohn im Monat, MONTHLY ohne Person"
TF05,Moser Johann,2026-02,MONTHLY,Person fehlt im XML,0.0,6000.0,-6000.0,DIFF,"CSV hat Lohn im Monat, MONTHLY ohne Person"
TF08,Lamon René,2026-02,MONTHLY,Person fehlt im XML,0.0,21339.25,-21339.25,DIFF,"CSV hat Lohn im Monat, MONTHLY ohne Person"
